"slug","url","status","product_image_count","title","sample_product_images"
"redtee2-8pgh6","https://www.augnach.com/shop/p/redtee2-8pgh6","200","7","Christmas Tree - Festive PLA Decoration","https://images.squarespace-cdn.com/content/v1/6914262184e7d41fe3ac8966/47372cf4-d7f1-4a03-b787-dd62abf3d9e0/IMG_5537.jpg | https://images.squarespace-cdn.com/content/v1/6914262184e7d41fe3ac8966/9cf9be49-008c-494e-9850-2499ab2b14fa/IMG_5538.jpg | https://images.squarespace-cdn.com/content/v1/6914262184e7d41fe3ac8966/ab802786-c343-4ddc-a89b-f6718ea5d596/IMG_5535.jpg | https://images.squarespace-cdn.com/content/v1/6914262184e7d41fe3ac8966/d10dc420-f57b-4aa4-8bba-6c5045a673e2/IMG_5533.jpg | https://images.squarespace-cdn.com/content/v1/6914262184e7d41fe3ac8966/d10dc420-f57b-4aa4-8bba-6c5045a673e2/IMG_5533.jpg&quot;,&quot;mediaFocalPoint&quot;:{&quot;x&quot;:0.5,&quot;y&quot;:0.5,&quot;source&quot;:3}},&quot;fullUrl&quot;:&quot;/shop/p/redtee2-8pgh6&quot;,&quot;urlSlug&quot;:&quot;redtee2-8pgh6&quot;,&quot;qtyInStock&quot;:9223372036854775807,&quot;allowMultiplePurchase&quot;:true,&quot;scarce&quot;:false,&quot;published&quot;:true,&quot;tags&quot;:[],&quot;mightHavePaymentPlan&quot;:false},&quot;productMerchandisingContext&quot;:{&quot;locale&quot;:&quot;en-US&quot;,&quot;showSoldOutOnVariantsDropdown&quot;:true,&quot;expressCheckout&quot;:false,&quot;pinterestOverlayEnabled&quot;:false,&quot;paymentMethodsContext&quot;:{&quot;stripeLocale&quot;:&quot;en&quot;,&quot;countryCode&quot;:&quot;US&quot;,&quot;stripeApiKey&quot;:&quot;pk_live_51MqGBrAbji8SEGIz5GA5MLiQVjOplxrZogrlgn537eHL7HMvPnF6hEE7NAQMEn9QfLnHEIHKPBdtG8nIEZjTa94m00qlZbeOJW&quot;},&quot;productReviewsContext&quot;:{&quot;productReviewsEnabled&quot;:false,&quot;displayNativeProductReviewsEnabled&quot;:false,&quot;displayImportedProductReviewsEnabled&quot;:false}},&quot;productAddOnsContext&quot;:{&quot;productAddOns&quot;:[]},&quot;collection&quot;:{&quot;id&quot;:&quot;6914262184e7d41fe3ac89a5&quot;,&quot;websiteId&quot;:&quot;6914262184e7d41fe3ac8966&quot;,&quot;title&quot;:&quot;SHOP&quot;,&quot;fullUrl&quot;:&quot;/shop&quot;},&quot;uiExtensionsContext&quot;:{&quot;product-badge&quot;:&quot;sqs-uiextensions-product-badge&quot;,&quot;product-body&quot;:&quot;sqs-uiextensions-product-body&quot;,&quot;product-badge-mobile&quot;:&quot;sqs-uiextensions-product-badge-mobile&quot;,&quot;product-body-mobile&quot;:&quot;sqs-uiextensions-product-body-mobile&quot;,&quot;product-collection-item&quot;:&quot;sqs-uiextensions-product-collection-item&quot;,&quot;scripts-enabled&quot;:false},&quot;recaptchaEnterpriseContext&quot;:{&quot;recaptchaEnterpriseSiteKey&quot;:&quot;6LdDFQwjAAAAAPigEvvPgEVbb7QBm-TkVJdDTlAv&quot;},&quot;modernizedPdpM2Enabled&quot;:true,&quot;flaggingContext&quot;:{&quot;isModernizedPdpM3LayoutUxEnabled&quot;:true,&quot;isModernizedPdpM2Enabled&quot;:true,&quot;isCommerceProductPaymentPlanEnabled&quot;:true,&quot;isProductListFiltersV2SeparateCategoriesEnabled&quot;:false}} | https://images.squarespace-cdn.com/content/v1/6914262184e7d41fe3ac8966/d10dc420-f57b-4aa4-8bba-6c5045a673e2/IMG_5533.jpg&quot;,&quot;mediaFocalPoint&quot;:{&quot;x&quot;:0.5,&quot;y&quot;:0.5,&quot;source&quot;:3}},{&quot;title&quot;:&quot;IMG_5535.jpg&quot;,&quot;originalSize&quot;:&quot;3024x4032&quot;,&quot;assetUrl&quot;:&quot;https://images.squarespace-cdn.com/content/v1/6914262184e7d41fe3ac8966/ab802786-c343-4ddc-a89b-f6718ea5d596/IMG_5535.jpg&quot;,&quot;mediaFocalPoint&quot;:{&quot;x&quot;:0.5,&quot;y&quot;:0.5,&quot;source&quot;:3}},{&quot;title&quot;:&quot;IMG_5536.jpg&quot;,&quot;originalSize&quot;:&quot;3024x4032&quot;,&quot;assetUrl&quot;:&quot;https://images.squarespace-cdn.com/content/v1/6914262184e7d41fe3ac8966/f77782ac-9759-42c6-a2d3-13970586aeda/IMG_5536.jpg&quot;,&quot;mediaFocalPoint&quot;:{&quot;x&quot;:0.5,&quot;y&quot;:0.5,&quot;source&quot;:3}},{&quot;title&quot;:&quot;IMG_5537.jpg&quot;,&quot;originalSize&quot;:&quot;3024x4032&quot;,&quot;assetUrl&quot;:&quot;https://images.squarespace-cdn.com/content/v1/6914262184e7d41fe3ac8966/47372cf4-d7f1-4a03-b787-dd62abf3d9e0/IMG_5537.jpg&quot;,&quot;mediaFocalPoint&quot;:{&quot;x&quot;:0.5,&quot;y&quot;:0.5,&quot;source&quot;:3}},{&quot;title&quot;:&quot;IMG_5538.jpg&quot;,&quot;originalSize&quot;:&quot;3024x4032&quot;,&quot;assetUrl&quot;:&quot;https://images.squarespace-cdn.com/content/v1/6914262184e7d41fe3ac8966/9cf9be49-008c-494e-9850-2499ab2b14fa/IMG_5538.jpg&quot;,&quot;mediaFocalPoint&quot;:{&quot;x&quot;:0.5,&quot;y&quot;:0.5,&quot;source&quot;:3}}],&quot;mainImage&quot;:{&quot;title&quot;:&quot;Christmas | https://images.squarespace-cdn.com/content/v1/6914262184e7d41fe3ac8966/f77782ac-9759-42c6-a2d3-13970586aeda/IMG_5536.jpg"
"redtee2-8pgh6-e9hl7","https://www.augnach.com/shop/p/redtee2-8pgh6-e9hl7","200","5","Dino Buddy - Brachio Toy","https://images.squarespace-cdn.com/content/v1/6914262184e7d41fe3ac8966/9bbd3aa5-9f49-4a05-9170-b9adfe44ce5f/IMG_5540.jpeg | https://images.squarespace-cdn.com/content/v1/6914262184e7d41fe3ac8966/9bbd3aa5-9f49-4a05-9170-b9adfe44ce5f/IMG_5540.jpeg&quot;,&quot;mediaFocalPoint&quot;:{&quot;x&quot;:0.5,&quot;y&quot;:0.5,&quot;source&quot;:3}},{&quot;title&quot;:&quot;IMG_5539.jpeg&quot;,&quot;originalSize&quot;:&quot;3024x4032&quot;,&quot;assetUrl&quot;:&quot;https://images.squarespace-cdn.com/content/v1/6914262184e7d41fe3ac8966/a4550e68-17f6-47a5-ad98-26b7fcc701ba/IMG_5539.jpeg&quot;,&quot;mediaFocalPoint&quot;:{&quot;x&quot;:0.5,&quot;y&quot;:0.5,&quot;source&quot;:3}},{&quot;title&quot;:&quot;IMG_5542.jpeg&quot;,&quot;originalSize&quot;:&quot;3024x4032&quot;,&quot;assetUrl&quot;:&quot;https://images.squarespace-cdn.com/content/v1/6914262184e7d41fe3ac8966/cba0ce0e-7402-42c9-8bdc-3e51ef9e64af/IMG_5542.jpeg&quot;,&quot;mediaFocalPoint&quot;:{&quot;x&quot;:0.5,&quot;y&quot;:0.5,&quot;source&quot;:3}},{&quot;title&quot;:&quot;IMG_5541.jpeg&quot;,&quot;originalSize&quot;:&quot;3024x4032&quot;,&quot;assetUrl&quot;:&quot;https://images.squarespace-cdn.com/content/v1/6914262184e7d41fe3ac8966/fad508ac-6877-4ebe-abcc-2cd621e10bdd/IMG_5541.jpeg&quot;,&quot;mediaFocalPoint&quot;:{&quot;x&quot;:0.5,&quot;y&quot;:0.5,&quot;source&quot;:3}}],&quot;fullUrl&quot;:&quot;/shop/p/redtee2-8pgh6-e9hl7&quot;,&quot;urlSlug&quot;:&quot;redtee2-8pgh6-e9hl7&quot;,&quot;qtyInStock&quot;:9223372036854775807,&quot;allowMultiplePurchase&quot;:true,&quot;scarce&quot;:false,&quot;published&quot;:true,&quot;tags&quot;:[],&quot;mightHavePaymentPlan&quot;:false},&quot;productMerchandisingContext&quot;:{&quot;locale&quot;:&quot;en-US&quot;,&quot;showSoldOutOnVariantsDropdown&quot;:true,&quot;expressCheckout&quot;:false,&quot;pinterestOverlayEnabled&quot;:false,&quot;paymentMethodsContext&quot;:{&quot;stripeLocale&quot;:&quot;en&quot;,&quot;countryCode&quot;:&quot;US&quot;,&quot;stripeApiKey&quot;:&quot;pk_live_51MqGBrAbji8SEGIz5GA5MLiQVjOplxrZogrlgn537eHL7HMvPnF6hEE7NAQMEn9QfLnHEIHKPBdtG8nIEZjTa94m00qlZbeOJW&quot;},&quot;productReviewsContext&quot;:{&quot;productReviewsEnabled&quot;:false,&quot;displayNativeProductReviewsEnabled&quot;:false,&quot;displayImportedProductReviewsEnabled&quot;:false}},&quot;productAddOnsContext&quot;:{&quot;productAddOns&quot;:[]},&quot;collection&quot;:{&quot;id&quot;:&quot;6914262184e7d41fe3ac89a5&quot;,&quot;websiteId&quot;:&quot;6914262184e7d41fe3ac8966&quot;,&quot;title&quot;:&quot;SHOP&quot;,&quot;fullUrl&quot;:&quot;/shop&quot;},&quot;uiExtensionsContext&quot;:{&quot;product-badge&quot;:&quot;sqs-uiextensions-product-badge&quot;,&quot;product-body&quot;:&quot;sqs-uiextensions-product-body&quot;,&quot;product-badge-mobile&quot;:&quot;sqs-uiextensions-product-badge-mobile&quot;,&quot;product-body-mobile&quot;:&quot;sqs-uiextensions-product-body-mobile&quot;,&quot;product-collection-item&quot;:&quot;sqs-uiextensions-product-collection-item&quot;,&quot;scripts-enabled&quot;:false},&quot;recaptchaEnterpriseContext&quot;:{&quot;recaptchaEnterpriseSiteKey&quot;:&quot;6LdDFQwjAAAAAPigEvvPgEVbb7QBm-TkVJdDTlAv&quot;},&quot;modernizedPdpM2Enabled&quot;:true,&quot;flaggingContext&quot;:{&quot;isModernizedPdpM3LayoutUxEnabled&quot;:true,&quot;isModernizedPdpM2Enabled&quot;:true,&quot;isCommerceProductPaymentPlanEnabled&quot;:true,&quot;isProductListFiltersV2SeparateCategoriesEnabled&quot;:false}} | https://images.squarespace-cdn.com/content/v1/6914262184e7d41fe3ac8966/a4550e68-17f6-47a5-ad98-26b7fcc701ba/IMG_5539.jpeg | https://images.squarespace-cdn.com/content/v1/6914262184e7d41fe3ac8966/cba0ce0e-7402-42c9-8bdc-3e51ef9e64af/IMG_5542.jpeg | https://images.squarespace-cdn.com/content/v1/6914262184e7d41fe3ac8966/fad508ac-6877-4ebe-abcc-2cd621e10bdd/IMG_5541.jpeg"
"3d-printed-dragon-dice-tower-with-matching-dice-fantasy-tabletop-accessory","https://www.augnach.com/shop/p/3d-printed-dragon-dice-tower-with-matching-dice-fantasy-tabletop-accessory","200","17","Dragon Dice Tower with Matching Dice - Fantasy Tabletop Accessory","https://images.squarespace-cdn.com/content/v1/6914262184e7d41fe3ac8966/07adb7d5-02fb-4e9d-94bf-1926082ee0d7/IMG_5556.jpeg | https://images.squarespace-cdn.com/content/v1/6914262184e7d41fe3ac8966/1167ac27-8f65-4024-83b0-2c6a98a6d937/IMG_5558.jpeg | https://images.squarespace-cdn.com/content/v1/6914262184e7d41fe3ac8966/193818f7-bdfa-48a2-9889-1aa0be7781da/IMG_5548.jpeg | https://images.squarespace-cdn.com/content/v1/6914262184e7d41fe3ac8966/1ea9e8f7-5079-4ebc-8ee3-b5c1067db64b/IMG_5549.jpeg | https://images.squarespace-cdn.com/content/v1/6914262184e7d41fe3ac8966/35f028f1-64ef-4c4e-a8dd-befe7d969eb3/IMG_5554.jpeg | https://images.squarespace-cdn.com/content/v1/6914262184e7d41fe3ac8966/81276343-cc09-429b-89c5-0a53efa54567/IMG_5551.jpeg | https://images.squarespace-cdn.com/content/v1/6914262184e7d41fe3ac8966/8c6720d6-b678-458a-a4e2-de9f5e6ea158/IMG_5553.jpeg | https://images.squarespace-cdn.com/content/v1/6914262184e7d41fe3ac8966/8d20331f-7926-4365-aebd-41841097d897/IMG_5561.jpeg"
"3d-printed-articulated-dragon-flexible-fidget-toy-desk-display","https://www.augnach.com/shop/p/3d-printed-articulated-dragon-flexible-fidget-toy-desk-display","200","10","Articulated Dragon - Flexible Fidget Toy & Desk Display","https://images.squarespace-cdn.com/content/v1/6914262184e7d41fe3ac8966/19c6139f-300e-40de-b585-17a116a93e7d/IMG_5564.jpeg | https://images.squarespace-cdn.com/content/v1/6914262184e7d41fe3ac8966/2661ee2d-a257-4c04-ac46-2ed169226cb1/IMG_5571.jpeg | https://images.squarespace-cdn.com/content/v1/6914262184e7d41fe3ac8966/4bf3ee54-808e-49c5-ae54-4a23c555f78d/IMG_5566.jpeg | https://images.squarespace-cdn.com/content/v1/6914262184e7d41fe3ac8966/4e017214-c9bf-4452-bce2-4d306dcc3487/IMG_5563.jpeg | https://images.squarespace-cdn.com/content/v1/6914262184e7d41fe3ac8966/60935726-d721-457e-b534-39eebbcbcfe6/IMG_5567.jpeg | https://images.squarespace-cdn.com/content/v1/6914262184e7d41fe3ac8966/61785b82-1c62-413f-a847-9f224eda728d/IMG_5570.jpeg | https://images.squarespace-cdn.com/content/v1/6914262184e7d41fe3ac8966/6d5a7625-4a00-4f91-a374-aaa0a5af1322/IMG_5568.jpeg | https://images.squarespace-cdn.com/content/v1/6914262184e7d41fe3ac8966/87fa9cef-858b-4fc2-be85-ae097e9c3734/IMG_5569.jpeg"
"3d-printed-acorn-storage-container-lift-off-lid-mini-holder","https://www.augnach.com/shop/p/3d-printed-acorn-storage-container-lift-off-lid-mini-holder","200","6","Acorn Storage Container - Lift-Off Lid Mini Holder","https://images.squarespace-cdn.com/content/v1/6914262184e7d41fe3ac8966/66423f34-0fbc-4ca7-812e-804073464376/IMG_5579.jpeg | https://images.squarespace-cdn.com/content/v1/6914262184e7d41fe3ac8966/85d6423b-045e-48b7-925b-c1ccbf8941b2/IMG_5580.jpeg | https://images.squarespace-cdn.com/content/v1/6914262184e7d41fe3ac8966/85d6423b-045e-48b7-925b-c1ccbf8941b2/IMG_5580.jpeg&quot;,&quot;mediaFocalPoint&quot;:{&quot;x&quot;:0.5,&quot;y&quot;:0.5,&quot;source&quot;:3}},{&quot;title&quot;:&quot;IMG_5581.jpeg&quot;,&quot;originalSize&quot;:&quot;3024x4032&quot;,&quot;assetUrl&quot;:&quot;https://images.squarespace-cdn.com/content/v1/6914262184e7d41fe3ac8966/d46539e2-0f03-40c5-86a4-5ebba921789f/IMG_5581.jpeg&quot;,&quot;mediaFocalPoint&quot;:{&quot;x&quot;:0.5,&quot;y&quot;:0.5,&quot;source&quot;:3}},{&quot;title&quot;:&quot;IMG_5582.jpeg&quot;,&quot;originalSize&quot;:&quot;4284x5712&quot;,&quot;assetUrl&quot;:&quot;https://images.squarespace-cdn.com/content/v1/6914262184e7d41fe3ac8966/f8070950-f01d-4004-a66d-b7e25d7c83f8/IMG_5582.jpeg&quot;,&quot;mediaFocalPoint&quot;:{&quot;x&quot;:0.5,&quot;y&quot;:0.5,&quot;source&quot;:3}},{&quot;title&quot;:&quot;IMG_5583.jpeg&quot;,&quot;originalSize&quot;:&quot;3024x4032&quot;,&quot;assetUrl&quot;:&quot;https://images.squarespace-cdn.com/content/v1/6914262184e7d41fe3ac8966/e58df535-64de-46a6-92c4-09b4db64ae1d/IMG_5583.jpeg&quot;,&quot;mediaFocalPoint&quot;:{&quot;x&quot;:0.5,&quot;y&quot;:0.5,&quot;source&quot;:3}},{&quot;title&quot;:&quot;IMG_5579.jpeg&quot;,&quot;originalSize&quot;:&quot;3024x4032&quot;,&quot;assetUrl&quot;:&quot;https://images.squarespace-cdn.com/content/v1/6914262184e7d41fe3ac8966/66423f34-0fbc-4ca7-812e-804073464376/IMG_5579.jpeg&quot;,&quot;mediaFocalPoint&quot;:{&quot;x&quot;:0.5,&quot;y&quot;:0.5,&quot;source&quot;:3}}],&quot;fullUrl&quot;:&quot;/shop/p/3d-printed-acorn-storage-container-lift-off-lid-mini-holder&quot;,&quot;urlSlug&quot;:&quot;3d-printed-acorn-storage-container-lift-off-lid-mini-holder&quot;,&quot;qtyInStock&quot;:9223372036854775807,&quot;allowMultiplePurchase&quot;:true,&quot;scarce&quot;:false,&quot;published&quot;:true,&quot;tags&quot;:[],&quot;mightHavePaymentPlan&quot;:false},&quot;productMerchandisingContext&quot;:{&quot;locale&quot;:&quot;en-US&quot;,&quot;showSoldOutOnVariantsDropdown&quot;:true,&quot;expressCheckout&quot;:false,&quot;pinterestOverlayEnabled&quot;:false,&quot;paymentMethodsContext&quot;:{&quot;stripeLocale&quot;:&quot;en&quot;,&quot;countryCode&quot;:&quot;US&quot;,&quot;stripeApiKey&quot;:&quot;pk_live_51MqGBrAbji8SEGIz5GA5MLiQVjOplxrZogrlgn537eHL7HMvPnF6hEE7NAQMEn9QfLnHEIHKPBdtG8nIEZjTa94m00qlZbeOJW&quot;},&quot;productReviewsContext&quot;:{&quot;productReviewsEnabled&quot;:false,&quot;displayNativeProductReviewsEnabled&quot;:false,&quot;displayImportedProductReviewsEnabled&quot;:false}},&quot;productAddOnsContext&quot;:{&quot;productAddOns&quot;:[]},&quot;collection&quot;:{&quot;id&quot;:&quot;6914262184e7d41fe3ac89a5&quot;,&quot;websiteId&quot;:&quot;6914262184e7d41fe3ac8966&quot;,&quot;title&quot;:&quot;SHOP&quot;,&quot;fullUrl&quot;:&quot;/shop&quot;},&quot;uiExtensionsContext&quot;:{&quot;product-badge&quot;:&quot;sqs-uiextensions-product-badge&quot;,&quot;product-body&quot;:&quot;sqs-uiextensions-product-body&quot;,&quot;product-badge-mobile&quot;:&quot;sqs-uiextensions-product-badge-mobile&quot;,&quot;product-body-mobile&quot;:&quot;sqs-uiextensions-product-body-mobile&quot;,&quot;product-collection-item&quot;:&quot;sqs-uiextensions-product-collection-item&quot;,&quot;scripts-enabled&quot;:false},&quot;recaptchaEnterpriseContext&quot;:{&quot;recaptchaEnterpriseSiteKey&quot;:&quot;6LdDFQwjAAAAAPigEvvPgEVbb7QBm-TkVJdDTlAv&quot;},&quot;modernizedPdpM2Enabled&quot;:true,&quot;flaggingContext&quot;:{&quot;isModernizedPdpM3LayoutUxEnabled&quot;:true,&quot;isModernizedPdpM2Enabled&quot;:true,&quot;isCommerceProductPaymentPlanEnabled&quot;:true,&quot;isProductListFiltersV2SeparateCategoriesEnabled&quot;:false}} | https://images.squarespace-cdn.com/content/v1/6914262184e7d41fe3ac8966/d46539e2-0f03-40c5-86a4-5ebba921789f/IMG_5581.jpeg | https://images.squarespace-cdn.com/content/v1/6914262184e7d41fe3ac8966/e58df535-64de-46a6-92c4-09b4db64ae1d/IMG_5583.jpeg | https://images.squarespace-cdn.com/content/v1/6914262184e7d41fe3ac8966/f8070950-f01d-4004-a66d-b7e25d7c83f8/IMG_5582.jpeg"
"3d-printed-santa-claus-treat-bowl-holiday-candy-or-snack-holder","https://www.augnach.com/shop/p/3d-printed-santa-claus-treat-bowl-holiday-candy-or-snack-holder","200","4","Santa Claus Treat Bowl - Holiday Candy or Snack Holder","https://images.squarespace-cdn.com/content/v1/6914262184e7d41fe3ac8966/3c0cb3bf-6d52-4617-b9c1-e3bb0846ad27/IMG_5586.jpeg | https://images.squarespace-cdn.com/content/v1/6914262184e7d41fe3ac8966/5fd8a9be-420c-4677-820d-69b5eab306f7/IMG_5585.jpeg | https://images.squarespace-cdn.com/content/v1/6914262184e7d41fe3ac8966/bf43b41d-1575-4ed4-85ab-2f69a1ffbf6f/IMG_5584.jpeg | https://images.squarespace-cdn.com/content/v1/6914262184e7d41fe3ac8966/bf43b41d-1575-4ed4-85ab-2f69a1ffbf6f/IMG_5584.jpeg&quot;,&quot;mediaFocalPoint&quot;:{&quot;x&quot;:0.5,&quot;y&quot;:0.5,&quot;source&quot;:3}},{&quot;title&quot;:&quot;IMG_5585.jpeg&quot;,&quot;originalSize&quot;:&quot;3024x4032&quot;,&quot;assetUrl&quot;:&quot;https://images.squarespace-cdn.com/content/v1/6914262184e7d41fe3ac8966/5fd8a9be-420c-4677-820d-69b5eab306f7/IMG_5585.jpeg&quot;,&quot;mediaFocalPoint&quot;:{&quot;x&quot;:0.5,&quot;y&quot;:0.5,&quot;source&quot;:3}},{&quot;title&quot;:&quot;IMG_5586.jpeg&quot;,&quot;originalSize&quot;:&quot;3024x4032&quot;,&quot;assetUrl&quot;:&quot;https://images.squarespace-cdn.com/content/v1/6914262184e7d41fe3ac8966/3c0cb3bf-6d52-4617-b9c1-e3bb0846ad27/IMG_5586.jpeg&quot;,&quot;mediaFocalPoint&quot;:{&quot;x&quot;:0.5,&quot;y&quot;:0.5,&quot;source&quot;:3}}],&quot;fullUrl&quot;:&quot;/shop/p/3d-printed-santa-claus-treat-bowl-holiday-candy-or-snack-holder&quot;,&quot;urlSlug&quot;:&quot;3d-printed-santa-claus-treat-bowl-holiday-candy-or-snack-holder&quot;,&quot;qtyInStock&quot;:9223372036854775807,&quot;allowMultiplePurchase&quot;:true,&quot;scarce&quot;:false,&quot;published&quot;:true,&quot;tags&quot;:[],&quot;mightHavePaymentPlan&quot;:false},&quot;productMerchandisingContext&quot;:{&quot;locale&quot;:&quot;en-US&quot;,&quot;showSoldOutOnVariantsDropdown&quot;:true,&quot;expressCheckout&quot;:false,&quot;pinterestOverlayEnabled&quot;:false,&quot;paymentMethodsContext&quot;:{&quot;stripeLocale&quot;:&quot;en&quot;,&quot;countryCode&quot;:&quot;US&quot;,&quot;stripeApiKey&quot;:&quot;pk_live_51MqGBrAbji8SEGIz5GA5MLiQVjOplxrZogrlgn537eHL7HMvPnF6hEE7NAQMEn9QfLnHEIHKPBdtG8nIEZjTa94m00qlZbeOJW&quot;},&quot;productReviewsContext&quot;:{&quot;productReviewsEnabled&quot;:false,&quot;displayNativeProductReviewsEnabled&quot;:false,&quot;displayImportedProductReviewsEnabled&quot;:false}},&quot;productAddOnsContext&quot;:{&quot;productAddOns&quot;:[]},&quot;collection&quot;:{&quot;id&quot;:&quot;6914262184e7d41fe3ac89a5&quot;,&quot;websiteId&quot;:&quot;6914262184e7d41fe3ac8966&quot;,&quot;title&quot;:&quot;SHOP&quot;,&quot;fullUrl&quot;:&quot;/shop&quot;},&quot;uiExtensionsContext&quot;:{&quot;product-badge&quot;:&quot;sqs-uiextensions-product-badge&quot;,&quot;product-body&quot;:&quot;sqs-uiextensions-product-body&quot;,&quot;product-badge-mobile&quot;:&quot;sqs-uiextensions-product-badge-mobile&quot;,&quot;product-body-mobile&quot;:&quot;sqs-uiextensions-product-body-mobile&quot;,&quot;product-collection-item&quot;:&quot;sqs-uiextensions-product-collection-item&quot;,&quot;scripts-enabled&quot;:false},&quot;recaptchaEnterpriseContext&quot;:{&quot;recaptchaEnterpriseSiteKey&quot;:&quot;6LdDFQwjAAAAAPigEvvPgEVbb7QBm-TkVJdDTlAv&quot;},&quot;modernizedPdpM2Enabled&quot;:true,&quot;flaggingContext&quot;:{&quot;isModernizedPdpM3LayoutUxEnabled&quot;:true,&quot;isModernizedPdpM2Enabled&quot;:true,&quot;isCommerceProductPaymentPlanEnabled&quot;:true,&quot;isProductListFiltersV2SeparateCategoriesEnabled&quot;:false}}"
"3d-printed-holiday-wreath-ornament-door-window-hanging-decor","https://www.augnach.com/shop/p/3d-printed-holiday-wreath-ornament-door-window-hanging-decor","200","5","Holiday Wreath Ornament - Door & Window Hanging Decor","https://images.squarespace-cdn.com/content/v1/6914262184e7d41fe3ac8966/3332fc59-7660-45dd-8dfb-ece4d3b3f599/IMG_5591.jpeg | https://images.squarespace-cdn.com/content/v1/6914262184e7d41fe3ac8966/3d4b469e-4893-455a-add4-9a532681f6fb/IMG_5590.jpeg | https://images.squarespace-cdn.com/content/v1/6914262184e7d41fe3ac8966/4873bf49-6d18-4923-abcb-ad3a50bd54a1/IMG_5587.jpeg | https://images.squarespace-cdn.com/content/v1/6914262184e7d41fe3ac8966/4873bf49-6d18-4923-abcb-ad3a50bd54a1/IMG_5587.jpeg&quot;,&quot;mediaFocalPoint&quot;:{&quot;x&quot;:0.5,&quot;y&quot;:0.5,&quot;source&quot;:3}},{&quot;title&quot;:&quot;IMG_5588.jpeg&quot;,&quot;originalSize&quot;:&quot;3024x4032&quot;,&quot;assetUrl&quot;:&quot;https://images.squarespace-cdn.com/content/v1/6914262184e7d41fe3ac8966/96adc44e-9dae-442c-be70-c94919cbc8e6/IMG_5588.jpeg&quot;,&quot;mediaFocalPoint&quot;:{&quot;x&quot;:0.5,&quot;y&quot;:0.5,&quot;source&quot;:3}},{&quot;title&quot;:&quot;IMG_5590.jpeg&quot;,&quot;originalSize&quot;:&quot;4284x5712&quot;,&quot;assetUrl&quot;:&quot;https://images.squarespace-cdn.com/content/v1/6914262184e7d41fe3ac8966/3d4b469e-4893-455a-add4-9a532681f6fb/IMG_5590.jpeg&quot;,&quot;mediaFocalPoint&quot;:{&quot;x&quot;:0.5,&quot;y&quot;:0.5,&quot;source&quot;:3}},{&quot;title&quot;:&quot;IMG_5591.jpeg&quot;,&quot;originalSize&quot;:&quot;3024x4032&quot;,&quot;assetUrl&quot;:&quot;https://images.squarespace-cdn.com/content/v1/6914262184e7d41fe3ac8966/3332fc59-7660-45dd-8dfb-ece4d3b3f599/IMG_5591.jpeg&quot;,&quot;mediaFocalPoint&quot;:{&quot;x&quot;:0.5,&quot;y&quot;:0.5,&quot;source&quot;:3}}],&quot;fullUrl&quot;:&quot;/shop/p/3d-printed-holiday-wreath-ornament-door-window-hanging-decor&quot;,&quot;urlSlug&quot;:&quot;3d-printed-holiday-wreath-ornament-door-window-hanging-decor&quot;,&quot;qtyInStock&quot;:9223372036854775807,&quot;allowMultiplePurchase&quot;:true,&quot;scarce&quot;:false,&quot;published&quot;:true,&quot;tags&quot;:[],&quot;mightHavePaymentPlan&quot;:false},&quot;productMerchandisingContext&quot;:{&quot;locale&quot;:&quot;en-US&quot;,&quot;showSoldOutOnVariantsDropdown&quot;:true,&quot;expressCheckout&quot;:false,&quot;pinterestOverlayEnabled&quot;:false,&quot;paymentMethodsContext&quot;:{&quot;stripeLocale&quot;:&quot;en&quot;,&quot;countryCode&quot;:&quot;US&quot;,&quot;stripeApiKey&quot;:&quot;pk_live_51MqGBrAbji8SEGIz5GA5MLiQVjOplxrZogrlgn537eHL7HMvPnF6hEE7NAQMEn9QfLnHEIHKPBdtG8nIEZjTa94m00qlZbeOJW&quot;},&quot;productReviewsContext&quot;:{&quot;productReviewsEnabled&quot;:false,&quot;displayNativeProductReviewsEnabled&quot;:false,&quot;displayImportedProductReviewsEnabled&quot;:false}},&quot;productAddOnsContext&quot;:{&quot;productAddOns&quot;:[]},&quot;collection&quot;:{&quot;id&quot;:&quot;6914262184e7d41fe3ac89a5&quot;,&quot;websiteId&quot;:&quot;6914262184e7d41fe3ac8966&quot;,&quot;title&quot;:&quot;SHOP&quot;,&quot;fullUrl&quot;:&quot;/shop&quot;},&quot;uiExtensionsContext&quot;:{&quot;product-badge&quot;:&quot;sqs-uiextensions-product-badge&quot;,&quot;product-body&quot;:&quot;sqs-uiextensions-product-body&quot;,&quot;product-badge-mobile&quot;:&quot;sqs-uiextensions-product-badge-mobile&quot;,&quot;product-body-mobile&quot;:&quot;sqs-uiextensions-product-body-mobile&quot;,&quot;product-collection-item&quot;:&quot;sqs-uiextensions-product-collection-item&quot;,&quot;scripts-enabled&quot;:false},&quot;recaptchaEnterpriseContext&quot;:{&quot;recaptchaEnterpriseSiteKey&quot;:&quot;6LdDFQwjAAAAAPigEvvPgEVbb7QBm-TkVJdDTlAv&quot;},&quot;modernizedPdpM2Enabled&quot;:true,&quot;flaggingContext&quot;:{&quot;isModernizedPdpM3LayoutUxEnabled&quot;:true,&quot;isModernizedPdpM2Enabled&quot;:true,&quot;isCommerceProductPaymentPlanEnabled&quot;:true,&quot;isProductListFiltersV2SeparateCategoriesEnabled&quot;:false}} | https://images.squarespace-cdn.com/content/v1/6914262184e7d41fe3ac8966/96adc44e-9dae-442c-be70-c94919cbc8e6/IMG_5588.jpeg"
"3d-printed-spiral-cone-fidget-rainbow-metallic-stress-relief-toy","https://www.augnach.com/shop/p/3d-printed-spiral-cone-fidget-rainbow-metallic-stress-relief-toy","200","4","Spiral Cone Fidget - Rainbow Metallic Stress-Relief Toy","https://images.squarespace-cdn.com/content/v1/6914262184e7d41fe3ac8966/328b7907-41e2-4ab9-a60b-df1ca7fdb839/IMG_5593.jpeg | https://images.squarespace-cdn.com/content/v1/6914262184e7d41fe3ac8966/891214d9-7b2e-4507-a2d8-2d2182b675ec/IMG_5594.jpeg | https://images.squarespace-cdn.com/content/v1/6914262184e7d41fe3ac8966/93593b63-96c1-4805-92e7-2a2559f712aa/IMG_5592.jpeg | https://images.squarespace-cdn.com/content/v1/6914262184e7d41fe3ac8966/93593b63-96c1-4805-92e7-2a2559f712aa/IMG_5592.jpeg&quot;,&quot;mediaFocalPoint&quot;:{&quot;x&quot;:0.5,&quot;y&quot;:0.5,&quot;source&quot;:3}},{&quot;title&quot;:&quot;IMG_5593.jpeg&quot;,&quot;originalSize&quot;:&quot;3024x4032&quot;,&quot;assetUrl&quot;:&quot;https://images.squarespace-cdn.com/content/v1/6914262184e7d41fe3ac8966/328b7907-41e2-4ab9-a60b-df1ca7fdb839/IMG_5593.jpeg&quot;,&quot;mediaFocalPoint&quot;:{&quot;x&quot;:0.5,&quot;y&quot;:0.5,&quot;source&quot;:3}},{&quot;title&quot;:&quot;IMG_5594.jpeg&quot;,&quot;originalSize&quot;:&quot;3024x4032&quot;,&quot;assetUrl&quot;:&quot;https://images.squarespace-cdn.com/content/v1/6914262184e7d41fe3ac8966/891214d9-7b2e-4507-a2d8-2d2182b675ec/IMG_5594.jpeg&quot;,&quot;mediaFocalPoint&quot;:{&quot;x&quot;:0.5,&quot;y&quot;:0.5,&quot;source&quot;:3}}],&quot;fullUrl&quot;:&quot;/shop/p/3d-printed-spiral-cone-fidget-rainbow-metallic-stress-relief-toy&quot;,&quot;urlSlug&quot;:&quot;3d-printed-spiral-cone-fidget-rainbow-metallic-stress-relief-toy&quot;,&quot;qtyInStock&quot;:9223372036854775807,&quot;allowMultiplePurchase&quot;:true,&quot;scarce&quot;:false,&quot;published&quot;:true,&quot;tags&quot;:[],&quot;mightHavePaymentPlan&quot;:false},&quot;productMerchandisingContext&quot;:{&quot;locale&quot;:&quot;en-US&quot;,&quot;showSoldOutOnVariantsDropdown&quot;:true,&quot;expressCheckout&quot;:false,&quot;pinterestOverlayEnabled&quot;:false,&quot;paymentMethodsContext&quot;:{&quot;stripeLocale&quot;:&quot;en&quot;,&quot;countryCode&quot;:&quot;US&quot;,&quot;stripeApiKey&quot;:&quot;pk_live_51MqGBrAbji8SEGIz5GA5MLiQVjOplxrZogrlgn537eHL7HMvPnF6hEE7NAQMEn9QfLnHEIHKPBdtG8nIEZjTa94m00qlZbeOJW&quot;},&quot;productReviewsContext&quot;:{&quot;productReviewsEnabled&quot;:false,&quot;displayNativeProductReviewsEnabled&quot;:false,&quot;displayImportedProductReviewsEnabled&quot;:false}},&quot;productAddOnsContext&quot;:{&quot;productAddOns&quot;:[]},&quot;collection&quot;:{&quot;id&quot;:&quot;6914262184e7d41fe3ac89a5&quot;,&quot;websiteId&quot;:&quot;6914262184e7d41fe3ac8966&quot;,&quot;title&quot;:&quot;SHOP&quot;,&quot;fullUrl&quot;:&quot;/shop&quot;},&quot;uiExtensionsContext&quot;:{&quot;product-badge&quot;:&quot;sqs-uiextensions-product-badge&quot;,&quot;product-body&quot;:&quot;sqs-uiextensions-product-body&quot;,&quot;product-badge-mobile&quot;:&quot;sqs-uiextensions-product-badge-mobile&quot;,&quot;product-body-mobile&quot;:&quot;sqs-uiextensions-product-body-mobile&quot;,&quot;product-collection-item&quot;:&quot;sqs-uiextensions-product-collection-item&quot;,&quot;scripts-enabled&quot;:false},&quot;recaptchaEnterpriseContext&quot;:{&quot;recaptchaEnterpriseSiteKey&quot;:&quot;6LdDFQwjAAAAAPigEvvPgEVbb7QBm-TkVJdDTlAv&quot;},&quot;modernizedPdpM2Enabled&quot;:true,&quot;flaggingContext&quot;:{&quot;isModernizedPdpM3LayoutUxEnabled&quot;:true,&quot;isModernizedPdpM2Enabled&quot;:true,&quot;isCommerceProductPaymentPlanEnabled&quot;:true,&quot;isProductListFiltersV2SeparateCategoriesEnabled&quot;:false}}"
"3d-printed-expanding-star-fidget-collapsible-stress-relief-toy","https://www.augnach.com/shop/p/3d-printed-expanding-star-fidget-collapsible-stress-relief-toy","200","5","Expanding Star Fidget - Collapsible Stress-Relief Toy","https://images.squarespace-cdn.com/content/v1/6914262184e7d41fe3ac8966/1fb43f88-2e9c-4483-97fc-6793f224f145/IMG_5598.jpeg | https://images.squarespace-cdn.com/content/v1/6914262184e7d41fe3ac8966/3aaa06fa-12c8-4a8a-94c5-9011317106f8/IMG_5600.jpeg | https://images.squarespace-cdn.com/content/v1/6914262184e7d41fe3ac8966/6c980d81-d8cd-4002-bff2-b117bc36bcf7/IMG_5597.jpeg | https://images.squarespace-cdn.com/content/v1/6914262184e7d41fe3ac8966/6c980d81-d8cd-4002-bff2-b117bc36bcf7/IMG_5597.jpeg&quot;,&quot;mediaFocalPoint&quot;:{&quot;x&quot;:0.5,&quot;y&quot;:0.5,&quot;source&quot;:3}},{&quot;title&quot;:&quot;IMG_5598.jpeg&quot;,&quot;originalSize&quot;:&quot;3024x4032&quot;,&quot;assetUrl&quot;:&quot;https://images.squarespace-cdn.com/content/v1/6914262184e7d41fe3ac8966/1fb43f88-2e9c-4483-97fc-6793f224f145/IMG_5598.jpeg&quot;,&quot;mediaFocalPoint&quot;:{&quot;x&quot;:0.5,&quot;y&quot;:0.5,&quot;source&quot;:3}},{&quot;title&quot;:&quot;IMG_5599.jpeg&quot;,&quot;originalSize&quot;:&quot;3024x4032&quot;,&quot;assetUrl&quot;:&quot;https://images.squarespace-cdn.com/content/v1/6914262184e7d41fe3ac8966/9c388b98-0734-4fc8-8069-1744cf6a4d30/IMG_5599.jpeg&quot;,&quot;mediaFocalPoint&quot;:{&quot;x&quot;:0.5,&quot;y&quot;:0.5,&quot;source&quot;:3}},{&quot;title&quot;:&quot;IMG_5600.jpeg&quot;,&quot;originalSize&quot;:&quot;3024x4032&quot;,&quot;assetUrl&quot;:&quot;https://images.squarespace-cdn.com/content/v1/6914262184e7d41fe3ac8966/3aaa06fa-12c8-4a8a-94c5-9011317106f8/IMG_5600.jpeg&quot;,&quot;mediaFocalPoint&quot;:{&quot;x&quot;:0.5,&quot;y&quot;:0.5,&quot;source&quot;:3}}],&quot;fullUrl&quot;:&quot;/shop/p/3d-printed-expanding-star-fidget-collapsible-stress-relief-toy&quot;,&quot;urlSlug&quot;:&quot;3d-printed-expanding-star-fidget-collapsible-stress-relief-toy&quot;,&quot;qtyInStock&quot;:9223372036854775807,&quot;allowMultiplePurchase&quot;:true,&quot;scarce&quot;:false,&quot;published&quot;:true,&quot;tags&quot;:[],&quot;mightHavePaymentPlan&quot;:false},&quot;productMerchandisingContext&quot;:{&quot;locale&quot;:&quot;en-US&quot;,&quot;showSoldOutOnVariantsDropdown&quot;:true,&quot;expressCheckout&quot;:false,&quot;pinterestOverlayEnabled&quot;:false,&quot;paymentMethodsContext&quot;:{&quot;stripeLocale&quot;:&quot;en&quot;,&quot;countryCode&quot;:&quot;US&quot;,&quot;stripeApiKey&quot;:&quot;pk_live_51MqGBrAbji8SEGIz5GA5MLiQVjOplxrZogrlgn537eHL7HMvPnF6hEE7NAQMEn9QfLnHEIHKPBdtG8nIEZjTa94m00qlZbeOJW&quot;},&quot;productReviewsContext&quot;:{&quot;productReviewsEnabled&quot;:false,&quot;displayNativeProductReviewsEnabled&quot;:false,&quot;displayImportedProductReviewsEnabled&quot;:false}},&quot;productAddOnsContext&quot;:{&quot;productAddOns&quot;:[]},&quot;collection&quot;:{&quot;id&quot;:&quot;6914262184e7d41fe3ac89a5&quot;,&quot;websiteId&quot;:&quot;6914262184e7d41fe3ac8966&quot;,&quot;title&quot;:&quot;SHOP&quot;,&quot;fullUrl&quot;:&quot;/shop&quot;},&quot;uiExtensionsContext&quot;:{&quot;product-badge&quot;:&quot;sqs-uiextensions-product-badge&quot;,&quot;product-body&quot;:&quot;sqs-uiextensions-product-body&quot;,&quot;product-badge-mobile&quot;:&quot;sqs-uiextensions-product-badge-mobile&quot;,&quot;product-body-mobile&quot;:&quot;sqs-uiextensions-product-body-mobile&quot;,&quot;product-collection-item&quot;:&quot;sqs-uiextensions-product-collection-item&quot;,&quot;scripts-enabled&quot;:false},&quot;recaptchaEnterpriseContext&quot;:{&quot;recaptchaEnterpriseSiteKey&quot;:&quot;6LdDFQwjAAAAAPigEvvPgEVbb7QBm-TkVJdDTlAv&quot;},&quot;modernizedPdpM2Enabled&quot;:true,&quot;flaggingContext&quot;:{&quot;isModernizedPdpM3LayoutUxEnabled&quot;:true,&quot;isModernizedPdpM2Enabled&quot;:true,&quot;isCommerceProductPaymentPlanEnabled&quot;:true,&quot;isProductListFiltersV2SeparateCategoriesEnabled&quot;:false}} | https://images.squarespace-cdn.com/content/v1/6914262184e7d41fe3ac8966/9c388b98-0734-4fc8-8069-1744cf6a4d30/IMG_5599.jpeg"
"3d-printed-piano-music-box-hand-crank-miniature-instrument","https://www.augnach.com/shop/p/3d-printed-piano-music-box-hand-crank-miniature-instrument","200","5","Piano Music Box - Hand-Crank Miniature Instrument","https://images.squarespace-cdn.com/content/v1/6914262184e7d41fe3ac8966/4eb2a169-5b32-4676-9df3-ddad7c524833/IMG_5603.jpeg | https://images.squarespace-cdn.com/content/v1/6914262184e7d41fe3ac8966/5ff2388c-604f-4d65-aee0-1da8967ee9d8/IMG_5604.jpeg | https://images.squarespace-cdn.com/content/v1/6914262184e7d41fe3ac8966/5ff2388c-604f-4d65-aee0-1da8967ee9d8/IMG_5604.jpeg&quot;,&quot;mediaFocalPoint&quot;:{&quot;x&quot;:0.5,&quot;y&quot;:0.5,&quot;source&quot;:3}},{&quot;title&quot;:&quot;IMG_5601.jpeg&quot;,&quot;originalSize&quot;:&quot;4032x3024&quot;,&quot;assetUrl&quot;:&quot;https://images.squarespace-cdn.com/content/v1/6914262184e7d41fe3ac8966/e89aa722-db5a-4e5b-a311-0cdb4c351fbb/IMG_5601.jpeg&quot;,&quot;mediaFocalPoint&quot;:{&quot;x&quot;:0.5,&quot;y&quot;:0.5,&quot;source&quot;:3}},{&quot;title&quot;:&quot;IMG_5602.jpeg&quot;,&quot;originalSize&quot;:&quot;4032x3024&quot;,&quot;assetUrl&quot;:&quot;https://images.squarespace-cdn.com/content/v1/6914262184e7d41fe3ac8966/9a593be4-48d9-4c7a-8e27-4ff2f9f4b9ba/IMG_5602.jpeg&quot;,&quot;mediaFocalPoint&quot;:{&quot;x&quot;:0.5,&quot;y&quot;:0.5,&quot;source&quot;:3}},{&quot;title&quot;:&quot;IMG_5603.jpeg&quot;,&quot;originalSize&quot;:&quot;4032x3024&quot;,&quot;assetUrl&quot;:&quot;https://images.squarespace-cdn.com/content/v1/6914262184e7d41fe3ac8966/4eb2a169-5b32-4676-9df3-ddad7c524833/IMG_5603.jpeg&quot;,&quot;mediaFocalPoint&quot;:{&quot;x&quot;:0.5,&quot;y&quot;:0.5,&quot;source&quot;:3}}],&quot;fullUrl&quot;:&quot;/shop/p/3d-printed-piano-music-box-hand-crank-miniature-instrument&quot;,&quot;urlSlug&quot;:&quot;3d-printed-piano-music-box-hand-crank-miniature-instrument&quot;,&quot;qtyInStock&quot;:9223372036854775807,&quot;allowMultiplePurchase&quot;:true,&quot;scarce&quot;:false,&quot;published&quot;:true,&quot;tags&quot;:[],&quot;mightHavePaymentPlan&quot;:false},&quot;productMerchandisingContext&quot;:{&quot;locale&quot;:&quot;en-US&quot;,&quot;showSoldOutOnVariantsDropdown&quot;:true,&quot;expressCheckout&quot;:false,&quot;pinterestOverlayEnabled&quot;:false,&quot;paymentMethodsContext&quot;:{&quot;stripeLocale&quot;:&quot;en&quot;,&quot;countryCode&quot;:&quot;US&quot;,&quot;stripeApiKey&quot;:&quot;pk_live_51MqGBrAbji8SEGIz5GA5MLiQVjOplxrZogrlgn537eHL7HMvPnF6hEE7NAQMEn9QfLnHEIHKPBdtG8nIEZjTa94m00qlZbeOJW&quot;},&quot;productReviewsContext&quot;:{&quot;productReviewsEnabled&quot;:false,&quot;displayNativeProductReviewsEnabled&quot;:false,&quot;displayImportedProductReviewsEnabled&quot;:false}},&quot;productAddOnsContext&quot;:{&quot;productAddOns&quot;:[]},&quot;collection&quot;:{&quot;id&quot;:&quot;6914262184e7d41fe3ac89a5&quot;,&quot;websiteId&quot;:&quot;6914262184e7d41fe3ac8966&quot;,&quot;title&quot;:&quot;SHOP&quot;,&quot;fullUrl&quot;:&quot;/shop&quot;},&quot;uiExtensionsContext&quot;:{&quot;product-badge&quot;:&quot;sqs-uiextensions-product-badge&quot;,&quot;product-body&quot;:&quot;sqs-uiextensions-product-body&quot;,&quot;product-badge-mobile&quot;:&quot;sqs-uiextensions-product-badge-mobile&quot;,&quot;product-body-mobile&quot;:&quot;sqs-uiextensions-product-body-mobile&quot;,&quot;product-collection-item&quot;:&quot;sqs-uiextensions-product-collection-item&quot;,&quot;scripts-enabled&quot;:false},&quot;recaptchaEnterpriseContext&quot;:{&quot;recaptchaEnterpriseSiteKey&quot;:&quot;6LdDFQwjAAAAAPigEvvPgEVbb7QBm-TkVJdDTlAv&quot;},&quot;modernizedPdpM2Enabled&quot;:true,&quot;flaggingContext&quot;:{&quot;isModernizedPdpM3LayoutUxEnabled&quot;:true,&quot;isModernizedPdpM2Enabled&quot;:true,&quot;isCommerceProductPaymentPlanEnabled&quot;:true,&quot;isProductListFiltersV2SeparateCategoriesEnabled&quot;:false}} | https://images.squarespace-cdn.com/content/v1/6914262184e7d41fe3ac8966/9a593be4-48d9-4c7a-8e27-4ff2f9f4b9ba/IMG_5602.jpeg | https://images.squarespace-cdn.com/content/v1/6914262184e7d41fe3ac8966/e89aa722-db5a-4e5b-a311-0cdb4c351fbb/IMG_5601.jpeg"
"3d-printed-piano-music-box-wind-up-mini-instrument","https://www.augnach.com/shop/p/3d-printed-piano-music-box-wind-up-mini-instrument","200","5","Piano Music Box - Wind-Up Mini Instrument","https://images.squarespace-cdn.com/content/v1/6914262184e7d41fe3ac8966/0a7205c4-2bd9-4288-ab96-aa3a7a42292c/IMG_5608.jpeg | https://images.squarespace-cdn.com/content/v1/6914262184e7d41fe3ac8966/53521c40-6c16-482e-96dc-5ebb899ad857/IMG_5607.jpeg | https://images.squarespace-cdn.com/content/v1/6914262184e7d41fe3ac8966/53521c40-6c16-482e-96dc-5ebb899ad857/IMG_5607.jpeg&quot;,&quot;mediaFocalPoint&quot;:{&quot;x&quot;:0.5,&quot;y&quot;:0.5,&quot;source&quot;:3}},{&quot;title&quot;:&quot;IMG_5608.jpeg&quot;,&quot;originalSize&quot;:&quot;4032x3024&quot;,&quot;assetUrl&quot;:&quot;https://images.squarespace-cdn.com/content/v1/6914262184e7d41fe3ac8966/0a7205c4-2bd9-4288-ab96-aa3a7a42292c/IMG_5608.jpeg&quot;,&quot;mediaFocalPoint&quot;:{&quot;x&quot;:0.5,&quot;y&quot;:0.5,&quot;source&quot;:3}},{&quot;title&quot;:&quot;IMG_5606.jpeg&quot;,&quot;originalSize&quot;:&quot;4032x3024&quot;,&quot;assetUrl&quot;:&quot;https://images.squarespace-cdn.com/content/v1/6914262184e7d41fe3ac8966/b1bd7d7c-a36f-4484-b129-698e4a37a38b/IMG_5606.jpeg&quot;,&quot;mediaFocalPoint&quot;:{&quot;x&quot;:0.5,&quot;y&quot;:0.5,&quot;source&quot;:3}},{&quot;title&quot;:&quot;IMG_5609.jpeg&quot;,&quot;originalSize&quot;:&quot;4032x3024&quot;,&quot;assetUrl&quot;:&quot;https://images.squarespace-cdn.com/content/v1/6914262184e7d41fe3ac8966/97916cc8-5386-478e-bec8-78832ed0bda4/IMG_5609.jpeg&quot;,&quot;mediaFocalPoint&quot;:{&quot;x&quot;:0.5,&quot;y&quot;:0.5,&quot;source&quot;:3}}],&quot;fullUrl&quot;:&quot;/shop/p/3d-printed-piano-music-box-wind-up-mini-instrument&quot;,&quot;urlSlug&quot;:&quot;3d-printed-piano-music-box-wind-up-mini-instrument&quot;,&quot;qtyInStock&quot;:9223372036854775807,&quot;allowMultiplePurchase&quot;:true,&quot;scarce&quot;:false,&quot;published&quot;:true,&quot;tags&quot;:[],&quot;mightHavePaymentPlan&quot;:false},&quot;productMerchandisingContext&quot;:{&quot;locale&quot;:&quot;en-US&quot;,&quot;showSoldOutOnVariantsDropdown&quot;:true,&quot;expressCheckout&quot;:false,&quot;pinterestOverlayEnabled&quot;:false,&quot;paymentMethodsContext&quot;:{&quot;stripeLocale&quot;:&quot;en&quot;,&quot;countryCode&quot;:&quot;US&quot;,&quot;stripeApiKey&quot;:&quot;pk_live_51MqGBrAbji8SEGIz5GA5MLiQVjOplxrZogrlgn537eHL7HMvPnF6hEE7NAQMEn9QfLnHEIHKPBdtG8nIEZjTa94m00qlZbeOJW&quot;},&quot;productReviewsContext&quot;:{&quot;productReviewsEnabled&quot;:false,&quot;displayNativeProductReviewsEnabled&quot;:false,&quot;displayImportedProductReviewsEnabled&quot;:false}},&quot;productAddOnsContext&quot;:{&quot;productAddOns&quot;:[]},&quot;collection&quot;:{&quot;id&quot;:&quot;6914262184e7d41fe3ac89a5&quot;,&quot;websiteId&quot;:&quot;6914262184e7d41fe3ac8966&quot;,&quot;title&quot;:&quot;SHOP&quot;,&quot;fullUrl&quot;:&quot;/shop&quot;},&quot;uiExtensionsContext&quot;:{&quot;product-badge&quot;:&quot;sqs-uiextensions-product-badge&quot;,&quot;product-body&quot;:&quot;sqs-uiextensions-product-body&quot;,&quot;product-badge-mobile&quot;:&quot;sqs-uiextensions-product-badge-mobile&quot;,&quot;product-body-mobile&quot;:&quot;sqs-uiextensions-product-body-mobile&quot;,&quot;product-collection-item&quot;:&quot;sqs-uiextensions-product-collection-item&quot;,&quot;scripts-enabled&quot;:false},&quot;recaptchaEnterpriseContext&quot;:{&quot;recaptchaEnterpriseSiteKey&quot;:&quot;6LdDFQwjAAAAAPigEvvPgEVbb7QBm-TkVJdDTlAv&quot;},&quot;modernizedPdpM2Enabled&quot;:true,&quot;flaggingContext&quot;:{&quot;isModernizedPdpM3LayoutUxEnabled&quot;:true,&quot;isModernizedPdpM2Enabled&quot;:true,&quot;isCommerceProductPaymentPlanEnabled&quot;:true,&quot;isProductListFiltersV2SeparateCategoriesEnabled&quot;:false}} | https://images.squarespace-cdn.com/content/v1/6914262184e7d41fe3ac8966/97916cc8-5386-478e-bec8-78832ed0bda4/IMG_5609.jpeg | https://images.squarespace-cdn.com/content/v1/6914262184e7d41fe3ac8966/b1bd7d7c-a36f-4484-b129-698e4a37a38b/IMG_5606.jpeg"
"standpro-spinner","https://www.augnach.com/shop/p/standpro-spinner","200","10","Standpro Spinner","https://images.squarespace-cdn.com/content/v1/6914262184e7d41fe3ac8966/043e1adb-abf1-42be-ade0-eeed10b26351/Screenshot+2025-11-26+at+13.48.34.png | https://images.squarespace-cdn.com/content/v1/6914262184e7d41fe3ac8966/043e1adb-abf1-42be-ade0-eeed10b26351/Screenshot+2025-11-26+at+13.48.34.png&quot;,&quot;mediaFocalPoint&quot;:{&quot;x&quot;:0.5,&quot;y&quot;:0.5,&quot;source&quot;:3}},{&quot;title&quot;:&quot;Screenshot | https://images.squarespace-cdn.com/content/v1/6914262184e7d41fe3ac8966/0f1dfd29-4f0b-46a6-a3ad-0732d763d597/IMG_1822.jpeg | https://images.squarespace-cdn.com/content/v1/6914262184e7d41fe3ac8966/40dbc953-f477-4a8f-960f-c83179670781/Screenshot+2025-11-26+at+13.48.11.png | https://images.squarespace-cdn.com/content/v1/6914262184e7d41fe3ac8966/40dbc953-f477-4a8f-960f-c83179670781/Screenshot+2025-11-26+at+13.48.11.png&quot;,&quot;mediaFocalPoint&quot;:{&quot;x&quot;:0.5,&quot;y&quot;:0.5,&quot;source&quot;:3}},{&quot;title&quot;:&quot;IMG_1819.jpeg&quot;,&quot;originalSize&quot;:&quot;3024x4032&quot;,&quot;assetUrl&quot;:&quot;https://images.squarespace-cdn.com/content/v1/6914262184e7d41fe3ac8966/e8a3154f-be04-49a9-bb1f-00c12823491b/IMG_1819.jpeg&quot;,&quot;mediaFocalPoint&quot;:{&quot;x&quot;:0.5,&quot;y&quot;:0.5,&quot;source&quot;:3}},{&quot;title&quot;:&quot;IMG_1820.jpeg&quot;,&quot;originalSize&quot;:&quot;3024x4032&quot;,&quot;assetUrl&quot;:&quot;https://images.squarespace-cdn.com/content/v1/6914262184e7d41fe3ac8966/4c6f1eee-de37-44a8-9ce7-8687c25cefc8/IMG_1820.jpeg&quot;,&quot;mediaFocalPoint&quot;:{&quot;x&quot;:0.5,&quot;y&quot;:0.5,&quot;source&quot;:3}},{&quot;title&quot;:&quot;IMG_1822.jpeg&quot;,&quot;originalSize&quot;:&quot;3024x4032&quot;,&quot;assetUrl&quot;:&quot;https://images.squarespace-cdn.com/content/v1/6914262184e7d41fe3ac8966/0f1dfd29-4f0b-46a6-a3ad-0732d763d597/IMG_1822.jpeg&quot;,&quot;mediaFocalPoint&quot;:{&quot;x&quot;:0.5,&quot;y&quot;:0.5,&quot;source&quot;:3}}],&quot;mainImage&quot;:{&quot;title&quot;:&quot;Standpro | https://images.squarespace-cdn.com/content/v1/6914262184e7d41fe3ac8966/4c6f1eee-de37-44a8-9ce7-8687c25cefc8/IMG_1820.jpeg | https://images.squarespace-cdn.com/content/v1/6914262184e7d41fe3ac8966/e451f3e5-1f96-42f1-934e-2fbdf19f5c76/IMG_1821.jpeg | https://images.squarespace-cdn.com/content/v1/6914262184e7d41fe3ac8966/e451f3e5-1f96-42f1-934e-2fbdf19f5c76/IMG_1821.jpeg&quot;,&quot;mediaFocalPoint&quot;:{&quot;x&quot;:0.5,&quot;y&quot;:0.5,&quot;source&quot;:3}},&quot;fullUrl&quot;:&quot;/shop/p/standpro-spinner&quot;,&quot;urlSlug&quot;:&quot;standpro-spinner&quot;,&quot;qtyInStock&quot;:9223372036854775807,&quot;allowMultiplePurchase&quot;:true,&quot;scarce&quot;:false,&quot;published&quot;:true,&quot;tags&quot;:[],&quot;mightHavePaymentPlan&quot;:false},&quot;productMerchandisingContext&quot;:{&quot;locale&quot;:&quot;en-US&quot;,&quot;showSoldOutOnVariantsDropdown&quot;:true,&quot;expressCheckout&quot;:false,&quot;pinterestOverlayEnabled&quot;:false,&quot;paymentMethodsContext&quot;:{&quot;stripeLocale&quot;:&quot;en&quot;,&quot;countryCode&quot;:&quot;US&quot;,&quot;stripeApiKey&quot;:&quot;pk_live_51MqGBrAbji8SEGIz5GA5MLiQVjOplxrZogrlgn537eHL7HMvPnF6hEE7NAQMEn9QfLnHEIHKPBdtG8nIEZjTa94m00qlZbeOJW&quot;},&quot;productReviewsContext&quot;:{&quot;productReviewsEnabled&quot;:false,&quot;displayNativeProductReviewsEnabled&quot;:false,&quot;displayImportedProductReviewsEnabled&quot;:false}},&quot;productAddOnsContext&quot;:{&quot;productAddOns&quot;:[]},&quot;collection&quot;:{&quot;id&quot;:&quot;6914262184e7d41fe3ac89a5&quot;,&quot;websiteId&quot;:&quot;6914262184e7d41fe3ac8966&quot;,&quot;title&quot;:&quot;SHOP&quot;,&quot;fullUrl&quot;:&quot;/shop&quot;},&quot;uiExtensionsContext&quot;:{&quot;product-badge&quot;:&quot;sqs-uiextensions-product-badge&quot;,&quot;product-body&quot;:&quot;sqs-uiextensions-product-body&quot;,&quot;product-badge-mobile&quot;:&quot;sqs-uiextensions-product-badge-mobile&quot;,&quot;product-body-mobile&quot;:&quot;sqs-uiextensions-product-body-mobile&quot;,&quot;product-collection-item&quot;:&quot;sqs-uiextensions-product-collection-item&quot;,&quot;scripts-enabled&quot;:false},&quot;recaptchaEnterpriseContext&quot;:{&quot;recaptchaEnterpriseSiteKey&quot;:&quot;6LdDFQwjAAAAAPigEvvPgEVbb7QBm-TkVJdDTlAv&quot;},&quot;modernizedPdpM2Enabled&quot;:true,&quot;flaggingContext&quot;:{&quot;isModernizedPdpM3LayoutUxEnabled&quot;:true,&quot;isModernizedPdpM2Enabled&quot;:true,&quot;isCommerceProductPaymentPlanEnabled&quot;:true,&quot;isProductListFiltersV2SeparateCategoriesEnabled&quot;:false}}"
"dogpro-robot-dog","https://www.augnach.com/shop/p/dogpro-robot-dog","200","6","Dog'pro Robot Dog","https://images.squarespace-cdn.com/content/v1/6914262184e7d41fe3ac8966/30d5c9ec-5ad1-4151-a2c0-76f052306dbe/IMG_1845.jpeg | https://images.squarespace-cdn.com/content/v1/6914262184e7d41fe3ac8966/33ed03ec-7669-4c43-900e-3e1797b209c6/IMG_1842.jpeg | https://images.squarespace-cdn.com/content/v1/6914262184e7d41fe3ac8966/95a7b975-9422-4dde-983c-c92e3db1b152/IMG_1844.jpeg | https://images.squarespace-cdn.com/content/v1/6914262184e7d41fe3ac8966/95a7b975-9422-4dde-983c-c92e3db1b152/IMG_1844.jpeg&quot;,&quot;mediaFocalPoint&quot;:{&quot;x&quot;:0.5,&quot;y&quot;:0.5,&quot;source&quot;:3}},&quot;fullUrl&quot;:&quot;/shop/p/dogpro-robot-dog&quot;,&quot;urlSlug&quot;:&quot;dogpro-robot-dog&quot;,&quot;qtyInStock&quot;:9223372036854775807,&quot;allowMultiplePurchase&quot;:true,&quot;scarce&quot;:false,&quot;published&quot;:true,&quot;tags&quot;:[],&quot;mightHavePaymentPlan&quot;:false},&quot;productMerchandisingContext&quot;:{&quot;locale&quot;:&quot;en-US&quot;,&quot;showSoldOutOnVariantsDropdown&quot;:true,&quot;expressCheckout&quot;:false,&quot;pinterestOverlayEnabled&quot;:false,&quot;paymentMethodsContext&quot;:{&quot;stripeLocale&quot;:&quot;en&quot;,&quot;countryCode&quot;:&quot;US&quot;,&quot;stripeApiKey&quot;:&quot;pk_live_51MqGBrAbji8SEGIz5GA5MLiQVjOplxrZogrlgn537eHL7HMvPnF6hEE7NAQMEn9QfLnHEIHKPBdtG8nIEZjTa94m00qlZbeOJW&quot;},&quot;productReviewsContext&quot;:{&quot;productReviewsEnabled&quot;:false,&quot;displayNativeProductReviewsEnabled&quot;:false,&quot;displayImportedProductReviewsEnabled&quot;:false}},&quot;productAddOnsContext&quot;:{&quot;productAddOns&quot;:[]},&quot;collection&quot;:{&quot;id&quot;:&quot;6914262184e7d41fe3ac89a5&quot;,&quot;websiteId&quot;:&quot;6914262184e7d41fe3ac8966&quot;,&quot;title&quot;:&quot;SHOP&quot;,&quot;fullUrl&quot;:&quot;/shop&quot;},&quot;uiExtensionsContext&quot;:{&quot;product-badge&quot;:&quot;sqs-uiextensions-product-badge&quot;,&quot;product-body&quot;:&quot;sqs-uiextensions-product-body&quot;,&quot;product-badge-mobile&quot;:&quot;sqs-uiextensions-product-badge-mobile&quot;,&quot;product-body-mobile&quot;:&quot;sqs-uiextensions-product-body-mobile&quot;,&quot;product-collection-item&quot;:&quot;sqs-uiextensions-product-collection-item&quot;,&quot;scripts-enabled&quot;:false},&quot;recaptchaEnterpriseContext&quot;:{&quot;recaptchaEnterpriseSiteKey&quot;:&quot;6LdDFQwjAAAAAPigEvvPgEVbb7QBm-TkVJdDTlAv&quot;},&quot;modernizedPdpM2Enabled&quot;:true,&quot;flaggingContext&quot;:{&quot;isModernizedPdpM3LayoutUxEnabled&quot;:true,&quot;isModernizedPdpM2Enabled&quot;:true,&quot;isCommerceProductPaymentPlanEnabled&quot;:true,&quot;isProductListFiltersV2SeparateCategoriesEnabled&quot;:false}} | https://images.squarespace-cdn.com/content/v1/6914262184e7d41fe3ac8966/95a7b975-9422-4dde-983c-c92e3db1b152/IMG_1844.jpeg&quot;,&quot;mediaFocalPoint&quot;:{&quot;x&quot;:0.5,&quot;y&quot;:0.5,&quot;source&quot;:3}},{&quot;title&quot;:&quot;IMG_1845.jpeg&quot;,&quot;originalSize&quot;:&quot;3024x4032&quot;,&quot;assetUrl&quot;:&quot;https://images.squarespace-cdn.com/content/v1/6914262184e7d41fe3ac8966/30d5c9ec-5ad1-4151-a2c0-76f052306dbe/IMG_1845.jpeg&quot;,&quot;mediaFocalPoint&quot;:{&quot;x&quot;:0.5,&quot;y&quot;:0.5,&quot;source&quot;:3}},{&quot;title&quot;:&quot;IMG_1846.jpeg&quot;,&quot;originalSize&quot;:&quot;4032x3024&quot;,&quot;assetUrl&quot;:&quot;https://images.squarespace-cdn.com/content/v1/6914262184e7d41fe3ac8966/dba6b96d-d339-4425-a92c-8e1b1b04b0a6/IMG_1846.jpeg&quot;,&quot;mediaFocalPoint&quot;:{&quot;x&quot;:0.5,&quot;y&quot;:0.5,&quot;source&quot;:3}},{&quot;title&quot;:&quot;IMG_1842.jpeg&quot;,&quot;originalSize&quot;:&quot;3024x4032&quot;,&quot;assetUrl&quot;:&quot;https://images.squarespace-cdn.com/content/v1/6914262184e7d41fe3ac8966/33ed03ec-7669-4c43-900e-3e1797b209c6/IMG_1842.jpeg&quot;,&quot;mediaFocalPoint&quot;:{&quot;x&quot;:0.5,&quot;y&quot;:0.5,&quot;source&quot;:3}}],&quot;mainImage&quot;:{&quot;title&quot;:&quot;Dog | https://images.squarespace-cdn.com/content/v1/6914262184e7d41fe3ac8966/dba6b96d-d339-4425-a92c-8e1b1b04b0a6/IMG_1846.jpeg"
"mystic-aurora-articulated-dragon","https://www.augnach.com/shop/p/mystic-aurora-articulated-dragon","200","5","Celestial Amethyst Dragon - Articulated Display Piece","https://images.squarespace-cdn.com/content/v1/6914262184e7d41fe3ac8966/befb7397-2ee1-4867-863d-063b7b8bbc56/%E5%BE%AE%E4%BF%A1%E5%9B%BE%E7%89%87_20251127211102_2_64.jpg | https://images.squarespace-cdn.com/content/v1/6914262184e7d41fe3ac8966/c28c7504-5562-4a74-82f8-2fc43514cac9/%E5%BE%AE%E4%BF%A1%E5%9B%BE%E7%89%87_20251127211103_3_64.jpg | https://images.squarespace-cdn.com/content/v1/6914262184e7d41fe3ac8966/e94308f6-6db8-44bd-8fb3-f02459e34539/%E5%BE%AE%E4%BF%A1%E5%9B%BE%E7%89%87_20251127211101_1_64.jpg | https://images.squarespace-cdn.com/content/v1/6914262184e7d41fe3ac8966/e94308f6-6db8-44bd-8fb3-f02459e34539/%E5%BE%AE%E4%BF%A1%E5%9B%BE%E7%89%87_20251127211101_1_64.jpg&quot;,&quot;mediaFocalPoint&quot;:{&quot;x&quot;:0.5,&quot;y&quot;:0.5,&quot;source&quot;:3}},&quot;fullUrl&quot;:&quot;/shop/p/mystic-aurora-articulated-dragon&quot;,&quot;urlSlug&quot;:&quot;mystic-aurora-articulated-dragon&quot;,&quot;qtyInStock&quot;:9223372036854775807,&quot;allowMultiplePurchase&quot;:true,&quot;scarce&quot;:false,&quot;published&quot;:true,&quot;tags&quot;:[],&quot;mightHavePaymentPlan&quot;:false},&quot;productMerchandisingContext&quot;:{&quot;locale&quot;:&quot;en-US&quot;,&quot;showSoldOutOnVariantsDropdown&quot;:true,&quot;expressCheckout&quot;:false,&quot;pinterestOverlayEnabled&quot;:false,&quot;paymentMethodsContext&quot;:{&quot;stripeLocale&quot;:&quot;en&quot;,&quot;countryCode&quot;:&quot;US&quot;,&quot;stripeApiKey&quot;:&quot;pk_live_51MqGBrAbji8SEGIz5GA5MLiQVjOplxrZogrlgn537eHL7HMvPnF6hEE7NAQMEn9QfLnHEIHKPBdtG8nIEZjTa94m00qlZbeOJW&quot;},&quot;productReviewsContext&quot;:{&quot;productReviewsEnabled&quot;:false,&quot;displayNativeProductReviewsEnabled&quot;:false,&quot;displayImportedProductReviewsEnabled&quot;:false}},&quot;productAddOnsContext&quot;:{&quot;productAddOns&quot;:[]},&quot;collection&quot;:{&quot;id&quot;:&quot;6914262184e7d41fe3ac89a5&quot;,&quot;websiteId&quot;:&quot;6914262184e7d41fe3ac8966&quot;,&quot;title&quot;:&quot;SHOP&quot;,&quot;fullUrl&quot;:&quot;/shop&quot;},&quot;uiExtensionsContext&quot;:{&quot;product-badge&quot;:&quot;sqs-uiextensions-product-badge&quot;,&quot;product-body&quot;:&quot;sqs-uiextensions-product-body&quot;,&quot;product-badge-mobile&quot;:&quot;sqs-uiextensions-product-badge-mobile&quot;,&quot;product-body-mobile&quot;:&quot;sqs-uiextensions-product-body-mobile&quot;,&quot;product-collection-item&quot;:&quot;sqs-uiextensions-product-collection-item&quot;,&quot;scripts-enabled&quot;:false},&quot;recaptchaEnterpriseContext&quot;:{&quot;recaptchaEnterpriseSiteKey&quot;:&quot;6LdDFQwjAAAAAPigEvvPgEVbb7QBm-TkVJdDTlAv&quot;},&quot;modernizedPdpM2Enabled&quot;:true,&quot;flaggingContext&quot;:{&quot;isModernizedPdpM3LayoutUxEnabled&quot;:true,&quot;isModernizedPdpM2Enabled&quot;:true,&quot;isCommerceProductPaymentPlanEnabled&quot;:true,&quot;isProductListFiltersV2SeparateCategoriesEnabled&quot;:false}} | https://images.squarespace-cdn.com/content/v1/6914262184e7d41fe3ac8966/e94308f6-6db8-44bd-8fb3-f02459e34539/%E5%BE%AE%E4%BF%A1%E5%9B%BE%E7%89%87_20251127211101_1_64.jpg&quot;,&quot;mediaFocalPoint&quot;:{&quot;x&quot;:0.5,&quot;y&quot;:0.5,&quot;source&quot;:3}},{&quot;title&quot;:&quot;微信图片_20251127211102_2_64.jpg&quot;,&quot;originalSize&quot;:&quot;1440x1080&quot;,&quot;assetUrl&quot;:&quot;https://images.squarespace-cdn.com/content/v1/6914262184e7d41fe3ac8966/befb7397-2ee1-4867-863d-063b7b8bbc56/%E5%BE%AE%E4%BF%A1%E5%9B%BE%E7%89%87_20251127211102_2_64.jpg&quot;,&quot;mediaFocalPoint&quot;:{&quot;x&quot;:0.5,&quot;y&quot;:0.5,&quot;source&quot;:3}},{&quot;title&quot;:&quot;微信图片_20251127211103_3_64.jpg&quot;,&quot;originalSize&quot;:&quot;1440x1080&quot;,&quot;assetUrl&quot;:&quot;https://images.squarespace-cdn.com/content/v1/6914262184e7d41fe3ac8966/c28c7504-5562-4a74-82f8-2fc43514cac9/%E5%BE%AE%E4%BF%A1%E5%9B%BE%E7%89%87_20251127211103_3_64.jpg&quot;,&quot;mediaFocalPoint&quot;:{&quot;x&quot;:0.5,&quot;y&quot;:0.5,&quot;source&quot;:3}}],&quot;mainImage&quot;:{&quot;title&quot;:&quot;Celestial"
"honeycore-mini-snapcase-vented-hex-storage-box-3d-printed","https://www.augnach.com/shop/p/honeycore-mini-snapcase-vented-hex-storage-box-3d-printed","200","4","HoneyCore Mini SnapCase - Vented Hex Storage Box (3D Printed)","https://images.squarespace-cdn.com/content/v1/6914262184e7d41fe3ac8966/1919eb7a-1f6d-4dfd-b9a4-04bfa4341166/%E5%BE%AE%E4%BF%A1%E5%9B%BE%E7%89%87_20251127212452_166_64.jpg | https://images.squarespace-cdn.com/content/v1/6914262184e7d41fe3ac8966/29c1ba74-032d-41d0-a766-9de2cf1609c2/%E5%BE%AE%E4%BF%A1%E5%9B%BE%E7%89%87_20251127212451_165_64.jpg | https://images.squarespace-cdn.com/content/v1/6914262184e7d41fe3ac8966/29c1ba74-032d-41d0-a766-9de2cf1609c2/%E5%BE%AE%E4%BF%A1%E5%9B%BE%E7%89%87_20251127212451_165_64.jpg&quot;,&quot;mediaFocalPoint&quot;:{&quot;x&quot;:0.5,&quot;y&quot;:0.5,&quot;source&quot;:3}},{&quot;title&quot;:&quot;微信图片_20251127212452_166_64.jpg&quot;,&quot;originalSize&quot;:&quot;1440x1080&quot;,&quot;assetUrl&quot;:&quot;https://images.squarespace-cdn.com/content/v1/6914262184e7d41fe3ac8966/1919eb7a-1f6d-4dfd-b9a4-04bfa4341166/%E5%BE%AE%E4%BF%A1%E5%9B%BE%E7%89%87_20251127212452_166_64.jpg&quot;,&quot;mediaFocalPoint&quot;:{&quot;x&quot;:0.5,&quot;y&quot;:0.5,&quot;source&quot;:3}},{&quot;title&quot;:&quot;微信图片_20251127212453_167_64.jpg&quot;,&quot;originalSize&quot;:&quot;1440x1080&quot;,&quot;assetUrl&quot;:&quot;https://images.squarespace-cdn.com/content/v1/6914262184e7d41fe3ac8966/b7177605-7708-4dab-a6b1-3bcdf86f85ca/%E5%BE%AE%E4%BF%A1%E5%9B%BE%E7%89%87_20251127212453_167_64.jpg&quot;,&quot;mediaFocalPoint&quot;:{&quot;x&quot;:0.5,&quot;y&quot;:0.5,&quot;source&quot;:3}}],&quot;fullUrl&quot;:&quot;/shop/p/honeycore-mini-snapcase-vented-hex-storage-box-3d-printed&quot;,&quot;urlSlug&quot;:&quot;honeycore-mini-snapcase-vented-hex-storage-box-3d-printed&quot;,&quot;qtyInStock&quot;:9223372036854775807,&quot;allowMultiplePurchase&quot;:true,&quot;scarce&quot;:false,&quot;published&quot;:true,&quot;tags&quot;:[],&quot;mightHavePaymentPlan&quot;:false},&quot;productMerchandisingContext&quot;:{&quot;locale&quot;:&quot;en-US&quot;,&quot;showSoldOutOnVariantsDropdown&quot;:true,&quot;expressCheckout&quot;:false,&quot;pinterestOverlayEnabled&quot;:false,&quot;paymentMethodsContext&quot;:{&quot;stripeLocale&quot;:&quot;en&quot;,&quot;countryCode&quot;:&quot;US&quot;,&quot;stripeApiKey&quot;:&quot;pk_live_51MqGBrAbji8SEGIz5GA5MLiQVjOplxrZogrlgn537eHL7HMvPnF6hEE7NAQMEn9QfLnHEIHKPBdtG8nIEZjTa94m00qlZbeOJW&quot;},&quot;productReviewsContext&quot;:{&quot;productReviewsEnabled&quot;:false,&quot;displayNativeProductReviewsEnabled&quot;:false,&quot;displayImportedProductReviewsEnabled&quot;:false}},&quot;productAddOnsContext&quot;:{&quot;productAddOns&quot;:[]},&quot;collection&quot;:{&quot;id&quot;:&quot;6914262184e7d41fe3ac89a5&quot;,&quot;websiteId&quot;:&quot;6914262184e7d41fe3ac8966&quot;,&quot;title&quot;:&quot;SHOP&quot;,&quot;fullUrl&quot;:&quot;/shop&quot;},&quot;uiExtensionsContext&quot;:{&quot;product-badge&quot;:&quot;sqs-uiextensions-product-badge&quot;,&quot;product-body&quot;:&quot;sqs-uiextensions-product-body&quot;,&quot;product-badge-mobile&quot;:&quot;sqs-uiextensions-product-badge-mobile&quot;,&quot;product-body-mobile&quot;:&quot;sqs-uiextensions-product-body-mobile&quot;,&quot;product-collection-item&quot;:&quot;sqs-uiextensions-product-collection-item&quot;,&quot;scripts-enabled&quot;:false},&quot;recaptchaEnterpriseContext&quot;:{&quot;recaptchaEnterpriseSiteKey&quot;:&quot;6LdDFQwjAAAAAPigEvvPgEVbb7QBm-TkVJdDTlAv&quot;},&quot;modernizedPdpM2Enabled&quot;:true,&quot;flaggingContext&quot;:{&quot;isModernizedPdpM3LayoutUxEnabled&quot;:true,&quot;isModernizedPdpM2Enabled&quot;:true,&quot;isCommerceProductPaymentPlanEnabled&quot;:true,&quot;isProductListFiltersV2SeparateCategoriesEnabled&quot;:false}} | https://images.squarespace-cdn.com/content/v1/6914262184e7d41fe3ac8966/b7177605-7708-4dab-a6b1-3bcdf86f85ca/%E5%BE%AE%E4%BF%A1%E5%9B%BE%E7%89%87_20251127212453_167_64.jpg"
"orbital-kinetic-spinner","https://www.augnach.com/shop/p/orbital-kinetic-spinner","200","4","Orbital Kinetic Spinner","https://images.squarespace-cdn.com/content/v1/6914262184e7d41fe3ac8966/a2d0eef7-6d91-4285-ba19-0f244ae21edf/%E5%BE%AE%E4%BF%A1%E5%9B%BE%E7%89%87_20251127211247_106_64.jpg | https://images.squarespace-cdn.com/content/v1/6914262184e7d41fe3ac8966/b9e5ea12-64fc-4be7-bed4-af21c86e2910/%E5%BE%AE%E4%BF%A1%E5%9B%BE%E7%89%87_20251127211248_107_64.jpg | https://images.squarespace-cdn.com/content/v1/6914262184e7d41fe3ac8966/e0c13a71-4eb2-425c-98e2-6f053f3f5eec/%E5%BE%AE%E4%BF%A1%E5%9B%BE%E7%89%87_20251127211246_105_64.jpg | https://images.squarespace-cdn.com/content/v1/6914262184e7d41fe3ac8966/e0c13a71-4eb2-425c-98e2-6f053f3f5eec/%E5%BE%AE%E4%BF%A1%E5%9B%BE%E7%89%87_20251127211246_105_64.jpg&quot;,&quot;mediaFocalPoint&quot;:{&quot;x&quot;:0.5,&quot;y&quot;:0.5,&quot;source&quot;:3}},{&quot;title&quot;:&quot;微信图片_20251127211247_106_64.jpg&quot;,&quot;originalSize&quot;:&quot;1440x1080&quot;,&quot;assetUrl&quot;:&quot;https://images.squarespace-cdn.com/content/v1/6914262184e7d41fe3ac8966/a2d0eef7-6d91-4285-ba19-0f244ae21edf/%E5%BE%AE%E4%BF%A1%E5%9B%BE%E7%89%87_20251127211247_106_64.jpg&quot;,&quot;mediaFocalPoint&quot;:{&quot;x&quot;:0.5,&quot;y&quot;:0.5,&quot;source&quot;:3}},{&quot;title&quot;:&quot;微信图片_20251127211248_107_64.jpg&quot;,&quot;originalSize&quot;:&quot;1440x1080&quot;,&quot;assetUrl&quot;:&quot;https://images.squarespace-cdn.com/content/v1/6914262184e7d41fe3ac8966/b9e5ea12-64fc-4be7-bed4-af21c86e2910/%E5%BE%AE%E4%BF%A1%E5%9B%BE%E7%89%87_20251127211248_107_64.jpg&quot;,&quot;mediaFocalPoint&quot;:{&quot;x&quot;:0.5,&quot;y&quot;:0.5,&quot;source&quot;:3}}],&quot;fullUrl&quot;:&quot;/shop/p/orbital-kinetic-spinner&quot;,&quot;urlSlug&quot;:&quot;orbital-kinetic-spinner&quot;,&quot;qtyInStock&quot;:9223372036854775807,&quot;allowMultiplePurchase&quot;:true,&quot;scarce&quot;:false,&quot;published&quot;:true,&quot;tags&quot;:[],&quot;mightHavePaymentPlan&quot;:false},&quot;productMerchandisingContext&quot;:{&quot;locale&quot;:&quot;en-US&quot;,&quot;showSoldOutOnVariantsDropdown&quot;:true,&quot;expressCheckout&quot;:false,&quot;pinterestOverlayEnabled&quot;:false,&quot;paymentMethodsContext&quot;:{&quot;stripeLocale&quot;:&quot;en&quot;,&quot;countryCode&quot;:&quot;US&quot;,&quot;stripeApiKey&quot;:&quot;pk_live_51MqGBrAbji8SEGIz5GA5MLiQVjOplxrZogrlgn537eHL7HMvPnF6hEE7NAQMEn9QfLnHEIHKPBdtG8nIEZjTa94m00qlZbeOJW&quot;},&quot;productReviewsContext&quot;:{&quot;productReviewsEnabled&quot;:false,&quot;displayNativeProductReviewsEnabled&quot;:false,&quot;displayImportedProductReviewsEnabled&quot;:false}},&quot;productAddOnsContext&quot;:{&quot;productAddOns&quot;:[]},&quot;collection&quot;:{&quot;id&quot;:&quot;6914262184e7d41fe3ac89a5&quot;,&quot;websiteId&quot;:&quot;6914262184e7d41fe3ac8966&quot;,&quot;title&quot;:&quot;SHOP&quot;,&quot;fullUrl&quot;:&quot;/shop&quot;},&quot;uiExtensionsContext&quot;:{&quot;product-badge&quot;:&quot;sqs-uiextensions-product-badge&quot;,&quot;product-body&quot;:&quot;sqs-uiextensions-product-body&quot;,&quot;product-badge-mobile&quot;:&quot;sqs-uiextensions-product-badge-mobile&quot;,&quot;product-body-mobile&quot;:&quot;sqs-uiextensions-product-body-mobile&quot;,&quot;product-collection-item&quot;:&quot;sqs-uiextensions-product-collection-item&quot;,&quot;scripts-enabled&quot;:false},&quot;recaptchaEnterpriseContext&quot;:{&quot;recaptchaEnterpriseSiteKey&quot;:&quot;6LdDFQwjAAAAAPigEvvPgEVbb7QBm-TkVJdDTlAv&quot;},&quot;modernizedPdpM2Enabled&quot;:true,&quot;flaggingContext&quot;:{&quot;isModernizedPdpM3LayoutUxEnabled&quot;:true,&quot;isModernizedPdpM2Enabled&quot;:true,&quot;isCommerceProductPaymentPlanEnabled&quot;:true,&quot;isProductListFiltersV2SeparateCategoriesEnabled&quot;:false}}"
"tri-slot-desk-organizer","https://www.augnach.com/shop/p/tri-slot-desk-organizer","200","4","Tri-Slot Desk Organizer","https://images.squarespace-cdn.com/content/v1/6914262184e7d41fe3ac8966/9f7e7e4f-5abd-41b2-aa9e-dce308b3713e/%E5%BE%AE%E4%BF%A1%E5%9B%BE%E7%89%87_20251127212431_143_64.jpg | https://images.squarespace-cdn.com/content/v1/6914262184e7d41fe3ac8966/a7c90c8a-4c4e-48fd-b342-56827df9b5b2/%E5%BE%AE%E4%BF%A1%E5%9B%BE%E7%89%87_20251127212430_142_64.jpg | https://images.squarespace-cdn.com/content/v1/6914262184e7d41fe3ac8966/b49b2378-df19-4999-9d77-7dae763b66b1/%E5%BE%AE%E4%BF%A1%E5%9B%BE%E7%89%87_20251127212429_141_64.jpg | https://images.squarespace-cdn.com/content/v1/6914262184e7d41fe3ac8966/b49b2378-df19-4999-9d77-7dae763b66b1/%E5%BE%AE%E4%BF%A1%E5%9B%BE%E7%89%87_20251127212429_141_64.jpg&quot;,&quot;mediaFocalPoint&quot;:{&quot;x&quot;:0.5,&quot;y&quot;:0.5,&quot;source&quot;:3}},{&quot;title&quot;:&quot;微信图片_20251127212430_142_64.jpg&quot;,&quot;originalSize&quot;:&quot;1440x1080&quot;,&quot;assetUrl&quot;:&quot;https://images.squarespace-cdn.com/content/v1/6914262184e7d41fe3ac8966/a7c90c8a-4c4e-48fd-b342-56827df9b5b2/%E5%BE%AE%E4%BF%A1%E5%9B%BE%E7%89%87_20251127212430_142_64.jpg&quot;,&quot;mediaFocalPoint&quot;:{&quot;x&quot;:0.5,&quot;y&quot;:0.5,&quot;source&quot;:3}},{&quot;title&quot;:&quot;微信图片_20251127212431_143_64.jpg&quot;,&quot;originalSize&quot;:&quot;1440x1080&quot;,&quot;assetUrl&quot;:&quot;https://images.squarespace-cdn.com/content/v1/6914262184e7d41fe3ac8966/9f7e7e4f-5abd-41b2-aa9e-dce308b3713e/%E5%BE%AE%E4%BF%A1%E5%9B%BE%E7%89%87_20251127212431_143_64.jpg&quot;,&quot;mediaFocalPoint&quot;:{&quot;x&quot;:0.5,&quot;y&quot;:0.5,&quot;source&quot;:3}}],&quot;fullUrl&quot;:&quot;/shop/p/tri-slot-desk-organizer&quot;,&quot;urlSlug&quot;:&quot;tri-slot-desk-organizer&quot;,&quot;qtyInStock&quot;:9223372036854775807,&quot;allowMultiplePurchase&quot;:true,&quot;scarce&quot;:false,&quot;published&quot;:true,&quot;tags&quot;:[],&quot;mightHavePaymentPlan&quot;:false},&quot;productMerchandisingContext&quot;:{&quot;locale&quot;:&quot;en-US&quot;,&quot;showSoldOutOnVariantsDropdown&quot;:true,&quot;expressCheckout&quot;:false,&quot;pinterestOverlayEnabled&quot;:false,&quot;paymentMethodsContext&quot;:{&quot;stripeLocale&quot;:&quot;en&quot;,&quot;countryCode&quot;:&quot;US&quot;,&quot;stripeApiKey&quot;:&quot;pk_live_51MqGBrAbji8SEGIz5GA5MLiQVjOplxrZogrlgn537eHL7HMvPnF6hEE7NAQMEn9QfLnHEIHKPBdtG8nIEZjTa94m00qlZbeOJW&quot;},&quot;productReviewsContext&quot;:{&quot;productReviewsEnabled&quot;:false,&quot;displayNativeProductReviewsEnabled&quot;:false,&quot;displayImportedProductReviewsEnabled&quot;:false}},&quot;productAddOnsContext&quot;:{&quot;productAddOns&quot;:[]},&quot;collection&quot;:{&quot;id&quot;:&quot;6914262184e7d41fe3ac89a5&quot;,&quot;websiteId&quot;:&quot;6914262184e7d41fe3ac8966&quot;,&quot;title&quot;:&quot;SHOP&quot;,&quot;fullUrl&quot;:&quot;/shop&quot;},&quot;uiExtensionsContext&quot;:{&quot;product-badge&quot;:&quot;sqs-uiextensions-product-badge&quot;,&quot;product-body&quot;:&quot;sqs-uiextensions-product-body&quot;,&quot;product-badge-mobile&quot;:&quot;sqs-uiextensions-product-badge-mobile&quot;,&quot;product-body-mobile&quot;:&quot;sqs-uiextensions-product-body-mobile&quot;,&quot;product-collection-item&quot;:&quot;sqs-uiextensions-product-collection-item&quot;,&quot;scripts-enabled&quot;:false},&quot;recaptchaEnterpriseContext&quot;:{&quot;recaptchaEnterpriseSiteKey&quot;:&quot;6LdDFQwjAAAAAPigEvvPgEVbb7QBm-TkVJdDTlAv&quot;},&quot;modernizedPdpM2Enabled&quot;:true,&quot;flaggingContext&quot;:{&quot;isModernizedPdpM3LayoutUxEnabled&quot;:true,&quot;isModernizedPdpM2Enabled&quot;:true,&quot;isCommerceProductPaymentPlanEnabled&quot;:true,&quot;isProductListFiltersV2SeparateCategoriesEnabled&quot;:false}}"
"orbitgear-kinetic-ring","https://www.augnach.com/shop/p/orbitgear-kinetic-ring","200","4","OrbitGear Kinetic Ring","https://images.squarespace-cdn.com/content/v1/6914262184e7d41fe3ac8966/a7c09730-729a-4ce5-9c07-0955739bd5c2/%E5%BE%AE%E4%BF%A1%E5%9B%BE%E7%89%87_20251127211259_118_64.jpg | https://images.squarespace-cdn.com/content/v1/6914262184e7d41fe3ac8966/a7c09730-729a-4ce5-9c07-0955739bd5c2/%E5%BE%AE%E4%BF%A1%E5%9B%BE%E7%89%87_20251127211259_118_64.jpg&quot;,&quot;mediaFocalPoint&quot;:{&quot;x&quot;:0.5,&quot;y&quot;:0.5,&quot;source&quot;:3}},{&quot;title&quot;:&quot;微信图片_20251127211300_119_64.jpg&quot;,&quot;originalSize&quot;:&quot;1440x1080&quot;,&quot;assetUrl&quot;:&quot;https://images.squarespace-cdn.com/content/v1/6914262184e7d41fe3ac8966/c6bde580-3090-4b97-9f31-8943e91d514f/%E5%BE%AE%E4%BF%A1%E5%9B%BE%E7%89%87_20251127211300_119_64.jpg&quot;,&quot;mediaFocalPoint&quot;:{&quot;x&quot;:0.5,&quot;y&quot;:0.5,&quot;source&quot;:3}},{&quot;title&quot;:&quot;微信图片_20251127211301_120_64.jpg&quot;,&quot;originalSize&quot;:&quot;1440x1080&quot;,&quot;assetUrl&quot;:&quot;https://images.squarespace-cdn.com/content/v1/6914262184e7d41fe3ac8966/b17a9828-847a-4018-870c-373cf0a347a2/%E5%BE%AE%E4%BF%A1%E5%9B%BE%E7%89%87_20251127211301_120_64.jpg&quot;,&quot;mediaFocalPoint&quot;:{&quot;x&quot;:0.5,&quot;y&quot;:0.5,&quot;source&quot;:3}}],&quot;fullUrl&quot;:&quot;/shop/p/orbitgear-kinetic-ring&quot;,&quot;urlSlug&quot;:&quot;orbitgear-kinetic-ring&quot;,&quot;qtyInStock&quot;:9223372036854775807,&quot;allowMultiplePurchase&quot;:true,&quot;scarce&quot;:false,&quot;published&quot;:true,&quot;tags&quot;:[],&quot;mightHavePaymentPlan&quot;:false},&quot;productMerchandisingContext&quot;:{&quot;locale&quot;:&quot;en-US&quot;,&quot;showSoldOutOnVariantsDropdown&quot;:true,&quot;expressCheckout&quot;:false,&quot;pinterestOverlayEnabled&quot;:false,&quot;paymentMethodsContext&quot;:{&quot;stripeLocale&quot;:&quot;en&quot;,&quot;countryCode&quot;:&quot;US&quot;,&quot;stripeApiKey&quot;:&quot;pk_live_51MqGBrAbji8SEGIz5GA5MLiQVjOplxrZogrlgn537eHL7HMvPnF6hEE7NAQMEn9QfLnHEIHKPBdtG8nIEZjTa94m00qlZbeOJW&quot;},&quot;productReviewsContext&quot;:{&quot;productReviewsEnabled&quot;:false,&quot;displayNativeProductReviewsEnabled&quot;:false,&quot;displayImportedProductReviewsEnabled&quot;:false}},&quot;productAddOnsContext&quot;:{&quot;productAddOns&quot;:[]},&quot;collection&quot;:{&quot;id&quot;:&quot;6914262184e7d41fe3ac89a5&quot;,&quot;websiteId&quot;:&quot;6914262184e7d41fe3ac8966&quot;,&quot;title&quot;:&quot;SHOP&quot;,&quot;fullUrl&quot;:&quot;/shop&quot;},&quot;uiExtensionsContext&quot;:{&quot;product-badge&quot;:&quot;sqs-uiextensions-product-badge&quot;,&quot;product-body&quot;:&quot;sqs-uiextensions-product-body&quot;,&quot;product-badge-mobile&quot;:&quot;sqs-uiextensions-product-badge-mobile&quot;,&quot;product-body-mobile&quot;:&quot;sqs-uiextensions-product-body-mobile&quot;,&quot;product-collection-item&quot;:&quot;sqs-uiextensions-product-collection-item&quot;,&quot;scripts-enabled&quot;:false},&quot;recaptchaEnterpriseContext&quot;:{&quot;recaptchaEnterpriseSiteKey&quot;:&quot;6LdDFQwjAAAAAPigEvvPgEVbb7QBm-TkVJdDTlAv&quot;},&quot;modernizedPdpM2Enabled&quot;:true,&quot;flaggingContext&quot;:{&quot;isModernizedPdpM3LayoutUxEnabled&quot;:true,&quot;isModernizedPdpM2Enabled&quot;:true,&quot;isCommerceProductPaymentPlanEnabled&quot;:true,&quot;isProductListFiltersV2SeparateCategoriesEnabled&quot;:false}} | https://images.squarespace-cdn.com/content/v1/6914262184e7d41fe3ac8966/b17a9828-847a-4018-870c-373cf0a347a2/%E5%BE%AE%E4%BF%A1%E5%9B%BE%E7%89%87_20251127211301_120_64.jpg | https://images.squarespace-cdn.com/content/v1/6914262184e7d41fe3ac8966/c6bde580-3090-4b97-9f31-8943e91d514f/%E5%BE%AE%E4%BF%A1%E5%9B%BE%E7%89%87_20251127211300_119_64.jpg"
"neuroform-brain-sculpture","https://www.augnach.com/shop/p/neuroform-brain-sculpture","200","7","NeuroForm Brain Sculpture","https://images.squarespace-cdn.com/content/v1/6914262184e7d41fe3ac8966/4bd92bae-a33a-4b03-bcde-82d1011c741c/%E5%BE%AE%E4%BF%A1%E5%9B%BE%E7%89%87_20251127211241_100_64.jpg | https://images.squarespace-cdn.com/content/v1/6914262184e7d41fe3ac8966/5c8083ef-50f0-469d-8fc8-54ab033f6856/%E5%BE%AE%E4%BF%A1%E5%9B%BE%E7%89%87_20251127211241_100_64%281%29.jpg | https://images.squarespace-cdn.com/content/v1/6914262184e7d41fe3ac8966/5c8083ef-50f0-469d-8fc8-54ab033f6856/%E5%BE%AE%E4%BF%A1%E5%9B%BE%E7%89%87_20251127211241_100_64%281%29.jpg&quot;,&quot;mediaFocalPoint&quot;:{&quot;x&quot;:0.5,&quot;y&quot;:0.5,&quot;source&quot;:3}},{&quot;title&quot;:&quot;微信图片_20251127211241_100_64.jpg&quot;,&quot;originalSize&quot;:&quot;1799x1080&quot;,&quot;assetUrl&quot;:&quot;https://images.squarespace-cdn.com/content/v1/6914262184e7d41fe3ac8966/4bd92bae-a33a-4b03-bcde-82d1011c741c/%E5%BE%AE%E4%BF%A1%E5%9B%BE%E7%89%87_20251127211241_100_64.jpg&quot;,&quot;mediaFocalPoint&quot;:{&quot;x&quot;:0.5,&quot;y&quot;:0.5,&quot;source&quot;:3}},{&quot;title&quot;:&quot;微信图片_20251127211242_101_64.jpg&quot;,&quot;originalSize&quot;:&quot;1799x1080&quot;,&quot;assetUrl&quot;:&quot;https://images.squarespace-cdn.com/content/v1/6914262184e7d41fe3ac8966/6c4234ce-f394-44e9-8d39-79353deda63c/%E5%BE%AE%E4%BF%A1%E5%9B%BE%E7%89%87_20251127211242_101_64.jpg&quot;,&quot;mediaFocalPoint&quot;:{&quot;x&quot;:0.5,&quot;y&quot;:0.5,&quot;source&quot;:3}}],&quot;fullUrl&quot;:&quot;/shop/p/neuroform-brain-sculpture&quot;,&quot;urlSlug&quot;:&quot;neuroform-brain-sculpture&quot;,&quot;qtyInStock&quot;:9223372036854775807,&quot;allowMultiplePurchase&quot;:true,&quot;scarce&quot;:false,&quot;published&quot;:true,&quot;tags&quot;:[],&quot;mightHavePaymentPlan&quot;:false},&quot;productMerchandisingContext&quot;:{&quot;locale&quot;:&quot;en-US&quot;,&quot;showSoldOutOnVariantsDropdown&quot;:true,&quot;expressCheckout&quot;:false,&quot;pinterestOverlayEnabled&quot;:false,&quot;paymentMethodsContext&quot;:{&quot;stripeLocale&quot;:&quot;en&quot;,&quot;countryCode&quot;:&quot;US&quot;,&quot;stripeApiKey&quot;:&quot;pk_live_51MqGBrAbji8SEGIz5GA5MLiQVjOplxrZogrlgn537eHL7HMvPnF6hEE7NAQMEn9QfLnHEIHKPBdtG8nIEZjTa94m00qlZbeOJW&quot;},&quot;productReviewsContext&quot;:{&quot;productReviewsEnabled&quot;:false,&quot;displayNativeProductReviewsEnabled&quot;:false,&quot;displayImportedProductReviewsEnabled&quot;:false}},&quot;productAddOnsContext&quot;:{&quot;productAddOns&quot;:[]},&quot;collection&quot;:{&quot;id&quot;:&quot;6914262184e7d41fe3ac89a5&quot;,&quot;websiteId&quot;:&quot;6914262184e7d41fe3ac8966&quot;,&quot;title&quot;:&quot;SHOP&quot;,&quot;fullUrl&quot;:&quot;/shop&quot;},&quot;uiExtensionsContext&quot;:{&quot;product-badge&quot;:&quot;sqs-uiextensions-product-badge&quot;,&quot;product-body&quot;:&quot;sqs-uiextensions-product-body&quot;,&quot;product-badge-mobile&quot;:&quot;sqs-uiextensions-product-badge-mobile&quot;,&quot;product-body-mobile&quot;:&quot;sqs-uiextensions-product-body-mobile&quot;,&quot;product-collection-item&quot;:&quot;sqs-uiextensions-product-collection-item&quot;,&quot;scripts-enabled&quot;:false},&quot;recaptchaEnterpriseContext&quot;:{&quot;recaptchaEnterpriseSiteKey&quot;:&quot;6LdDFQwjAAAAAPigEvvPgEVbb7QBm-TkVJdDTlAv&quot;},&quot;modernizedPdpM2Enabled&quot;:true,&quot;flaggingContext&quot;:{&quot;isModernizedPdpM3LayoutUxEnabled&quot;:true,&quot;isModernizedPdpM2Enabled&quot;:true,&quot;isCommerceProductPaymentPlanEnabled&quot;:true,&quot;isProductListFiltersV2SeparateCategoriesEnabled&quot;:false}} | https://images.squarespace-cdn.com/content/v1/6914262184e7d41fe3ac8966/6c4234ce-f394-44e9-8d39-79353deda63c/%E5%BE%AE%E4%BF%A1%E5%9B%BE%E7%89%87_20251127211242_101_64.jpg | https://images.squarespace-cdn.com/content/v1/6914262184e7d41fe3ac8966/f5da595d-0a23-4e31-be5c-696086a8c5cb/%E5%BE%AE%E4%BF%A1%E5%9B%BE%E7%89%87_20251127211240_99_64%281%29.jpg | https://images.squarespace-cdn.com/content/v1/6914262184e7d41fe3ac8966/f5da595d-0a23-4e31-be5c-696086a8c5cb/%E5%BE%AE%E4%BF%A1%E5%9B%BE%E7%89%87_20251127211240_99_64%281%29.jpg&quot;,&quot;mediaFocalPoint&quot;:{&quot;x&quot;:0.5,&quot;y&quot;:0.5,&quot;source&quot;:3}},{&quot;title&quot;:&quot;微信图片_20251127211240_99_64.jpg&quot;,&quot;originalSize&quot;:&quot;1440x1080&quot;,&quot;assetUrl&quot;:&quot;https://images.squarespace-cdn.com/content/v1/6914262184e7d41fe3ac8966/f82d9705-d81b-4f46-997f-8fc81e3085bb/%E5%BE%AE%E4%BF%A1%E5%9B%BE%E7%89%87_20251127211240_99_64.jpg&quot;,&quot;mediaFocalPoint&quot;:{&quot;x&quot;:0.5,&quot;y&quot;:0.5,&quot;source&quot;:3}},{&quot;title&quot;:&quot;微信图片_20251127211241_100_64(1 | https://images.squarespace-cdn.com/content/v1/6914262184e7d41fe3ac8966/f82d9705-d81b-4f46-997f-8fc81e3085bb/%E5%BE%AE%E4%BF%A1%E5%9B%BE%E7%89%87_20251127211240_99_64.jpg"
"spireclaw-warrior-figurine","https://www.augnach.com/shop/p/spireclaw-warrior-figurine","200","4","Spireclaw Warrior Figurine","https://images.squarespace-cdn.com/content/v1/6914262184e7d41fe3ac8966/4619f64c-7fd8-4a01-b7f5-2d5d68a5f9c3/%E5%BE%AE%E4%BF%A1%E5%9B%BE%E7%89%87_20251127211204_60_64.jpg | https://images.squarespace-cdn.com/content/v1/6914262184e7d41fe3ac8966/e85acdd6-ec96-45af-ad58-37e5a540164a/%E5%BE%AE%E4%BF%A1%E5%9B%BE%E7%89%87_20251127211203_59_64.jpg | https://images.squarespace-cdn.com/content/v1/6914262184e7d41fe3ac8966/e85acdd6-ec96-45af-ad58-37e5a540164a/%E5%BE%AE%E4%BF%A1%E5%9B%BE%E7%89%87_20251127211203_59_64.jpg&quot;,&quot;mediaFocalPoint&quot;:{&quot;x&quot;:0.5,&quot;y&quot;:0.5,&quot;source&quot;:3}},{&quot;title&quot;:&quot;微信图片_20251127211204_60_64.jpg&quot;,&quot;originalSize&quot;:&quot;1440x1080&quot;,&quot;assetUrl&quot;:&quot;https://images.squarespace-cdn.com/content/v1/6914262184e7d41fe3ac8966/4619f64c-7fd8-4a01-b7f5-2d5d68a5f9c3/%E5%BE%AE%E4%BF%A1%E5%9B%BE%E7%89%87_20251127211204_60_64.jpg&quot;,&quot;mediaFocalPoint&quot;:{&quot;x&quot;:0.5,&quot;y&quot;:0.5,&quot;source&quot;:3}},{&quot;title&quot;:&quot;微信图片_20251127211205_61_64.jpg&quot;,&quot;originalSize&quot;:&quot;1440x1080&quot;,&quot;assetUrl&quot;:&quot;https://images.squarespace-cdn.com/content/v1/6914262184e7d41fe3ac8966/fcc29fb3-83f8-4c28-9237-9025213dbc6f/%E5%BE%AE%E4%BF%A1%E5%9B%BE%E7%89%87_20251127211205_61_64.jpg&quot;,&quot;mediaFocalPoint&quot;:{&quot;x&quot;:0.5,&quot;y&quot;:0.5,&quot;source&quot;:3}}],&quot;fullUrl&quot;:&quot;/shop/p/spireclaw-warrior-figurine&quot;,&quot;urlSlug&quot;:&quot;spireclaw-warrior-figurine&quot;,&quot;qtyInStock&quot;:9223372036854775807,&quot;allowMultiplePurchase&quot;:true,&quot;scarce&quot;:false,&quot;published&quot;:true,&quot;tags&quot;:[],&quot;mightHavePaymentPlan&quot;:false},&quot;productMerchandisingContext&quot;:{&quot;locale&quot;:&quot;en-US&quot;,&quot;showSoldOutOnVariantsDropdown&quot;:true,&quot;expressCheckout&quot;:false,&quot;pinterestOverlayEnabled&quot;:false,&quot;paymentMethodsContext&quot;:{&quot;stripeLocale&quot;:&quot;en&quot;,&quot;countryCode&quot;:&quot;US&quot;,&quot;stripeApiKey&quot;:&quot;pk_live_51MqGBrAbji8SEGIz5GA5MLiQVjOplxrZogrlgn537eHL7HMvPnF6hEE7NAQMEn9QfLnHEIHKPBdtG8nIEZjTa94m00qlZbeOJW&quot;},&quot;productReviewsContext&quot;:{&quot;productReviewsEnabled&quot;:false,&quot;displayNativeProductReviewsEnabled&quot;:false,&quot;displayImportedProductReviewsEnabled&quot;:false}},&quot;productAddOnsContext&quot;:{&quot;productAddOns&quot;:[]},&quot;collection&quot;:{&quot;id&quot;:&quot;6914262184e7d41fe3ac89a5&quot;,&quot;websiteId&quot;:&quot;6914262184e7d41fe3ac8966&quot;,&quot;title&quot;:&quot;SHOP&quot;,&quot;fullUrl&quot;:&quot;/shop&quot;},&quot;uiExtensionsContext&quot;:{&quot;product-badge&quot;:&quot;sqs-uiextensions-product-badge&quot;,&quot;product-body&quot;:&quot;sqs-uiextensions-product-body&quot;,&quot;product-badge-mobile&quot;:&quot;sqs-uiextensions-product-badge-mobile&quot;,&quot;product-body-mobile&quot;:&quot;sqs-uiextensions-product-body-mobile&quot;,&quot;product-collection-item&quot;:&quot;sqs-uiextensions-product-collection-item&quot;,&quot;scripts-enabled&quot;:false},&quot;recaptchaEnterpriseContext&quot;:{&quot;recaptchaEnterpriseSiteKey&quot;:&quot;6LdDFQwjAAAAAPigEvvPgEVbb7QBm-TkVJdDTlAv&quot;},&quot;modernizedPdpM2Enabled&quot;:true,&quot;flaggingContext&quot;:{&quot;isModernizedPdpM3LayoutUxEnabled&quot;:true,&quot;isModernizedPdpM2Enabled&quot;:true,&quot;isCommerceProductPaymentPlanEnabled&quot;:true,&quot;isProductListFiltersV2SeparateCategoriesEnabled&quot;:false}} | https://images.squarespace-cdn.com/content/v1/6914262184e7d41fe3ac8966/fcc29fb3-83f8-4c28-9237-9025213dbc6f/%E5%BE%AE%E4%BF%A1%E5%9B%BE%E7%89%87_20251127211205_61_64.jpg"
"serpentspire-articulated-dragon","https://www.augnach.com/shop/p/serpentspire-articulated-dragon","200","4","SerpentSpire Articulated Dragon","https://images.squarespace-cdn.com/content/v1/6914262184e7d41fe3ac8966/10f66cc1-5fd4-48e4-8e4b-711145d89761/%E5%BE%AE%E4%BF%A1%E5%9B%BE%E7%89%87_20251127211147_42_64.jpg | https://images.squarespace-cdn.com/content/v1/6914262184e7d41fe3ac8966/1eabc33b-54a3-4d7f-967d-28efaec013af/%E5%BE%AE%E4%BF%A1%E5%9B%BE%E7%89%87_20251127211146_41_64.jpg | https://images.squarespace-cdn.com/content/v1/6914262184e7d41fe3ac8966/1eabc33b-54a3-4d7f-967d-28efaec013af/%E5%BE%AE%E4%BF%A1%E5%9B%BE%E7%89%87_20251127211146_41_64.jpg&quot;,&quot;mediaFocalPoint&quot;:{&quot;x&quot;:0.5,&quot;y&quot;:0.5,&quot;source&quot;:3}},{&quot;title&quot;:&quot;微信图片_20251127211147_42_64.jpg&quot;,&quot;originalSize&quot;:&quot;1440x1080&quot;,&quot;assetUrl&quot;:&quot;https://images.squarespace-cdn.com/content/v1/6914262184e7d41fe3ac8966/10f66cc1-5fd4-48e4-8e4b-711145d89761/%E5%BE%AE%E4%BF%A1%E5%9B%BE%E7%89%87_20251127211147_42_64.jpg&quot;,&quot;mediaFocalPoint&quot;:{&quot;x&quot;:0.5,&quot;y&quot;:0.5,&quot;source&quot;:3}},{&quot;title&quot;:&quot;微信图片_20251127211148_43_64.jpg&quot;,&quot;originalSize&quot;:&quot;1440x1080&quot;,&quot;assetUrl&quot;:&quot;https://images.squarespace-cdn.com/content/v1/6914262184e7d41fe3ac8966/435b3263-a42f-4ab1-a164-239c4db8379a/%E5%BE%AE%E4%BF%A1%E5%9B%BE%E7%89%87_20251127211148_43_64.jpg&quot;,&quot;mediaFocalPoint&quot;:{&quot;x&quot;:0.5,&quot;y&quot;:0.5,&quot;source&quot;:3}}],&quot;fullUrl&quot;:&quot;/shop/p/serpentspire-articulated-dragon&quot;,&quot;urlSlug&quot;:&quot;serpentspire-articulated-dragon&quot;,&quot;qtyInStock&quot;:9223372036854775807,&quot;allowMultiplePurchase&quot;:true,&quot;scarce&quot;:false,&quot;published&quot;:true,&quot;tags&quot;:[],&quot;mightHavePaymentPlan&quot;:false},&quot;productMerchandisingContext&quot;:{&quot;locale&quot;:&quot;en-US&quot;,&quot;showSoldOutOnVariantsDropdown&quot;:true,&quot;expressCheckout&quot;:false,&quot;pinterestOverlayEnabled&quot;:false,&quot;paymentMethodsContext&quot;:{&quot;stripeLocale&quot;:&quot;en&quot;,&quot;countryCode&quot;:&quot;US&quot;,&quot;stripeApiKey&quot;:&quot;pk_live_51MqGBrAbji8SEGIz5GA5MLiQVjOplxrZogrlgn537eHL7HMvPnF6hEE7NAQMEn9QfLnHEIHKPBdtG8nIEZjTa94m00qlZbeOJW&quot;},&quot;productReviewsContext&quot;:{&quot;productReviewsEnabled&quot;:false,&quot;displayNativeProductReviewsEnabled&quot;:false,&quot;displayImportedProductReviewsEnabled&quot;:false}},&quot;productAddOnsContext&quot;:{&quot;productAddOns&quot;:[]},&quot;collection&quot;:{&quot;id&quot;:&quot;6914262184e7d41fe3ac89a5&quot;,&quot;websiteId&quot;:&quot;6914262184e7d41fe3ac8966&quot;,&quot;title&quot;:&quot;SHOP&quot;,&quot;fullUrl&quot;:&quot;/shop&quot;},&quot;uiExtensionsContext&quot;:{&quot;product-badge&quot;:&quot;sqs-uiextensions-product-badge&quot;,&quot;product-body&quot;:&quot;sqs-uiextensions-product-body&quot;,&quot;product-badge-mobile&quot;:&quot;sqs-uiextensions-product-badge-mobile&quot;,&quot;product-body-mobile&quot;:&quot;sqs-uiextensions-product-body-mobile&quot;,&quot;product-collection-item&quot;:&quot;sqs-uiextensions-product-collection-item&quot;,&quot;scripts-enabled&quot;:false},&quot;recaptchaEnterpriseContext&quot;:{&quot;recaptchaEnterpriseSiteKey&quot;:&quot;6LdDFQwjAAAAAPigEvvPgEVbb7QBm-TkVJdDTlAv&quot;},&quot;modernizedPdpM2Enabled&quot;:true,&quot;flaggingContext&quot;:{&quot;isModernizedPdpM3LayoutUxEnabled&quot;:true,&quot;isModernizedPdpM2Enabled&quot;:true,&quot;isCommerceProductPaymentPlanEnabled&quot;:true,&quot;isProductListFiltersV2SeparateCategoriesEnabled&quot;:false}} | https://images.squarespace-cdn.com/content/v1/6914262184e7d41fe3ac8966/435b3263-a42f-4ab1-a164-239c4db8379a/%E5%BE%AE%E4%BF%A1%E5%9B%BE%E7%89%87_20251127211148_43_64.jpg"
"geofacet-display-bowl","https://www.augnach.com/shop/p/geofacet-display-bowl","200","4","GeoFacet Display Bowl","https://images.squarespace-cdn.com/content/v1/6914262184e7d41fe3ac8966/a9e1b0f4-36dd-46a0-bd59-d227a88c457f/%E5%BE%AE%E4%BF%A1%E5%9B%BE%E7%89%87_20251127212449_163_64.jpg | https://images.squarespace-cdn.com/content/v1/6914262184e7d41fe3ac8966/d6ae679b-d217-4e56-881e-9a3f45533ab6/%E5%BE%AE%E4%BF%A1%E5%9B%BE%E7%89%87_20251127212448_162_64.jpg | https://images.squarespace-cdn.com/content/v1/6914262184e7d41fe3ac8966/d6ae679b-d217-4e56-881e-9a3f45533ab6/%E5%BE%AE%E4%BF%A1%E5%9B%BE%E7%89%87_20251127212448_162_64.jpg&quot;,&quot;mediaFocalPoint&quot;:{&quot;x&quot;:0.5,&quot;y&quot;:0.5,&quot;source&quot;:3}},{&quot;title&quot;:&quot;微信图片_20251127212449_163_64.jpg&quot;,&quot;originalSize&quot;:&quot;1440x1080&quot;,&quot;assetUrl&quot;:&quot;https://images.squarespace-cdn.com/content/v1/6914262184e7d41fe3ac8966/a9e1b0f4-36dd-46a0-bd59-d227a88c457f/%E5%BE%AE%E4%BF%A1%E5%9B%BE%E7%89%87_20251127212449_163_64.jpg&quot;,&quot;mediaFocalPoint&quot;:{&quot;x&quot;:0.5,&quot;y&quot;:0.5,&quot;source&quot;:3}},{&quot;title&quot;:&quot;微信图片_20251127212450_164_64.jpg&quot;,&quot;originalSize&quot;:&quot;1440x1080&quot;,&quot;assetUrl&quot;:&quot;https://images.squarespace-cdn.com/content/v1/6914262184e7d41fe3ac8966/e61046c0-2390-47da-97cf-af8cbba2040b/%E5%BE%AE%E4%BF%A1%E5%9B%BE%E7%89%87_20251127212450_164_64.jpg&quot;,&quot;mediaFocalPoint&quot;:{&quot;x&quot;:0.5,&quot;y&quot;:0.5,&quot;source&quot;:3}}],&quot;fullUrl&quot;:&quot;/shop/p/geofacet-display-bowl&quot;,&quot;urlSlug&quot;:&quot;geofacet-display-bowl&quot;,&quot;qtyInStock&quot;:9223372036854775807,&quot;allowMultiplePurchase&quot;:true,&quot;scarce&quot;:false,&quot;published&quot;:true,&quot;tags&quot;:[],&quot;mightHavePaymentPlan&quot;:false},&quot;productMerchandisingContext&quot;:{&quot;locale&quot;:&quot;en-US&quot;,&quot;showSoldOutOnVariantsDropdown&quot;:true,&quot;expressCheckout&quot;:false,&quot;pinterestOverlayEnabled&quot;:false,&quot;paymentMethodsContext&quot;:{&quot;stripeLocale&quot;:&quot;en&quot;,&quot;countryCode&quot;:&quot;US&quot;,&quot;stripeApiKey&quot;:&quot;pk_live_51MqGBrAbji8SEGIz5GA5MLiQVjOplxrZogrlgn537eHL7HMvPnF6hEE7NAQMEn9QfLnHEIHKPBdtG8nIEZjTa94m00qlZbeOJW&quot;},&quot;productReviewsContext&quot;:{&quot;productReviewsEnabled&quot;:false,&quot;displayNativeProductReviewsEnabled&quot;:false,&quot;displayImportedProductReviewsEnabled&quot;:false}},&quot;productAddOnsContext&quot;:{&quot;productAddOns&quot;:[]},&quot;collection&quot;:{&quot;id&quot;:&quot;6914262184e7d41fe3ac89a5&quot;,&quot;websiteId&quot;:&quot;6914262184e7d41fe3ac8966&quot;,&quot;title&quot;:&quot;SHOP&quot;,&quot;fullUrl&quot;:&quot;/shop&quot;},&quot;uiExtensionsContext&quot;:{&quot;product-badge&quot;:&quot;sqs-uiextensions-product-badge&quot;,&quot;product-body&quot;:&quot;sqs-uiextensions-product-body&quot;,&quot;product-badge-mobile&quot;:&quot;sqs-uiextensions-product-badge-mobile&quot;,&quot;product-body-mobile&quot;:&quot;sqs-uiextensions-product-body-mobile&quot;,&quot;product-collection-item&quot;:&quot;sqs-uiextensions-product-collection-item&quot;,&quot;scripts-enabled&quot;:false},&quot;recaptchaEnterpriseContext&quot;:{&quot;recaptchaEnterpriseSiteKey&quot;:&quot;6LdDFQwjAAAAAPigEvvPgEVbb7QBm-TkVJdDTlAv&quot;},&quot;modernizedPdpM2Enabled&quot;:true,&quot;flaggingContext&quot;:{&quot;isModernizedPdpM3LayoutUxEnabled&quot;:true,&quot;isModernizedPdpM2Enabled&quot;:true,&quot;isCommerceProductPaymentPlanEnabled&quot;:true,&quot;isProductListFiltersV2SeparateCategoriesEnabled&quot;:false}} | https://images.squarespace-cdn.com/content/v1/6914262184e7d41fe3ac8966/e61046c0-2390-47da-97cf-af8cbba2040b/%E5%BE%AE%E4%BF%A1%E5%9B%BE%E7%89%87_20251127212450_164_64.jpg"
"ridgecrest-mini-dragon","https://www.augnach.com/shop/p/ridgecrest-mini-dragon","200","4","RidgeCrest Mini Dragon","https://images.squarespace-cdn.com/content/v1/6914262184e7d41fe3ac8966/1f36aa24-5e81-460f-b822-9ef70f34fb62/%E5%BE%AE%E4%BF%A1%E5%9B%BE%E7%89%87_20251127211108_8_64.jpg | https://images.squarespace-cdn.com/content/v1/6914262184e7d41fe3ac8966/94060589-a392-4e99-9563-0145cc396d6a/%E5%BE%AE%E4%BF%A1%E5%9B%BE%E7%89%87_20251127211110_9_64.jpg | https://images.squarespace-cdn.com/content/v1/6914262184e7d41fe3ac8966/bd3e0340-84b4-45fd-939a-b20790ad87c8/%E5%BE%AE%E4%BF%A1%E5%9B%BE%E7%89%87_20251127211107_7_64.jpg | https://images.squarespace-cdn.com/content/v1/6914262184e7d41fe3ac8966/bd3e0340-84b4-45fd-939a-b20790ad87c8/%E5%BE%AE%E4%BF%A1%E5%9B%BE%E7%89%87_20251127211107_7_64.jpg&quot;,&quot;mediaFocalPoint&quot;:{&quot;x&quot;:0.5,&quot;y&quot;:0.5,&quot;source&quot;:3}},{&quot;title&quot;:&quot;微信图片_20251127211108_8_64.jpg&quot;,&quot;originalSize&quot;:&quot;1440x1080&quot;,&quot;assetUrl&quot;:&quot;https://images.squarespace-cdn.com/content/v1/6914262184e7d41fe3ac8966/1f36aa24-5e81-460f-b822-9ef70f34fb62/%E5%BE%AE%E4%BF%A1%E5%9B%BE%E7%89%87_20251127211108_8_64.jpg&quot;,&quot;mediaFocalPoint&quot;:{&quot;x&quot;:0.5,&quot;y&quot;:0.5,&quot;source&quot;:3}},{&quot;title&quot;:&quot;微信图片_20251127211110_9_64.jpg&quot;,&quot;originalSize&quot;:&quot;1440x1080&quot;,&quot;assetUrl&quot;:&quot;https://images.squarespace-cdn.com/content/v1/6914262184e7d41fe3ac8966/94060589-a392-4e99-9563-0145cc396d6a/%E5%BE%AE%E4%BF%A1%E5%9B%BE%E7%89%87_20251127211110_9_64.jpg&quot;,&quot;mediaFocalPoint&quot;:{&quot;x&quot;:0.5,&quot;y&quot;:0.5,&quot;source&quot;:3}}],&quot;fullUrl&quot;:&quot;/shop/p/ridgecrest-mini-dragon&quot;,&quot;urlSlug&quot;:&quot;ridgecrest-mini-dragon&quot;,&quot;qtyInStock&quot;:9223372036854775807,&quot;allowMultiplePurchase&quot;:true,&quot;scarce&quot;:false,&quot;published&quot;:true,&quot;tags&quot;:[],&quot;mightHavePaymentPlan&quot;:false},&quot;productMerchandisingContext&quot;:{&quot;locale&quot;:&quot;en-US&quot;,&quot;showSoldOutOnVariantsDropdown&quot;:true,&quot;expressCheckout&quot;:false,&quot;pinterestOverlayEnabled&quot;:false,&quot;paymentMethodsContext&quot;:{&quot;stripeLocale&quot;:&quot;en&quot;,&quot;countryCode&quot;:&quot;US&quot;,&quot;stripeApiKey&quot;:&quot;pk_live_51MqGBrAbji8SEGIz5GA5MLiQVjOplxrZogrlgn537eHL7HMvPnF6hEE7NAQMEn9QfLnHEIHKPBdtG8nIEZjTa94m00qlZbeOJW&quot;},&quot;productReviewsContext&quot;:{&quot;productReviewsEnabled&quot;:false,&quot;displayNativeProductReviewsEnabled&quot;:false,&quot;displayImportedProductReviewsEnabled&quot;:false}},&quot;productAddOnsContext&quot;:{&quot;productAddOns&quot;:[]},&quot;collection&quot;:{&quot;id&quot;:&quot;6914262184e7d41fe3ac89a5&quot;,&quot;websiteId&quot;:&quot;6914262184e7d41fe3ac8966&quot;,&quot;title&quot;:&quot;SHOP&quot;,&quot;fullUrl&quot;:&quot;/shop&quot;},&quot;uiExtensionsContext&quot;:{&quot;product-badge&quot;:&quot;sqs-uiextensions-product-badge&quot;,&quot;product-body&quot;:&quot;sqs-uiextensions-product-body&quot;,&quot;product-badge-mobile&quot;:&quot;sqs-uiextensions-product-badge-mobile&quot;,&quot;product-body-mobile&quot;:&quot;sqs-uiextensions-product-body-mobile&quot;,&quot;product-collection-item&quot;:&quot;sqs-uiextensions-product-collection-item&quot;,&quot;scripts-enabled&quot;:false},&quot;recaptchaEnterpriseContext&quot;:{&quot;recaptchaEnterpriseSiteKey&quot;:&quot;6LdDFQwjAAAAAPigEvvPgEVbb7QBm-TkVJdDTlAv&quot;},&quot;modernizedPdpM2Enabled&quot;:true,&quot;flaggingContext&quot;:{&quot;isModernizedPdpM3LayoutUxEnabled&quot;:true,&quot;isModernizedPdpM2Enabled&quot;:true,&quot;isCommerceProductPaymentPlanEnabled&quot;:true,&quot;isProductListFiltersV2SeparateCategoriesEnabled&quot;:false}}"
"wyrmspire-dice-tower","https://www.augnach.com/shop/p/wyrmspire-dice-tower","200","6","Wyrmspire Dice Tower","https://images.squarespace-cdn.com/content/v1/6914262184e7d41fe3ac8966/710bad31-2a21-471d-9b7d-cf2379d488a9/%E5%BE%AE%E4%BF%A1%E5%9B%BE%E7%89%87_20251127212422_134_64.jpg | https://images.squarespace-cdn.com/content/v1/6914262184e7d41fe3ac8966/7c248a61-9bb0-468f-af84-241bd91399aa/%E5%BE%AE%E4%BF%A1%E5%9B%BE%E7%89%87_20251127212420_132_64.jpg | https://images.squarespace-cdn.com/content/v1/6914262184e7d41fe3ac8966/92ac5e8e-8106-438b-af4c-823d30fa0e69/%E5%BE%AE%E4%BF%A1%E5%9B%BE%E7%89%87_20251127212421_133_64.jpg | https://images.squarespace-cdn.com/content/v1/6914262184e7d41fe3ac8966/d9ab2c77-17a2-4105-8ce0-c1d545b14a4f/%E5%BE%AE%E4%BF%A1%E5%9B%BE%E7%89%87_20251127212419_131_64.jpg | https://images.squarespace-cdn.com/content/v1/6914262184e7d41fe3ac8966/eadcde2a-58c6-47c0-921d-679c76e5eefb/%E5%BE%AE%E4%BF%A1%E5%9B%BE%E7%89%87_20251127212418_130_64.jpg | https://images.squarespace-cdn.com/content/v1/6914262184e7d41fe3ac8966/eadcde2a-58c6-47c0-921d-679c76e5eefb/%E5%BE%AE%E4%BF%A1%E5%9B%BE%E7%89%87_20251127212418_130_64.jpg&quot;,&quot;mediaFocalPoint&quot;:{&quot;x&quot;:0.5,&quot;y&quot;:0.5,&quot;source&quot;:3}},{&quot;title&quot;:&quot;微信图片_20251127212419_131_64.jpg&quot;,&quot;originalSize&quot;:&quot;1440x1080&quot;,&quot;assetUrl&quot;:&quot;https://images.squarespace-cdn.com/content/v1/6914262184e7d41fe3ac8966/d9ab2c77-17a2-4105-8ce0-c1d545b14a4f/%E5%BE%AE%E4%BF%A1%E5%9B%BE%E7%89%87_20251127212419_131_64.jpg&quot;,&quot;mediaFocalPoint&quot;:{&quot;x&quot;:0.5,&quot;y&quot;:0.5,&quot;source&quot;:3}},{&quot;title&quot;:&quot;微信图片_20251127212420_132_64.jpg&quot;,&quot;originalSize&quot;:&quot;1440x1080&quot;,&quot;assetUrl&quot;:&quot;https://images.squarespace-cdn.com/content/v1/6914262184e7d41fe3ac8966/7c248a61-9bb0-468f-af84-241bd91399aa/%E5%BE%AE%E4%BF%A1%E5%9B%BE%E7%89%87_20251127212420_132_64.jpg&quot;,&quot;mediaFocalPoint&quot;:{&quot;x&quot;:0.5,&quot;y&quot;:0.5,&quot;source&quot;:3}},{&quot;title&quot;:&quot;微信图片_20251127212421_133_64.jpg&quot;,&quot;originalSize&quot;:&quot;1440x1080&quot;,&quot;assetUrl&quot;:&quot;https://images.squarespace-cdn.com/content/v1/6914262184e7d41fe3ac8966/92ac5e8e-8106-438b-af4c-823d30fa0e69/%E5%BE%AE%E4%BF%A1%E5%9B%BE%E7%89%87_20251127212421_133_64.jpg&quot;,&quot;mediaFocalPoint&quot;:{&quot;x&quot;:0.5,&quot;y&quot;:0.5,&quot;source&quot;:3}},{&quot;title&quot;:&quot;微信图片_20251127212422_134_64.jpg&quot;,&quot;originalSize&quot;:&quot;1440x1080&quot;,&quot;assetUrl&quot;:&quot;https://images.squarespace-cdn.com/content/v1/6914262184e7d41fe3ac8966/710bad31-2a21-471d-9b7d-cf2379d488a9/%E5%BE%AE%E4%BF%A1%E5%9B%BE%E7%89%87_20251127212422_134_64.jpg&quot;,&quot;mediaFocalPoint&quot;:{&quot;x&quot;:0.5,&quot;y&quot;:0.5,&quot;source&quot;:3}}],&quot;fullUrl&quot;:&quot;/shop/p/wyrmspire-dice-tower&quot;,&quot;urlSlug&quot;:&quot;wyrmspire-dice-tower&quot;,&quot;qtyInStock&quot;:9223372036854775807,&quot;allowMultiplePurchase&quot;:true,&quot;scarce&quot;:false,&quot;published&quot;:true,&quot;tags&quot;:[],&quot;mightHavePaymentPlan&quot;:false},&quot;productMerchandisingContext&quot;:{&quot;locale&quot;:&quot;en-US&quot;,&quot;showSoldOutOnVariantsDropdown&quot;:true,&quot;expressCheckout&quot;:false,&quot;pinterestOverlayEnabled&quot;:false,&quot;paymentMethodsContext&quot;:{&quot;stripeLocale&quot;:&quot;en&quot;,&quot;countryCode&quot;:&quot;US&quot;,&quot;stripeApiKey&quot;:&quot;pk_live_51MqGBrAbji8SEGIz5GA5MLiQVjOplxrZogrlgn537eHL7HMvPnF6hEE7NAQMEn9QfLnHEIHKPBdtG8nIEZjTa94m00qlZbeOJW&quot;},&quot;productReviewsContext&quot;:{&quot;productReviewsEnabled&quot;:false,&quot;displayNativeProductReviewsEnabled&quot;:false,&quot;displayImportedProductReviewsEnabled&quot;:false}},&quot;productAddOnsContext&quot;:{&quot;productAddOns&quot;:[]},&quot;collection&quot;:{&quot;id&quot;:&quot;6914262184e7d41fe3ac89a5&quot;,&quot;websiteId&quot;:&quot;6914262184e7d41fe3ac8966&quot;,&quot;title&quot;:&quot;SHOP&quot;,&quot;fullUrl&quot;:&quot;/shop&quot;},&quot;uiExtensionsContext&quot;:{&quot;product-badge&quot;:&quot;sqs-uiextensions-product-badge&quot;,&quot;product-body&quot;:&quot;sqs-uiextensions-product-body&quot;,&quot;product-badge-mobile&quot;:&quot;sqs-uiextensions-product-badge-mobile&quot;,&quot;product-body-mobile&quot;:&quot;sqs-uiextensions-product-body-mobile&quot;,&quot;product-collection-item&quot;:&quot;sqs-uiextensions-product-collection-item&quot;,&quot;scripts-enabled&quot;:false},&quot;recaptchaEnterpriseContext&quot;:{&quot;recaptchaEnterpriseSiteKey&quot;:&quot;6LdDFQwjAAAAAPigEvvPgEVbb7QBm-TkVJdDTlAv&quot;},&quot;modernizedPdpM2Enabled&quot;:true,&quot;flaggingContext&quot;:{&quot;isModernizedPdpM3LayoutUxEnabled&quot;:true,&quot;isModernizedPdpM2Enabled&quot;:true,&quot;isCommerceProductPaymentPlanEnabled&quot;:true,&quot;isProductListFiltersV2SeparateCategoriesEnabled&quot;:false}}"
"wati6e4bz12tvnidus3va2rghkrfk8","https://www.augnach.com/shop/p/wati6e4bz12tvnidus3va2rghkrfk8","200","4","Mystery Mini Critters Set(Please Go to Fill the Form to Select Which One You Want)","https://images.squarespace-cdn.com/content/v1/6914262184e7d41fe3ac8966/d0fd6f72-72eb-4639-a417-1b542ccf0668/IMG_20260117_121930.jpg | https://images.squarespace-cdn.com/content/v1/6914262184e7d41fe3ac8966/db051fcf-e72c-4317-ad09-bf08be579f4f/IMG_20260117_121320.jpg | https://images.squarespace-cdn.com/content/v1/6914262184e7d41fe3ac8966/f357b40f-c1d3-4567-9f9a-25829ab45a93/IMG_20260117_122022.jpg | https://images.squarespace-cdn.com/content/v1/6914262184e7d41fe3ac8966/f357b40f-c1d3-4567-9f9a-25829ab45a93/IMG_20260117_122022.jpg&quot;,&quot;mediaFocalPoint&quot;:{&quot;x&quot;:0.5,&quot;y&quot;:0.5,&quot;source&quot;:3}},{&quot;title&quot;:&quot;IMG_20260117_121930.jpg&quot;,&quot;originalSize&quot;:&quot;3264x2448&quot;,&quot;assetUrl&quot;:&quot;https://images.squarespace-cdn.com/content/v1/6914262184e7d41fe3ac8966/d0fd6f72-72eb-4639-a417-1b542ccf0668/IMG_20260117_121930.jpg&quot;,&quot;mediaFocalPoint&quot;:{&quot;x&quot;:0.5,&quot;y&quot;:0.5,&quot;source&quot;:3}},{&quot;title&quot;:&quot;IMG_20260117_121320.jpg&quot;,&quot;originalSize&quot;:&quot;3264x2448&quot;,&quot;assetUrl&quot;:&quot;https://images.squarespace-cdn.com/content/v1/6914262184e7d41fe3ac8966/db051fcf-e72c-4317-ad09-bf08be579f4f/IMG_20260117_121320.jpg&quot;,&quot;mediaFocalPoint&quot;:{&quot;x&quot;:0.5,&quot;y&quot;:0.5,&quot;source&quot;:3}}],&quot;fullUrl&quot;:&quot;/shop/p/wati6e4bz12tvnidus3va2rghkrfk8&quot;,&quot;urlSlug&quot;:&quot;wati6e4bz12tvnidus3va2rghkrfk8&quot;,&quot;qtyInStock&quot;:9223372036854775807,&quot;allowMultiplePurchase&quot;:true,&quot;scarce&quot;:false,&quot;published&quot;:true,&quot;tags&quot;:[],&quot;mightHavePaymentPlan&quot;:false},&quot;productMerchandisingContext&quot;:{&quot;locale&quot;:&quot;en-US&quot;,&quot;showSoldOutOnVariantsDropdown&quot;:true,&quot;expressCheckout&quot;:false,&quot;pinterestOverlayEnabled&quot;:false,&quot;paymentMethodsContext&quot;:{&quot;stripeLocale&quot;:&quot;en&quot;,&quot;countryCode&quot;:&quot;US&quot;,&quot;stripeApiKey&quot;:&quot;pk_live_51MqGBrAbji8SEGIz5GA5MLiQVjOplxrZogrlgn537eHL7HMvPnF6hEE7NAQMEn9QfLnHEIHKPBdtG8nIEZjTa94m00qlZbeOJW&quot;},&quot;productReviewsContext&quot;:{&quot;productReviewsEnabled&quot;:false,&quot;displayNativeProductReviewsEnabled&quot;:false,&quot;displayImportedProductReviewsEnabled&quot;:false}},&quot;productAddOnsContext&quot;:{&quot;productAddOns&quot;:[]},&quot;collection&quot;:{&quot;id&quot;:&quot;6914262184e7d41fe3ac89a5&quot;,&quot;websiteId&quot;:&quot;6914262184e7d41fe3ac8966&quot;,&quot;title&quot;:&quot;SHOP&quot;,&quot;fullUrl&quot;:&quot;/shop&quot;},&quot;uiExtensionsContext&quot;:{&quot;product-badge&quot;:&quot;sqs-uiextensions-product-badge&quot;,&quot;product-body&quot;:&quot;sqs-uiextensions-product-body&quot;,&quot;product-badge-mobile&quot;:&quot;sqs-uiextensions-product-badge-mobile&quot;,&quot;product-body-mobile&quot;:&quot;sqs-uiextensions-product-body-mobile&quot;,&quot;product-collection-item&quot;:&quot;sqs-uiextensions-product-collection-item&quot;,&quot;scripts-enabled&quot;:false},&quot;recaptchaEnterpriseContext&quot;:{&quot;recaptchaEnterpriseSiteKey&quot;:&quot;6LdDFQwjAAAAAPigEvvPgEVbb7QBm-TkVJdDTlAv&quot;},&quot;modernizedPdpM2Enabled&quot;:true,&quot;flaggingContext&quot;:{&quot;isModernizedPdpM3LayoutUxEnabled&quot;:true,&quot;isModernizedPdpM2Enabled&quot;:true,&quot;isCommerceProductPaymentPlanEnabled&quot;:true,&quot;isProductListFiltersV2SeparateCategoriesEnabled&quot;:false}}"
"custom-45-rpm-vinyl-record-adapter","https://www.augnach.com/shop/p/custom-45-rpm-vinyl-record-adapter","200","7","Custom 45 RPM Vinyl Record Adapter","https://images.squarespace-cdn.com/content/v1/6914262184e7d41fe3ac8966/192836fc-d699-4a7b-afe0-80d01ad4c3dc/01-hero.jpg | https://images.squarespace-cdn.com/content/v1/6914262184e7d41fe3ac8966/192836fc-d699-4a7b-afe0-80d01ad4c3dc/01-hero.jpg&quot;,&quot;mediaFocalPoint&quot;:{&quot;x&quot;:0.5,&quot;y&quot;:0.5,&quot;source&quot;:3}},{&quot;title&quot;:&quot;02-lifestyle.jpg&quot;,&quot;originalSize&quot;:&quot;1536x1024&quot;,&quot;assetUrl&quot;:&quot;https://images.squarespace-cdn.com/content/v1/6914262184e7d41fe3ac8966/67674fba-6682-4b4b-8ea0-bb399222ca79/02-lifestyle.jpg&quot;,&quot;mediaFocalPoint&quot;:{&quot;x&quot;:0.5,&quot;y&quot;:0.5,&quot;source&quot;:3}},{&quot;title&quot;:&quot;03-detail.jpg&quot;,&quot;originalSize&quot;:&quot;1536x1024&quot;,&quot;assetUrl&quot;:&quot;https://images.squarespace-cdn.com/content/v1/6914262184e7d41fe3ac8966/b11bb873-2f2a-4d90-bbff-08c2dd7ea45f/03-detail.jpg&quot;,&quot;mediaFocalPoint&quot;:{&quot;x&quot;:0.5,&quot;y&quot;:0.5,&quot;source&quot;:3}},{&quot;title&quot;:&quot;04-use-case.jpg&quot;,&quot;originalSize&quot;:&quot;1536x1024&quot;,&quot;assetUrl&quot;:&quot;https://images.squarespace-cdn.com/content/v1/6914262184e7d41fe3ac8966/4a8003b9-e9c9-42fd-86b8-30c305494451/04-use-case.jpg&quot;,&quot;mediaFocalPoint&quot;:{&quot;x&quot;:0.5,&quot;y&quot;:0.5,&quot;source&quot;:3}},{&quot;title&quot;:&quot;05-material-options.jpg&quot;,&quot;originalSize&quot;:&quot;1536x1024&quot;,&quot;assetUrl&quot;:&quot;https://images.squarespace-cdn.com/content/v1/6914262184e7d41fe3ac8966/9d734c17-6ed2-48b6-a946-d118991f37e4/05-material-options.jpg&quot;,&quot;mediaFocalPoint&quot;:{&quot;x&quot;:0.5,&quot;y&quot;:0.5,&quot;source&quot;:3}}],&quot;mainImage&quot;:{&quot;title&quot;:&quot;Custom | https://images.squarespace-cdn.com/content/v1/6914262184e7d41fe3ac8966/4a8003b9-e9c9-42fd-86b8-30c305494451/04-use-case.jpg | https://images.squarespace-cdn.com/content/v1/6914262184e7d41fe3ac8966/67674fba-6682-4b4b-8ea0-bb399222ca79/02-lifestyle.jpg | https://images.squarespace-cdn.com/content/v1/6914262184e7d41fe3ac8966/9d734c17-6ed2-48b6-a946-d118991f37e4/05-material-options.jpg | https://images.squarespace-cdn.com/content/v1/6914262184e7d41fe3ac8966/b11bb873-2f2a-4d90-bbff-08c2dd7ea45f/03-detail.jpg | https://images.squarespace-cdn.com/content/v1/6914262184e7d41fe3ac8966/b11bb873-2f2a-4d90-bbff-08c2dd7ea45f/03-detail.jpg&quot;,&quot;mediaFocalPoint&quot;:{&quot;x&quot;:0.5,&quot;y&quot;:0.5,&quot;source&quot;:3}},&quot;fullUrl&quot;:&quot;/shop/p/custom-45-rpm-vinyl-record-adapter&quot;,&quot;urlSlug&quot;:&quot;custom-45-rpm-vinyl-record-adapter&quot;,&quot;qtyInStock&quot;:9223372036854775807,&quot;allowMultiplePurchase&quot;:true,&quot;scarce&quot;:false,&quot;published&quot;:true,&quot;tags&quot;:[],&quot;mightHavePaymentPlan&quot;:false},&quot;productMerchandisingContext&quot;:{&quot;locale&quot;:&quot;en-US&quot;,&quot;showSoldOutOnVariantsDropdown&quot;:true,&quot;expressCheckout&quot;:false,&quot;pinterestOverlayEnabled&quot;:false,&quot;paymentMethodsContext&quot;:{&quot;stripeLocale&quot;:&quot;en&quot;,&quot;countryCode&quot;:&quot;US&quot;,&quot;stripeApiKey&quot;:&quot;pk_live_51MqGBrAbji8SEGIz5GA5MLiQVjOplxrZogrlgn537eHL7HMvPnF6hEE7NAQMEn9QfLnHEIHKPBdtG8nIEZjTa94m00qlZbeOJW&quot;},&quot;productReviewsContext&quot;:{&quot;productReviewsEnabled&quot;:false,&quot;displayNativeProductReviewsEnabled&quot;:false,&quot;displayImportedProductReviewsEnabled&quot;:false}},&quot;productAddOnsContext&quot;:{&quot;productAddOns&quot;:[]},&quot;collection&quot;:{&quot;id&quot;:&quot;6914262184e7d41fe3ac89a5&quot;,&quot;websiteId&quot;:&quot;6914262184e7d41fe3ac8966&quot;,&quot;title&quot;:&quot;SHOP&quot;,&quot;fullUrl&quot;:&quot;/shop&quot;},&quot;uiExtensionsContext&quot;:{&quot;product-badge&quot;:&quot;sqs-uiextensions-product-badge&quot;,&quot;product-body&quot;:&quot;sqs-uiextensions-product-body&quot;,&quot;product-badge-mobile&quot;:&quot;sqs-uiextensions-product-badge-mobile&quot;,&quot;product-body-mobile&quot;:&quot;sqs-uiextensions-product-body-mobile&quot;,&quot;product-collection-item&quot;:&quot;sqs-uiextensions-product-collection-item&quot;,&quot;scripts-enabled&quot;:false},&quot;recaptchaEnterpriseContext&quot;:{&quot;recaptchaEnterpriseSiteKey&quot;:&quot;6LdDFQwjAAAAAPigEvvPgEVbb7QBm-TkVJdDTlAv&quot;},&quot;modernizedPdpM2Enabled&quot;:true,&quot;flaggingContext&quot;:{&quot;isModernizedPdpM3LayoutUxEnabled&quot;:true,&quot;isModernizedPdpM2Enabled&quot;:true,&quot;isCommerceProductPaymentPlanEnabled&quot;:true,&quot;isProductListFiltersV2SeparateCategoriesEnabled&quot;:false}}"
"wide-eyed-husky-desk-figurine","https://www.augnach.com/shop/p/wide-eyed-husky-desk-figurine","200","7","Wide-Eyed Husky Desk Figurine","https://images.squarespace-cdn.com/content/v1/6914262184e7d41fe3ac8966/2ec8e7c4-e59a-4282-b673-75b1671eff69/03-scale.jpg | https://images.squarespace-cdn.com/content/v1/6914262184e7d41fe3ac8966/2ec8e7c4-e59a-4282-b673-75b1671eff69/03-scale.jpg&quot;,&quot;mediaFocalPoint&quot;:{&quot;x&quot;:0.5,&quot;y&quot;:0.5,&quot;source&quot;:3}},&quot;fullUrl&quot;:&quot;/shop/p/wide-eyed-husky-desk-figurine&quot;,&quot;urlSlug&quot;:&quot;wide-eyed-husky-desk-figurine&quot;,&quot;qtyInStock&quot;:9223372036854775807,&quot;allowMultiplePurchase&quot;:true,&quot;scarce&quot;:false,&quot;published&quot;:true,&quot;tags&quot;:[],&quot;mightHavePaymentPlan&quot;:false},&quot;productMerchandisingContext&quot;:{&quot;locale&quot;:&quot;en-US&quot;,&quot;showSoldOutOnVariantsDropdown&quot;:true,&quot;expressCheckout&quot;:false,&quot;pinterestOverlayEnabled&quot;:false,&quot;paymentMethodsContext&quot;:{&quot;stripeLocale&quot;:&quot;en&quot;,&quot;countryCode&quot;:&quot;US&quot;,&quot;stripeApiKey&quot;:&quot;pk_live_51MqGBrAbji8SEGIz5GA5MLiQVjOplxrZogrlgn537eHL7HMvPnF6hEE7NAQMEn9QfLnHEIHKPBdtG8nIEZjTa94m00qlZbeOJW&quot;},&quot;productReviewsContext&quot;:{&quot;productReviewsEnabled&quot;:false,&quot;displayNativeProductReviewsEnabled&quot;:false,&quot;displayImportedProductReviewsEnabled&quot;:false}},&quot;productAddOnsContext&quot;:{&quot;productAddOns&quot;:[]},&quot;collection&quot;:{&quot;id&quot;:&quot;6914262184e7d41fe3ac89a5&quot;,&quot;websiteId&quot;:&quot;6914262184e7d41fe3ac8966&quot;,&quot;title&quot;:&quot;SHOP&quot;,&quot;fullUrl&quot;:&quot;/shop&quot;},&quot;uiExtensionsContext&quot;:{&quot;product-badge&quot;:&quot;sqs-uiextensions-product-badge&quot;,&quot;product-body&quot;:&quot;sqs-uiextensions-product-body&quot;,&quot;product-badge-mobile&quot;:&quot;sqs-uiextensions-product-badge-mobile&quot;,&quot;product-body-mobile&quot;:&quot;sqs-uiextensions-product-body-mobile&quot;,&quot;product-collection-item&quot;:&quot;sqs-uiextensions-product-collection-item&quot;,&quot;scripts-enabled&quot;:false},&quot;recaptchaEnterpriseContext&quot;:{&quot;recaptchaEnterpriseSiteKey&quot;:&quot;6LdDFQwjAAAAAPigEvvPgEVbb7QBm-TkVJdDTlAv&quot;},&quot;modernizedPdpM2Enabled&quot;:true,&quot;flaggingContext&quot;:{&quot;isModernizedPdpM3LayoutUxEnabled&quot;:true,&quot;isModernizedPdpM2Enabled&quot;:true,&quot;isCommerceProductPaymentPlanEnabled&quot;:true,&quot;isProductListFiltersV2SeparateCategoriesEnabled&quot;:false}} | https://images.squarespace-cdn.com/content/v1/6914262184e7d41fe3ac8966/2ec8e7c4-e59a-4282-b673-75b1671eff69/03-scale.jpg&quot;,&quot;mediaFocalPoint&quot;:{&quot;x&quot;:0.5,&quot;y&quot;:0.5,&quot;source&quot;:3}},{&quot;title&quot;:&quot;02-lifestyle.jpg&quot;,&quot;originalSize&quot;:&quot;1400x1400&quot;,&quot;assetUrl&quot;:&quot;https://images.squarespace-cdn.com/content/v1/6914262184e7d41fe3ac8966/83f7de24-fe96-4e43-be3e-a32cde3c3b34/02-lifestyle.jpg&quot;,&quot;mediaFocalPoint&quot;:{&quot;x&quot;:0.5,&quot;y&quot;:0.5,&quot;source&quot;:3}},{&quot;title&quot;:&quot;03-scale.jpg&quot;,&quot;originalSize&quot;:&quot;1400x1400&quot;,&quot;assetUrl&quot;:&quot;https://images.squarespace-cdn.com/content/v1/6914262184e7d41fe3ac8966/322d8422-8fd9-4715-b251-c2721628e93f/03-scale.jpg&quot;,&quot;mediaFocalPoint&quot;:{&quot;x&quot;:0.5,&quot;y&quot;:0.5,&quot;source&quot;:3}},{&quot;title&quot;:&quot;04-detail.jpg&quot;,&quot;originalSize&quot;:&quot;1400x1400&quot;,&quot;assetUrl&quot;:&quot;https://images.squarespace-cdn.com/content/v1/6914262184e7d41fe3ac8966/33d4b6b5-8448-4c4b-b826-027443e8f7de/04-detail.jpg&quot;,&quot;mediaFocalPoint&quot;:{&quot;x&quot;:0.5,&quot;y&quot;:0.5,&quot;source&quot;:3}},{&quot;title&quot;:&quot;05-color.jpg&quot;,&quot;originalSize&quot;:&quot;1400x1400&quot;,&quot;assetUrl&quot;:&quot;https://images.squarespace-cdn.com/content/v1/6914262184e7d41fe3ac8966/37bcfaa7-2f99-4155-99f4-5d16c3a23a3b/05-color.jpg&quot;,&quot;mediaFocalPoint&quot;:{&quot;x&quot;:0.5,&quot;y&quot;:0.5,&quot;source&quot;:3}}],&quot;mainImage&quot;:{&quot;title&quot;:&quot;Wide-Eyed | https://images.squarespace-cdn.com/content/v1/6914262184e7d41fe3ac8966/322d8422-8fd9-4715-b251-c2721628e93f/03-scale.jpg | https://images.squarespace-cdn.com/content/v1/6914262184e7d41fe3ac8966/33d4b6b5-8448-4c4b-b826-027443e8f7de/04-detail.jpg | https://images.squarespace-cdn.com/content/v1/6914262184e7d41fe3ac8966/37bcfaa7-2f99-4155-99f4-5d16c3a23a3b/05-color.jpg | https://images.squarespace-cdn.com/content/v1/6914262184e7d41fe3ac8966/83f7de24-fe96-4e43-be3e-a32cde3c3b34/02-lifestyle.jpg"
"screw-set-m3-m4-m5-m6-m7-m8-m10-iso-4017-70851","https://www.augnach.com/shop/p/screw-set-m3-m4-m5-m6-m7-m8-m10-iso-4017-70851","200","6","Screw Set M3 M4 M5 M6 M7 M8 M10, ISO 4017","https://images.squarespace-cdn.com/content/v1/6914262184e7d41fe3ac8966/29086a72-5248-499a-ae0a-0257764066d9/screw-set-m3-m4-m5-m6-m7-m8-m10-iso-4017-70851-01.png | https://images.squarespace-cdn.com/content/v1/6914262184e7d41fe3ac8966/29086a72-5248-499a-ae0a-0257764066d9/screw-set-m3-m4-m5-m6-m7-m8-m10-iso-4017-70851-01.png&quot;,&quot;mediaFocalPoint&quot;:{&quot;x&quot;:0.5,&quot;y&quot;:0.5,&quot;source&quot;:3}},{&quot;title&quot;:&quot;screw-set-m3-m4-m5-m6-m7-m8-m10-iso-4017-70851-02.png&quot;,&quot;originalSize&quot;:&quot;1920x1440&quot;,&quot;assetUrl&quot;:&quot;https://images.squarespace-cdn.com/content/v1/6914262184e7d41fe3ac8966/9bb97e25-fc9d-49ec-9de2-01a7fb0db437/screw-set-m3-m4-m5-m6-m7-m8-m10-iso-4017-70851-02.png&quot;,&quot;mediaFocalPoint&quot;:{&quot;x&quot;:0.5,&quot;y&quot;:0.5,&quot;source&quot;:3}},{&quot;title&quot;:&quot;screw-set-m3-m4-m5-m6-m7-m8-m10-iso-4017-70851-03.png&quot;,&quot;originalSize&quot;:&quot;1080x1440&quot;,&quot;assetUrl&quot;:&quot;https://images.squarespace-cdn.com/content/v1/6914262184e7d41fe3ac8966/fa5f718e-2de2-40ed-b995-1a2ef8e2dd01/screw-set-m3-m4-m5-m6-m7-m8-m10-iso-4017-70851-03.png&quot;,&quot;mediaFocalPoint&quot;:{&quot;x&quot;:0.5,&quot;y&quot;:0.5,&quot;source&quot;:3}},{&quot;title&quot;:&quot;screw-set-m3-m4-m5-m6-m7-m8-m10-iso-4017-70851-04.png&quot;,&quot;originalSize&quot;:&quot;968x726&quot;,&quot;assetUrl&quot;:&quot;https://images.squarespace-cdn.com/content/v1/6914262184e7d41fe3ac8966/c0a1943e-a248-41f6-afdb-26c891ade519/screw-set-m3-m4-m5-m6-m7-m8-m10-iso-4017-70851-04.png&quot;,&quot;mediaFocalPoint&quot;:{&quot;x&quot;:0.5,&quot;y&quot;:0.5,&quot;source&quot;:3}},{&quot;title&quot;:&quot;screw-set-m3-m4-m5-m6-m7-m8-m10-iso-4017-70851-05.png&quot;,&quot;originalSize&quot;:&quot;828x621&quot;,&quot;assetUrl&quot;:&quot;https://images.squarespace-cdn.com/content/v1/6914262184e7d41fe3ac8966/901544a2-ce95-48a7-9d10-2646a94c092d/screw-set-m3-m4-m5-m6-m7-m8-m10-iso-4017-70851-05.png&quot;,&quot;mediaFocalPoint&quot;:{&quot;x&quot;:0.5,&quot;y&quot;:0.5,&quot;source&quot;:3}}],&quot;fullUrl&quot;:&quot;/shop/p/screw-set-m3-m4-m5-m6-m7-m8-m10-iso-4017-70851&quot;,&quot;urlSlug&quot;:&quot;screw-set-m3-m4-m5-m6-m7-m8-m10-iso-4017-70851&quot;,&quot;qtyInStock&quot;:9223372036854775807,&quot;allowMultiplePurchase&quot;:true,&quot;scarce&quot;:false,&quot;published&quot;:true,&quot;tags&quot;:[&quot;MakerWorld&quot;,&quot;Commercial-safe&quot;,&quot;Made | https://images.squarespace-cdn.com/content/v1/6914262184e7d41fe3ac8966/901544a2-ce95-48a7-9d10-2646a94c092d/screw-set-m3-m4-m5-m6-m7-m8-m10-iso-4017-70851-05.png | https://images.squarespace-cdn.com/content/v1/6914262184e7d41fe3ac8966/9bb97e25-fc9d-49ec-9de2-01a7fb0db437/screw-set-m3-m4-m5-m6-m7-m8-m10-iso-4017-70851-02.png | https://images.squarespace-cdn.com/content/v1/6914262184e7d41fe3ac8966/c0a1943e-a248-41f6-afdb-26c891ade519/screw-set-m3-m4-m5-m6-m7-m8-m10-iso-4017-70851-04.png | https://images.squarespace-cdn.com/content/v1/6914262184e7d41fe3ac8966/fa5f718e-2de2-40ed-b995-1a2ef8e2dd01/screw-set-m3-m4-m5-m6-m7-m8-m10-iso-4017-70851-03.png"
"beautiful-rose-w-stem-international-woman-s-day-89698","https://www.augnach.com/shop/p/beautiful-rose-w-stem-international-woman-s-day-89698","200","6","Beautiful Rose W Stem - International Woman'S Day","https://images.squarespace-cdn.com/content/v1/6914262184e7d41fe3ac8966/1695d279-374c-48d0-86d1-98bfffe9039e/beautiful-rose-w-stem-international-woman-s-day-89698-05.png | https://images.squarespace-cdn.com/content/v1/6914262184e7d41fe3ac8966/6168fb1a-a889-490e-8ea0-967bd7297252/beautiful-rose-w-stem-international-woman-s-day-89698-04.jpg | https://images.squarespace-cdn.com/content/v1/6914262184e7d41fe3ac8966/80899c01-69a6-4200-b2a6-c7018bd8aff8/beautiful-rose-w-stem-international-woman-s-day-89698-01.jpg | https://images.squarespace-cdn.com/content/v1/6914262184e7d41fe3ac8966/80899c01-69a6-4200-b2a6-c7018bd8aff8/beautiful-rose-w-stem-international-woman-s-day-89698-01.jpg&quot;,&quot;mediaFocalPoint&quot;:{&quot;x&quot;:0.5,&quot;y&quot;:0.5,&quot;source&quot;:3}},{&quot;title&quot;:&quot;beautiful-rose-w-stem-international-woman-s-day-89698-02.jpg&quot;,&quot;originalSize&quot;:&quot;3024x3781&quot;,&quot;assetUrl&quot;:&quot;https://images.squarespace-cdn.com/content/v1/6914262184e7d41fe3ac8966/b25131a3-9f30-4883-92eb-06160b1f10bc/beautiful-rose-w-stem-international-woman-s-day-89698-02.jpg&quot;,&quot;mediaFocalPoint&quot;:{&quot;x&quot;:0.5,&quot;y&quot;:0.5,&quot;source&quot;:3}},{&quot;title&quot;:&quot;beautiful-rose-w-stem-international-woman-s-day-89698-03.jpg&quot;,&quot;originalSize&quot;:&quot;3024x4032&quot;,&quot;assetUrl&quot;:&quot;https://images.squarespace-cdn.com/content/v1/6914262184e7d41fe3ac8966/fca8bb5b-371c-46cc-8cea-6ef9053f350f/beautiful-rose-w-stem-international-woman-s-day-89698-03.jpg&quot;,&quot;mediaFocalPoint&quot;:{&quot;x&quot;:0.5,&quot;y&quot;:0.5,&quot;source&quot;:3}},{&quot;title&quot;:&quot;beautiful-rose-w-stem-international-woman-s-day-89698-04.jpg&quot;,&quot;originalSize&quot;:&quot;3024x2268&quot;,&quot;assetUrl&quot;:&quot;https://images.squarespace-cdn.com/content/v1/6914262184e7d41fe3ac8966/6168fb1a-a889-490e-8ea0-967bd7297252/beautiful-rose-w-stem-international-woman-s-day-89698-04.jpg&quot;,&quot;mediaFocalPoint&quot;:{&quot;x&quot;:0.5,&quot;y&quot;:0.5,&quot;source&quot;:3}},{&quot;title&quot;:&quot;beautiful-rose-w-stem-international-woman-s-day-89698-05.png&quot;,&quot;originalSize&quot;:&quot;1080x1440&quot;,&quot;assetUrl&quot;:&quot;https://images.squarespace-cdn.com/content/v1/6914262184e7d41fe3ac8966/1695d279-374c-48d0-86d1-98bfffe9039e/beautiful-rose-w-stem-international-woman-s-day-89698-05.png&quot;,&quot;mediaFocalPoint&quot;:{&quot;x&quot;:0.5,&quot;y&quot;:0.5,&quot;source&quot;:3}}],&quot;fullUrl&quot;:&quot;/shop/p/beautiful-rose-w-stem-international-woman-s-day-89698&quot;,&quot;urlSlug&quot;:&quot;beautiful-rose-w-stem-international-woman-s-day-89698&quot;,&quot;qtyInStock&quot;:9223372036854775807,&quot;allowMultiplePurchase&quot;:true,&quot;scarce&quot;:false,&quot;published&quot;:true,&quot;tags&quot;:[&quot;MakerWorld&quot;,&quot;Commercial-safe&quot;,&quot;Made | https://images.squarespace-cdn.com/content/v1/6914262184e7d41fe3ac8966/b25131a3-9f30-4883-92eb-06160b1f10bc/beautiful-rose-w-stem-international-woman-s-day-89698-02.jpg | https://images.squarespace-cdn.com/content/v1/6914262184e7d41fe3ac8966/fca8bb5b-371c-46cc-8cea-6ef9053f350f/beautiful-rose-w-stem-international-woman-s-day-89698-03.jpg"
"voronoi-holiday-christmas-deer-86094","https://www.augnach.com/shop/p/voronoi-holiday-christmas-deer-86094","200","6","Voronoi Holiday Christmas Deer","https://images.squarespace-cdn.com/content/v1/6914262184e7d41fe3ac8966/1f7f817a-bae5-4e2a-86e3-0c4ffda5b454/voronoi-holiday-christmas-deer-86094-02.png | https://images.squarespace-cdn.com/content/v1/6914262184e7d41fe3ac8966/41eaf261-5ce0-49dd-b880-ad4ffcfacd32/voronoi-holiday-christmas-deer-86094-05.png | https://images.squarespace-cdn.com/content/v1/6914262184e7d41fe3ac8966/42f444fe-5d1e-4de3-8f57-1b7d1321ef41/voronoi-holiday-christmas-deer-86094-01.png | https://images.squarespace-cdn.com/content/v1/6914262184e7d41fe3ac8966/42f444fe-5d1e-4de3-8f57-1b7d1321ef41/voronoi-holiday-christmas-deer-86094-01.png&quot;,&quot;mediaFocalPoint&quot;:{&quot;x&quot;:0.5,&quot;y&quot;:0.5,&quot;source&quot;:3}},{&quot;title&quot;:&quot;voronoi-holiday-christmas-deer-86094-02.png&quot;,&quot;originalSize&quot;:&quot;1920x1440&quot;,&quot;assetUrl&quot;:&quot;https://images.squarespace-cdn.com/content/v1/6914262184e7d41fe3ac8966/1f7f817a-bae5-4e2a-86e3-0c4ffda5b454/voronoi-holiday-christmas-deer-86094-02.png&quot;,&quot;mediaFocalPoint&quot;:{&quot;x&quot;:0.5,&quot;y&quot;:0.5,&quot;source&quot;:3}},{&quot;title&quot;:&quot;voronoi-holiday-christmas-deer-86094-03.png&quot;,&quot;originalSize&quot;:&quot;1920x1440&quot;,&quot;assetUrl&quot;:&quot;https://images.squarespace-cdn.com/content/v1/6914262184e7d41fe3ac8966/6e8bce49-b8b3-4ceb-a4bd-23edead7100b/voronoi-holiday-christmas-deer-86094-03.png&quot;,&quot;mediaFocalPoint&quot;:{&quot;x&quot;:0.5,&quot;y&quot;:0.5,&quot;source&quot;:3}},{&quot;title&quot;:&quot;voronoi-holiday-christmas-deer-86094-04.png&quot;,&quot;originalSize&quot;:&quot;1920x1440&quot;,&quot;assetUrl&quot;:&quot;https://images.squarespace-cdn.com/content/v1/6914262184e7d41fe3ac8966/b075a6da-c539-4649-9fca-6992b6b5a03a/voronoi-holiday-christmas-deer-86094-04.png&quot;,&quot;mediaFocalPoint&quot;:{&quot;x&quot;:0.5,&quot;y&quot;:0.5,&quot;source&quot;:3}},{&quot;title&quot;:&quot;voronoi-holiday-christmas-deer-86094-05.png&quot;,&quot;originalSize&quot;:&quot;955x737&quot;,&quot;assetUrl&quot;:&quot;https://images.squarespace-cdn.com/content/v1/6914262184e7d41fe3ac8966/41eaf261-5ce0-49dd-b880-ad4ffcfacd32/voronoi-holiday-christmas-deer-86094-05.png&quot;,&quot;mediaFocalPoint&quot;:{&quot;x&quot;:0.5,&quot;y&quot;:0.5,&quot;source&quot;:3}}],&quot;fullUrl&quot;:&quot;/shop/p/voronoi-holiday-christmas-deer-86094&quot;,&quot;urlSlug&quot;:&quot;voronoi-holiday-christmas-deer-86094&quot;,&quot;qtyInStock&quot;:9223372036854775807,&quot;allowMultiplePurchase&quot;:true,&quot;scarce&quot;:false,&quot;published&quot;:true,&quot;tags&quot;:[&quot;MakerWorld&quot;,&quot;Commercial-safe&quot;,&quot;Made | https://images.squarespace-cdn.com/content/v1/6914262184e7d41fe3ac8966/6e8bce49-b8b3-4ceb-a4bd-23edead7100b/voronoi-holiday-christmas-deer-86094-03.png | https://images.squarespace-cdn.com/content/v1/6914262184e7d41fe3ac8966/b075a6da-c539-4649-9fca-6992b6b5a03a/voronoi-holiday-christmas-deer-86094-04.png"
"weight-plate-keychain-do-you-even-lift-bro-1061353","https://www.augnach.com/shop/p/weight-plate-keychain-do-you-even-lift-bro-1061353","200","6","Weight Plate Keychain - Do You Even Lift Bro?","https://images.squarespace-cdn.com/content/v1/6914262184e7d41fe3ac8966/02bdf241-a5b9-4610-bc84-1b9a64288967/weight-plate-keychain-do-you-even-lift-bro-1061353-04.png | https://images.squarespace-cdn.com/content/v1/6914262184e7d41fe3ac8966/35234080-b192-41e2-b5cc-92e0762fb5bf/weight-plate-keychain-do-you-even-lift-bro-1061353-05.png | https://images.squarespace-cdn.com/content/v1/6914262184e7d41fe3ac8966/3bcf6fec-c4d0-4004-8405-e261c9cb713b/weight-plate-keychain-do-you-even-lift-bro-1061353-03.png | https://images.squarespace-cdn.com/content/v1/6914262184e7d41fe3ac8966/420f93ff-b0fb-4de2-92c7-3032329ea2b1/weight-plate-keychain-do-you-even-lift-bro-1061353-01.png | https://images.squarespace-cdn.com/content/v1/6914262184e7d41fe3ac8966/420f93ff-b0fb-4de2-92c7-3032329ea2b1/weight-plate-keychain-do-you-even-lift-bro-1061353-01.png&quot;,&quot;mediaFocalPoint&quot;:{&quot;x&quot;:0.5,&quot;y&quot;:0.5,&quot;source&quot;:3}},{&quot;title&quot;:&quot;weight-plate-keychain-do-you-even-lift-bro-1061353-02.png&quot;,&quot;originalSize&quot;:&quot;807x605&quot;,&quot;assetUrl&quot;:&quot;https://images.squarespace-cdn.com/content/v1/6914262184e7d41fe3ac8966/50051822-ffa1-4132-b71a-e41c05e98350/weight-plate-keychain-do-you-even-lift-bro-1061353-02.png&quot;,&quot;mediaFocalPoint&quot;:{&quot;x&quot;:0.5,&quot;y&quot;:0.5,&quot;source&quot;:3}},{&quot;title&quot;:&quot;weight-plate-keychain-do-you-even-lift-bro-1061353-03.png&quot;,&quot;originalSize&quot;:&quot;1920x1440&quot;,&quot;assetUrl&quot;:&quot;https://images.squarespace-cdn.com/content/v1/6914262184e7d41fe3ac8966/3bcf6fec-c4d0-4004-8405-e261c9cb713b/weight-plate-keychain-do-you-even-lift-bro-1061353-03.png&quot;,&quot;mediaFocalPoint&quot;:{&quot;x&quot;:0.5,&quot;y&quot;:0.5,&quot;source&quot;:3}},{&quot;title&quot;:&quot;weight-plate-keychain-do-you-even-lift-bro-1061353-04.png&quot;,&quot;originalSize&quot;:&quot;807x605&quot;,&quot;assetUrl&quot;:&quot;https://images.squarespace-cdn.com/content/v1/6914262184e7d41fe3ac8966/02bdf241-a5b9-4610-bc84-1b9a64288967/weight-plate-keychain-do-you-even-lift-bro-1061353-04.png&quot;,&quot;mediaFocalPoint&quot;:{&quot;x&quot;:0.5,&quot;y&quot;:0.5,&quot;source&quot;:3}},{&quot;title&quot;:&quot;weight-plate-keychain-do-you-even-lift-bro-1061353-05.png&quot;,&quot;originalSize&quot;:&quot;806x605&quot;,&quot;assetUrl&quot;:&quot;https://images.squarespace-cdn.com/content/v1/6914262184e7d41fe3ac8966/35234080-b192-41e2-b5cc-92e0762fb5bf/weight-plate-keychain-do-you-even-lift-bro-1061353-05.png&quot;,&quot;mediaFocalPoint&quot;:{&quot;x&quot;:0.5,&quot;y&quot;:0.5,&quot;source&quot;:3}}],&quot;fullUrl&quot;:&quot;/shop/p/weight-plate-keychain-do-you-even-lift-bro-1061353&quot;,&quot;urlSlug&quot;:&quot;weight-plate-keychain-do-you-even-lift-bro-1061353&quot;,&quot;qtyInStock&quot;:9223372036854775807,&quot;allowMultiplePurchase&quot;:true,&quot;scarce&quot;:false,&quot;published&quot;:true,&quot;tags&quot;:[&quot;MakerWorld&quot;,&quot;Commercial-safe&quot;,&quot;Made | https://images.squarespace-cdn.com/content/v1/6914262184e7d41fe3ac8966/50051822-ffa1-4132-b71a-e41c05e98350/weight-plate-keychain-do-you-even-lift-bro-1061353-02.png"
"articulated-shrimp-993671","https://www.augnach.com/shop/p/articulated-shrimp-993671","200","6","Articulated Shrimp","https://images.squarespace-cdn.com/content/v1/6914262184e7d41fe3ac8966/213dcf1f-30e1-45c6-8249-4b2275f202ce/articulated-shrimp-993671-04.png | https://images.squarespace-cdn.com/content/v1/6914262184e7d41fe3ac8966/2bd2341f-d70c-424a-92c3-94bbe549cdf7/articulated-shrimp-993671-05.png | https://images.squarespace-cdn.com/content/v1/6914262184e7d41fe3ac8966/3b880914-6eb9-41cc-a966-c1353dec27b0/articulated-shrimp-993671-01.png | https://images.squarespace-cdn.com/content/v1/6914262184e7d41fe3ac8966/3b880914-6eb9-41cc-a966-c1353dec27b0/articulated-shrimp-993671-01.png&quot;,&quot;mediaFocalPoint&quot;:{&quot;x&quot;:0.5,&quot;y&quot;:0.5,&quot;source&quot;:3}},{&quot;title&quot;:&quot;articulated-shrimp-993671-02.png&quot;,&quot;originalSize&quot;:&quot;1200x800&quot;,&quot;assetUrl&quot;:&quot;https://images.squarespace-cdn.com/content/v1/6914262184e7d41fe3ac8966/f78e873f-9763-4c7b-ade8-1c5f10593a00/articulated-shrimp-993671-02.png&quot;,&quot;mediaFocalPoint&quot;:{&quot;x&quot;:0.5,&quot;y&quot;:0.5,&quot;source&quot;:3}},{&quot;title&quot;:&quot;articulated-shrimp-993671-03.png&quot;,&quot;originalSize&quot;:&quot;1080x1440&quot;,&quot;assetUrl&quot;:&quot;https://images.squarespace-cdn.com/content/v1/6914262184e7d41fe3ac8966/8cb3d7c6-a4ff-4ac6-ab1c-009a2cb908f8/articulated-shrimp-993671-03.png&quot;,&quot;mediaFocalPoint&quot;:{&quot;x&quot;:0.5,&quot;y&quot;:0.5,&quot;source&quot;:3}},{&quot;title&quot;:&quot;articulated-shrimp-993671-04.png&quot;,&quot;originalSize&quot;:&quot;1080x1440&quot;,&quot;assetUrl&quot;:&quot;https://images.squarespace-cdn.com/content/v1/6914262184e7d41fe3ac8966/213dcf1f-30e1-45c6-8249-4b2275f202ce/articulated-shrimp-993671-04.png&quot;,&quot;mediaFocalPoint&quot;:{&quot;x&quot;:0.5,&quot;y&quot;:0.5,&quot;source&quot;:3}},{&quot;title&quot;:&quot;articulated-shrimp-993671-05.png&quot;,&quot;originalSize&quot;:&quot;1080x1440&quot;,&quot;assetUrl&quot;:&quot;https://images.squarespace-cdn.com/content/v1/6914262184e7d41fe3ac8966/2bd2341f-d70c-424a-92c3-94bbe549cdf7/articulated-shrimp-993671-05.png&quot;,&quot;mediaFocalPoint&quot;:{&quot;x&quot;:0.5,&quot;y&quot;:0.5,&quot;source&quot;:3}}],&quot;fullUrl&quot;:&quot;/shop/p/articulated-shrimp-993671&quot;,&quot;urlSlug&quot;:&quot;articulated-shrimp-993671&quot;,&quot;qtyInStock&quot;:9223372036854775807,&quot;allowMultiplePurchase&quot;:true,&quot;scarce&quot;:false,&quot;published&quot;:true,&quot;tags&quot;:[&quot;MakerWorld&quot;,&quot;Commercial-safe&quot;,&quot;Made | https://images.squarespace-cdn.com/content/v1/6914262184e7d41fe3ac8966/8cb3d7c6-a4ff-4ac6-ab1c-009a2cb908f8/articulated-shrimp-993671-03.png | https://images.squarespace-cdn.com/content/v1/6914262184e7d41fe3ac8966/f78e873f-9763-4c7b-ade8-1c5f10593a00/articulated-shrimp-993671-02.png"
"tumbler-keychain-with-screw-off-lid-no-ams-reqd-822694","https://www.augnach.com/shop/p/tumbler-keychain-with-screw-off-lid-no-ams-reqd-822694","200","6","Tumbler Keychain with Screw-Off Lid","https://images.squarespace-cdn.com/content/v1/6914262184e7d41fe3ac8966/0c0c8845-cc2a-4761-86e9-b15be760ac15/tumbler-keychain-with-screw-off-lid-no-ams-reqd-822694-05.png | https://images.squarespace-cdn.com/content/v1/6914262184e7d41fe3ac8966/267375f5-ab78-4df1-b521-d3701abcd8ab/tumbler-keychain-with-screw-off-lid-no-ams-reqd-822694-01.png | https://images.squarespace-cdn.com/content/v1/6914262184e7d41fe3ac8966/267375f5-ab78-4df1-b521-d3701abcd8ab/tumbler-keychain-with-screw-off-lid-no-ams-reqd-822694-01.png&quot;,&quot;mediaFocalPoint&quot;:{&quot;x&quot;:0.5,&quot;y&quot;:0.5,&quot;source&quot;:3}},{&quot;title&quot;:&quot;tumbler-keychain-with-screw-off-lid-no-ams-reqd-822694-02.png&quot;,&quot;originalSize&quot;:&quot;1920x897&quot;,&quot;assetUrl&quot;:&quot;https://images.squarespace-cdn.com/content/v1/6914262184e7d41fe3ac8966/79bc1f83-ff7e-42b5-974b-24ea1445863d/tumbler-keychain-with-screw-off-lid-no-ams-reqd-822694-02.png&quot;,&quot;mediaFocalPoint&quot;:{&quot;x&quot;:0.5,&quot;y&quot;:0.5,&quot;source&quot;:3}},{&quot;title&quot;:&quot;tumbler-keychain-with-screw-off-lid-no-ams-reqd-822694-03.png&quot;,&quot;originalSize&quot;:&quot;960x1440&quot;,&quot;assetUrl&quot;:&quot;https://images.squarespace-cdn.com/content/v1/6914262184e7d41fe3ac8966/eb853c4d-1ca1-42f4-9612-6cd3bacf866a/tumbler-keychain-with-screw-off-lid-no-ams-reqd-822694-03.png&quot;,&quot;mediaFocalPoint&quot;:{&quot;x&quot;:0.5,&quot;y&quot;:0.5,&quot;source&quot;:3}},{&quot;title&quot;:&quot;tumbler-keychain-with-screw-off-lid-no-ams-reqd-822694-04.png&quot;,&quot;originalSize&quot;:&quot;960x1440&quot;,&quot;assetUrl&quot;:&quot;https://images.squarespace-cdn.com/content/v1/6914262184e7d41fe3ac8966/3de26ffa-ed7b-4657-9acf-3d6553288809/tumbler-keychain-with-screw-off-lid-no-ams-reqd-822694-04.png&quot;,&quot;mediaFocalPoint&quot;:{&quot;x&quot;:0.5,&quot;y&quot;:0.5,&quot;source&quot;:3}},{&quot;title&quot;:&quot;tumbler-keychain-with-screw-off-lid-no-ams-reqd-822694-05.png&quot;,&quot;originalSize&quot;:&quot;959x719&quot;,&quot;assetUrl&quot;:&quot;https://images.squarespace-cdn.com/content/v1/6914262184e7d41fe3ac8966/0c0c8845-cc2a-4761-86e9-b15be760ac15/tumbler-keychain-with-screw-off-lid-no-ams-reqd-822694-05.png&quot;,&quot;mediaFocalPoint&quot;:{&quot;x&quot;:0.5,&quot;y&quot;:0.5,&quot;source&quot;:3}}],&quot;fullUrl&quot;:&quot;/shop/p/tumbler-keychain-with-screw-off-lid-no-ams-reqd-822694&quot;,&quot;urlSlug&quot;:&quot;tumbler-keychain-with-screw-off-lid-no-ams-reqd-822694&quot;,&quot;qtyInStock&quot;:9223372036854775807,&quot;allowMultiplePurchase&quot;:true,&quot;scarce&quot;:false,&quot;published&quot;:true,&quot;tags&quot;:[&quot;MakerWorld&quot;,&quot;Commercial-safe&quot;,&quot;Made | https://images.squarespace-cdn.com/content/v1/6914262184e7d41fe3ac8966/3de26ffa-ed7b-4657-9acf-3d6553288809/tumbler-keychain-with-screw-off-lid-no-ams-reqd-822694-04.png | https://images.squarespace-cdn.com/content/v1/6914262184e7d41fe3ac8966/79bc1f83-ff7e-42b5-974b-24ea1445863d/tumbler-keychain-with-screw-off-lid-no-ams-reqd-822694-02.png | https://images.squarespace-cdn.com/content/v1/6914262184e7d41fe3ac8966/eb853c4d-1ca1-42f4-9612-6cd3bacf866a/tumbler-keychain-with-screw-off-lid-no-ams-reqd-822694-03.png"
"adjustable-pcb-holder-tool-159336","https://www.augnach.com/shop/p/adjustable-pcb-holder-tool-159336","200","6","Adjustable PCB Holder Tool","https://images.squarespace-cdn.com/content/v1/6914262184e7d41fe3ac8966/01e26516-e54e-4951-9d63-42fe21f69f91/adjustable-pcb-holder-tool-159336-02.jpg | https://images.squarespace-cdn.com/content/v1/6914262184e7d41fe3ac8966/1d87b47f-9db6-4a16-a649-aa0e16f63dc8/adjustable-pcb-holder-tool-159336-04.jpg | https://images.squarespace-cdn.com/content/v1/6914262184e7d41fe3ac8966/26559f5a-906b-4ff5-b50a-f86ee6f2b9b0/adjustable-pcb-holder-tool-159336-01.jpg | https://images.squarespace-cdn.com/content/v1/6914262184e7d41fe3ac8966/26559f5a-906b-4ff5-b50a-f86ee6f2b9b0/adjustable-pcb-holder-tool-159336-01.jpg&quot;,&quot;mediaFocalPoint&quot;:{&quot;x&quot;:0.5,&quot;y&quot;:0.5,&quot;source&quot;:3}},{&quot;title&quot;:&quot;adjustable-pcb-holder-tool-159336-02.jpg&quot;,&quot;originalSize&quot;:&quot;4000x3000&quot;,&quot;assetUrl&quot;:&quot;https://images.squarespace-cdn.com/content/v1/6914262184e7d41fe3ac8966/01e26516-e54e-4951-9d63-42fe21f69f91/adjustable-pcb-holder-tool-159336-02.jpg&quot;,&quot;mediaFocalPoint&quot;:{&quot;x&quot;:0.5,&quot;y&quot;:0.5,&quot;source&quot;:3}},{&quot;title&quot;:&quot;adjustable-pcb-holder-tool-159336-03.jpg&quot;,&quot;originalSize&quot;:&quot;4000x3000&quot;,&quot;assetUrl&quot;:&quot;https://images.squarespace-cdn.com/content/v1/6914262184e7d41fe3ac8966/8810b429-f490-42fd-8c47-5a8014e08ce2/adjustable-pcb-holder-tool-159336-03.jpg&quot;,&quot;mediaFocalPoint&quot;:{&quot;x&quot;:0.5,&quot;y&quot;:0.5,&quot;source&quot;:3}},{&quot;title&quot;:&quot;adjustable-pcb-holder-tool-159336-04.jpg&quot;,&quot;originalSize&quot;:&quot;4000x3000&quot;,&quot;assetUrl&quot;:&quot;https://images.squarespace-cdn.com/content/v1/6914262184e7d41fe3ac8966/1d87b47f-9db6-4a16-a649-aa0e16f63dc8/adjustable-pcb-holder-tool-159336-04.jpg&quot;,&quot;mediaFocalPoint&quot;:{&quot;x&quot;:0.5,&quot;y&quot;:0.5,&quot;source&quot;:3}},{&quot;title&quot;:&quot;adjustable-pcb-holder-tool-159336-05.jpg&quot;,&quot;originalSize&quot;:&quot;4000x3000&quot;,&quot;assetUrl&quot;:&quot;https://images.squarespace-cdn.com/content/v1/6914262184e7d41fe3ac8966/4ea29c23-df4d-47d2-b5c3-ebda22befa84/adjustable-pcb-holder-tool-159336-05.jpg&quot;,&quot;mediaFocalPoint&quot;:{&quot;x&quot;:0.5,&quot;y&quot;:0.5,&quot;source&quot;:3}}],&quot;fullUrl&quot;:&quot;/shop/p/adjustable-pcb-holder-tool-159336&quot;,&quot;urlSlug&quot;:&quot;adjustable-pcb-holder-tool-159336&quot;,&quot;qtyInStock&quot;:9223372036854775807,&quot;allowMultiplePurchase&quot;:true,&quot;scarce&quot;:false,&quot;published&quot;:true,&quot;tags&quot;:[&quot;MakerWorld&quot;,&quot;Commercial-safe&quot;,&quot;Made | https://images.squarespace-cdn.com/content/v1/6914262184e7d41fe3ac8966/4ea29c23-df4d-47d2-b5c3-ebda22befa84/adjustable-pcb-holder-tool-159336-05.jpg | https://images.squarespace-cdn.com/content/v1/6914262184e7d41fe3ac8966/8810b429-f490-42fd-8c47-5a8014e08ce2/adjustable-pcb-holder-tool-159336-03.jpg"
"human-skull-anatomically-correct-229818","https://www.augnach.com/shop/p/human-skull-anatomically-correct-229818","200","6","Human Skull, Anatomically Correct","https://images.squarespace-cdn.com/content/v1/6914262184e7d41fe3ac8966/462acb0b-85e7-4435-97aa-158713aa84a7/human-skull-anatomically-correct-229818-05.png | https://images.squarespace-cdn.com/content/v1/6914262184e7d41fe3ac8966/60bccad2-dc18-46d6-863f-cdb75c161e6e/human-skull-anatomically-correct-229818-04.png | https://images.squarespace-cdn.com/content/v1/6914262184e7d41fe3ac8966/7f1a8d4d-62a0-4419-b634-be79789a6567/human-skull-anatomically-correct-229818-02.png | https://images.squarespace-cdn.com/content/v1/6914262184e7d41fe3ac8966/9828c9db-5459-4869-b4e9-b76f323a4a56/human-skull-anatomically-correct-229818-01.png | https://images.squarespace-cdn.com/content/v1/6914262184e7d41fe3ac8966/9828c9db-5459-4869-b4e9-b76f323a4a56/human-skull-anatomically-correct-229818-01.png&quot;,&quot;mediaFocalPoint&quot;:{&quot;x&quot;:0.5,&quot;y&quot;:0.5,&quot;source&quot;:3}},{&quot;title&quot;:&quot;human-skull-anatomically-correct-229818-02.png&quot;,&quot;originalSize&quot;:&quot;787x1136&quot;,&quot;assetUrl&quot;:&quot;https://images.squarespace-cdn.com/content/v1/6914262184e7d41fe3ac8966/7f1a8d4d-62a0-4419-b634-be79789a6567/human-skull-anatomically-correct-229818-02.png&quot;,&quot;mediaFocalPoint&quot;:{&quot;x&quot;:0.5,&quot;y&quot;:0.5,&quot;source&quot;:3}},{&quot;title&quot;:&quot;human-skull-anatomically-correct-229818-03.png&quot;,&quot;originalSize&quot;:&quot;1077x1440&quot;,&quot;assetUrl&quot;:&quot;https://images.squarespace-cdn.com/content/v1/6914262184e7d41fe3ac8966/e44467d0-49a9-4e6e-b03c-e64fdd315891/human-skull-anatomically-correct-229818-03.png&quot;,&quot;mediaFocalPoint&quot;:{&quot;x&quot;:0.5,&quot;y&quot;:0.5,&quot;source&quot;:3}},{&quot;title&quot;:&quot;human-skull-anatomically-correct-229818-04.png&quot;,&quot;originalSize&quot;:&quot;1290x951&quot;,&quot;assetUrl&quot;:&quot;https://images.squarespace-cdn.com/content/v1/6914262184e7d41fe3ac8966/60bccad2-dc18-46d6-863f-cdb75c161e6e/human-skull-anatomically-correct-229818-04.png&quot;,&quot;mediaFocalPoint&quot;:{&quot;x&quot;:0.5,&quot;y&quot;:0.5,&quot;source&quot;:3}},{&quot;title&quot;:&quot;human-skull-anatomically-correct-229818-05.png&quot;,&quot;originalSize&quot;:&quot;1086x1440&quot;,&quot;assetUrl&quot;:&quot;https://images.squarespace-cdn.com/content/v1/6914262184e7d41fe3ac8966/462acb0b-85e7-4435-97aa-158713aa84a7/human-skull-anatomically-correct-229818-05.png&quot;,&quot;mediaFocalPoint&quot;:{&quot;x&quot;:0.5,&quot;y&quot;:0.5,&quot;source&quot;:3}}],&quot;fullUrl&quot;:&quot;/shop/p/human-skull-anatomically-correct-229818&quot;,&quot;urlSlug&quot;:&quot;human-skull-anatomically-correct-229818&quot;,&quot;qtyInStock&quot;:9223372036854775807,&quot;allowMultiplePurchase&quot;:true,&quot;scarce&quot;:false,&quot;published&quot;:true,&quot;tags&quot;:[&quot;MakerWorld&quot;,&quot;Commercial-safe&quot;,&quot;Made | https://images.squarespace-cdn.com/content/v1/6914262184e7d41fe3ac8966/e44467d0-49a9-4e6e-b03c-e64fdd315891/human-skull-anatomically-correct-229818-03.png"
"multicolour-majora-s-mask-105338","https://www.augnach.com/shop/p/multicolour-majora-s-mask-105338","200","6","Multicolour Majora'S Mask","https://images.squarespace-cdn.com/content/v1/6914262184e7d41fe3ac8966/0db429b7-2a31-4db6-af10-4a42b4fc747b/multicolour-majora-s-mask-105338-03.jpg | https://images.squarespace-cdn.com/content/v1/6914262184e7d41fe3ac8966/59ddbd03-2071-4861-8439-8e32691ba06e/multicolour-majora-s-mask-105338-02.jpg | https://images.squarespace-cdn.com/content/v1/6914262184e7d41fe3ac8966/b79e2f8c-6480-4612-b5bd-8af1d59d6057/multicolour-majora-s-mask-105338-01.jpg | https://images.squarespace-cdn.com/content/v1/6914262184e7d41fe3ac8966/b79e2f8c-6480-4612-b5bd-8af1d59d6057/multicolour-majora-s-mask-105338-01.jpg&quot;,&quot;mediaFocalPoint&quot;:{&quot;x&quot;:0.5,&quot;y&quot;:0.5,&quot;source&quot;:3}},{&quot;title&quot;:&quot;multicolour-majora-s-mask-105338-02.jpg&quot;,&quot;originalSize&quot;:&quot;3023x2268&quot;,&quot;assetUrl&quot;:&quot;https://images.squarespace-cdn.com/content/v1/6914262184e7d41fe3ac8966/59ddbd03-2071-4861-8439-8e32691ba06e/multicolour-majora-s-mask-105338-02.jpg&quot;,&quot;mediaFocalPoint&quot;:{&quot;x&quot;:0.5,&quot;y&quot;:0.5,&quot;source&quot;:3}},{&quot;title&quot;:&quot;multicolour-majora-s-mask-105338-03.jpg&quot;,&quot;originalSize&quot;:&quot;2160x1338&quot;,&quot;assetUrl&quot;:&quot;https://images.squarespace-cdn.com/content/v1/6914262184e7d41fe3ac8966/0db429b7-2a31-4db6-af10-4a42b4fc747b/multicolour-majora-s-mask-105338-03.jpg&quot;,&quot;mediaFocalPoint&quot;:{&quot;x&quot;:0.5,&quot;y&quot;:0.5,&quot;source&quot;:3}},{&quot;title&quot;:&quot;multicolour-majora-s-mask-105338-04.jpg&quot;,&quot;originalSize&quot;:&quot;2223x3061&quot;,&quot;assetUrl&quot;:&quot;https://images.squarespace-cdn.com/content/v1/6914262184e7d41fe3ac8966/d07c29e8-c38d-4a3a-aa76-e78d53718461/multicolour-majora-s-mask-105338-04.jpg&quot;,&quot;mediaFocalPoint&quot;:{&quot;x&quot;:0.5,&quot;y&quot;:0.5,&quot;source&quot;:3}},{&quot;title&quot;:&quot;multicolour-majora-s-mask-105338-05.jpg&quot;,&quot;originalSize&quot;:&quot;1861x1823&quot;,&quot;assetUrl&quot;:&quot;https://images.squarespace-cdn.com/content/v1/6914262184e7d41fe3ac8966/efe9898c-3f85-45de-93dc-82c25bdb2c74/multicolour-majora-s-mask-105338-05.jpg&quot;,&quot;mediaFocalPoint&quot;:{&quot;x&quot;:0.5,&quot;y&quot;:0.5,&quot;source&quot;:3}}],&quot;fullUrl&quot;:&quot;/shop/p/multicolour-majora-s-mask-105338&quot;,&quot;urlSlug&quot;:&quot;multicolour-majora-s-mask-105338&quot;,&quot;qtyInStock&quot;:9223372036854775807,&quot;allowMultiplePurchase&quot;:true,&quot;scarce&quot;:false,&quot;published&quot;:true,&quot;tags&quot;:[&quot;MakerWorld&quot;,&quot;Commercial-safe&quot;,&quot;Made | https://images.squarespace-cdn.com/content/v1/6914262184e7d41fe3ac8966/d07c29e8-c38d-4a3a-aa76-e78d53718461/multicolour-majora-s-mask-105338-04.jpg | https://images.squarespace-cdn.com/content/v1/6914262184e7d41fe3ac8966/efe9898c-3f85-45de-93dc-82c25bdb2c74/multicolour-majora-s-mask-105338-05.jpg"
"nfc-tag-keychains-495976","https://www.augnach.com/shop/p/nfc-tag-keychains-495976","200","6","NFC Tag Keychains","https://images.squarespace-cdn.com/content/v1/6914262184e7d41fe3ac8966/07d37972-7f58-46e4-8b45-fc27bef69075/nfc-tag-keychains-495976-05.jpg | https://images.squarespace-cdn.com/content/v1/6914262184e7d41fe3ac8966/1e480d20-1c6e-4707-b4e0-013d7f385296/nfc-tag-keychains-495976-04.jpg | https://images.squarespace-cdn.com/content/v1/6914262184e7d41fe3ac8966/38e87e44-95a1-465b-85cd-42c6f53e9b9f/nfc-tag-keychains-495976-01.jpg | https://images.squarespace-cdn.com/content/v1/6914262184e7d41fe3ac8966/38e87e44-95a1-465b-85cd-42c6f53e9b9f/nfc-tag-keychains-495976-01.jpg&quot;,&quot;mediaFocalPoint&quot;:{&quot;x&quot;:0.5,&quot;y&quot;:0.5,&quot;source&quot;:3}},{&quot;title&quot;:&quot;nfc-tag-keychains-495976-02.jpg&quot;,&quot;originalSize&quot;:&quot;4000x3000&quot;,&quot;assetUrl&quot;:&quot;https://images.squarespace-cdn.com/content/v1/6914262184e7d41fe3ac8966/9a4c8cf4-a0d1-4e65-9448-91fde61d642e/nfc-tag-keychains-495976-02.jpg&quot;,&quot;mediaFocalPoint&quot;:{&quot;x&quot;:0.5,&quot;y&quot;:0.5,&quot;source&quot;:3}},{&quot;title&quot;:&quot;nfc-tag-keychains-495976-03.jpg&quot;,&quot;originalSize&quot;:&quot;4000x3000&quot;,&quot;assetUrl&quot;:&quot;https://images.squarespace-cdn.com/content/v1/6914262184e7d41fe3ac8966/532d4acc-401c-4ead-a789-d6d03a6c4a14/nfc-tag-keychains-495976-03.jpg&quot;,&quot;mediaFocalPoint&quot;:{&quot;x&quot;:0.5,&quot;y&quot;:0.5,&quot;source&quot;:3}},{&quot;title&quot;:&quot;nfc-tag-keychains-495976-04.jpg&quot;,&quot;originalSize&quot;:&quot;4000x3000&quot;,&quot;assetUrl&quot;:&quot;https://images.squarespace-cdn.com/content/v1/6914262184e7d41fe3ac8966/1e480d20-1c6e-4707-b4e0-013d7f385296/nfc-tag-keychains-495976-04.jpg&quot;,&quot;mediaFocalPoint&quot;:{&quot;x&quot;:0.5,&quot;y&quot;:0.5,&quot;source&quot;:3}},{&quot;title&quot;:&quot;nfc-tag-keychains-495976-05.jpg&quot;,&quot;originalSize&quot;:&quot;4000x3000&quot;,&quot;assetUrl&quot;:&quot;https://images.squarespace-cdn.com/content/v1/6914262184e7d41fe3ac8966/07d37972-7f58-46e4-8b45-fc27bef69075/nfc-tag-keychains-495976-05.jpg&quot;,&quot;mediaFocalPoint&quot;:{&quot;x&quot;:0.5,&quot;y&quot;:0.5,&quot;source&quot;:3}}],&quot;fullUrl&quot;:&quot;/shop/p/nfc-tag-keychains-495976&quot;,&quot;urlSlug&quot;:&quot;nfc-tag-keychains-495976&quot;,&quot;qtyInStock&quot;:9223372036854775807,&quot;allowMultiplePurchase&quot;:true,&quot;scarce&quot;:false,&quot;published&quot;:true,&quot;tags&quot;:[&quot;MakerWorld&quot;,&quot;Commercial-safe&quot;,&quot;Made | https://images.squarespace-cdn.com/content/v1/6914262184e7d41fe3ac8966/532d4acc-401c-4ead-a789-d6d03a6c4a14/nfc-tag-keychains-495976-03.jpg | https://images.squarespace-cdn.com/content/v1/6914262184e7d41fe3ac8966/9a4c8cf4-a0d1-4e65-9448-91fde61d642e/nfc-tag-keychains-495976-02.jpg"
"bane-mask-1196904","https://www.augnach.com/shop/p/bane-mask-1196904","200","6","Bane Mask","https://images.squarespace-cdn.com/content/v1/6914262184e7d41fe3ac8966/28833ac5-879a-4db0-9b2b-0c24318fc531/bane-mask-1196904-02.png | https://images.squarespace-cdn.com/content/v1/6914262184e7d41fe3ac8966/91d89bbd-39aa-4a00-b6a8-afab2c3a9378/bane-mask-1196904-03.png | https://images.squarespace-cdn.com/content/v1/6914262184e7d41fe3ac8966/ad255443-0359-460d-9650-83c2a944e7a6/bane-mask-1196904-04.png | https://images.squarespace-cdn.com/content/v1/6914262184e7d41fe3ac8966/caa06b71-f101-4765-91b9-357edfe7a18d/bane-mask-1196904-01.png | https://images.squarespace-cdn.com/content/v1/6914262184e7d41fe3ac8966/caa06b71-f101-4765-91b9-357edfe7a18d/bane-mask-1196904-01.png&quot;,&quot;mediaFocalPoint&quot;:{&quot;x&quot;:0.5,&quot;y&quot;:0.5,&quot;source&quot;:3}},{&quot;title&quot;:&quot;bane-mask-1196904-02.png&quot;,&quot;originalSize&quot;:&quot;672x1440&quot;,&quot;assetUrl&quot;:&quot;https://images.squarespace-cdn.com/content/v1/6914262184e7d41fe3ac8966/28833ac5-879a-4db0-9b2b-0c24318fc531/bane-mask-1196904-02.png&quot;,&quot;mediaFocalPoint&quot;:{&quot;x&quot;:0.5,&quot;y&quot;:0.5,&quot;source&quot;:3}},{&quot;title&quot;:&quot;bane-mask-1196904-03.png&quot;,&quot;originalSize&quot;:&quot;672x1440&quot;,&quot;assetUrl&quot;:&quot;https://images.squarespace-cdn.com/content/v1/6914262184e7d41fe3ac8966/91d89bbd-39aa-4a00-b6a8-afab2c3a9378/bane-mask-1196904-03.png&quot;,&quot;mediaFocalPoint&quot;:{&quot;x&quot;:0.5,&quot;y&quot;:0.5,&quot;source&quot;:3}},{&quot;title&quot;:&quot;bane-mask-1196904-04.png&quot;,&quot;originalSize&quot;:&quot;672x504&quot;,&quot;assetUrl&quot;:&quot;https://images.squarespace-cdn.com/content/v1/6914262184e7d41fe3ac8966/ad255443-0359-460d-9650-83c2a944e7a6/bane-mask-1196904-04.png&quot;,&quot;mediaFocalPoint&quot;:{&quot;x&quot;:0.5,&quot;y&quot;:0.5,&quot;source&quot;:3}},{&quot;title&quot;:&quot;bane-mask-1196904-05.png&quot;,&quot;originalSize&quot;:&quot;672x896&quot;,&quot;assetUrl&quot;:&quot;https://images.squarespace-cdn.com/content/v1/6914262184e7d41fe3ac8966/d01dbcaf-cd52-4245-8ce7-ff2a07f64474/bane-mask-1196904-05.png&quot;,&quot;mediaFocalPoint&quot;:{&quot;x&quot;:0.5,&quot;y&quot;:0.5,&quot;source&quot;:3}}],&quot;fullUrl&quot;:&quot;/shop/p/bane-mask-1196904&quot;,&quot;urlSlug&quot;:&quot;bane-mask-1196904&quot;,&quot;qtyInStock&quot;:9223372036854775807,&quot;allowMultiplePurchase&quot;:true,&quot;scarce&quot;:false,&quot;published&quot;:true,&quot;tags&quot;:[&quot;MakerWorld&quot;,&quot;Commercial-safe&quot;,&quot;Made | https://images.squarespace-cdn.com/content/v1/6914262184e7d41fe3ac8966/d01dbcaf-cd52-4245-8ce7-ff2a07f64474/bane-mask-1196904-05.png"
"enterprise-constitution-class-76482","https://www.augnach.com/shop/p/enterprise-constitution-class-76482","200","6","Enterprise Constitution Class","https://images.squarespace-cdn.com/content/v1/6914262184e7d41fe3ac8966/1c4012dd-54b9-4cb0-9d2f-38bc8844149e/enterprise-constitution-class-76482-05.jpg | https://images.squarespace-cdn.com/content/v1/6914262184e7d41fe3ac8966/2be6a0a1-0ffb-4399-bf0e-6b0eef49d564/enterprise-constitution-class-76482-03.jpg | https://images.squarespace-cdn.com/content/v1/6914262184e7d41fe3ac8966/3050c406-e023-4c63-b6ce-7032c040e523/enterprise-constitution-class-76482-04.jpg | https://images.squarespace-cdn.com/content/v1/6914262184e7d41fe3ac8966/72ccdca2-f66b-4144-89d5-bf5b7be52df1/enterprise-constitution-class-76482-01.jpg | https://images.squarespace-cdn.com/content/v1/6914262184e7d41fe3ac8966/72ccdca2-f66b-4144-89d5-bf5b7be52df1/enterprise-constitution-class-76482-01.jpg&quot;,&quot;mediaFocalPoint&quot;:{&quot;x&quot;:0.5,&quot;y&quot;:0.5,&quot;source&quot;:3}},{&quot;title&quot;:&quot;enterprise-constitution-class-76482-02.jpg&quot;,&quot;originalSize&quot;:&quot;4032x2268&quot;,&quot;assetUrl&quot;:&quot;https://images.squarespace-cdn.com/content/v1/6914262184e7d41fe3ac8966/ab3152be-32a6-434b-8ab8-ef1b39ec90f6/enterprise-constitution-class-76482-02.jpg&quot;,&quot;mediaFocalPoint&quot;:{&quot;x&quot;:0.5,&quot;y&quot;:0.5,&quot;source&quot;:3}},{&quot;title&quot;:&quot;enterprise-constitution-class-76482-03.jpg&quot;,&quot;originalSize&quot;:&quot;4032x2268&quot;,&quot;assetUrl&quot;:&quot;https://images.squarespace-cdn.com/content/v1/6914262184e7d41fe3ac8966/2be6a0a1-0ffb-4399-bf0e-6b0eef49d564/enterprise-constitution-class-76482-03.jpg&quot;,&quot;mediaFocalPoint&quot;:{&quot;x&quot;:0.5,&quot;y&quot;:0.5,&quot;source&quot;:3}},{&quot;title&quot;:&quot;enterprise-constitution-class-76482-04.jpg&quot;,&quot;originalSize&quot;:&quot;4032x2268&quot;,&quot;assetUrl&quot;:&quot;https://images.squarespace-cdn.com/content/v1/6914262184e7d41fe3ac8966/3050c406-e023-4c63-b6ce-7032c040e523/enterprise-constitution-class-76482-04.jpg&quot;,&quot;mediaFocalPoint&quot;:{&quot;x&quot;:0.5,&quot;y&quot;:0.5,&quot;source&quot;:3}},{&quot;title&quot;:&quot;enterprise-constitution-class-76482-05.jpg&quot;,&quot;originalSize&quot;:&quot;4032x2268&quot;,&quot;assetUrl&quot;:&quot;https://images.squarespace-cdn.com/content/v1/6914262184e7d41fe3ac8966/1c4012dd-54b9-4cb0-9d2f-38bc8844149e/enterprise-constitution-class-76482-05.jpg&quot;,&quot;mediaFocalPoint&quot;:{&quot;x&quot;:0.5,&quot;y&quot;:0.5,&quot;source&quot;:3}}],&quot;fullUrl&quot;:&quot;/shop/p/enterprise-constitution-class-76482&quot;,&quot;urlSlug&quot;:&quot;enterprise-constitution-class-76482&quot;,&quot;qtyInStock&quot;:9223372036854775807,&quot;allowMultiplePurchase&quot;:true,&quot;scarce&quot;:false,&quot;published&quot;:true,&quot;tags&quot;:[&quot;MakerWorld&quot;,&quot;Commercial-safe&quot;,&quot;Made | https://images.squarespace-cdn.com/content/v1/6914262184e7d41fe3ac8966/ab3152be-32a6-434b-8ab8-ef1b39ec90f6/enterprise-constitution-class-76482-02.jpg"
"gift-wrap-cutter-deluxe-wrapping-paper-station-2111757","https://www.augnach.com/shop/p/gift-wrap-cutter-deluxe-wrapping-paper-station-2111757","200","6","Gift Wrap Cutter Deluxe - Wrapping Paper Station","https://images.squarespace-cdn.com/content/v1/6914262184e7d41fe3ac8966/74e0a5da-7014-4ed7-81cb-aa0e701377b0/gift-wrap-cutter-deluxe-wrapping-paper-station-2111757-01.jpg | https://images.squarespace-cdn.com/content/v1/6914262184e7d41fe3ac8966/74e0a5da-7014-4ed7-81cb-aa0e701377b0/gift-wrap-cutter-deluxe-wrapping-paper-station-2111757-01.jpg&quot;,&quot;mediaFocalPoint&quot;:{&quot;x&quot;:0.5,&quot;y&quot;:0.5,&quot;source&quot;:3}},{&quot;title&quot;:&quot;gift-wrap-cutter-deluxe-wrapping-paper-station-2111757-02.jpg&quot;,&quot;originalSize&quot;:&quot;3024x4032&quot;,&quot;assetUrl&quot;:&quot;https://images.squarespace-cdn.com/content/v1/6914262184e7d41fe3ac8966/e29f48b6-d24e-4989-a3eb-568e5100457c/gift-wrap-cutter-deluxe-wrapping-paper-station-2111757-02.jpg&quot;,&quot;mediaFocalPoint&quot;:{&quot;x&quot;:0.5,&quot;y&quot;:0.5,&quot;source&quot;:3}},{&quot;title&quot;:&quot;gift-wrap-cutter-deluxe-wrapping-paper-station-2111757-03.jpg&quot;,&quot;originalSize&quot;:&quot;3024x4032&quot;,&quot;assetUrl&quot;:&quot;https://images.squarespace-cdn.com/content/v1/6914262184e7d41fe3ac8966/d2aa3ac3-065f-4a6c-bfe5-d0486eea0018/gift-wrap-cutter-deluxe-wrapping-paper-station-2111757-03.jpg&quot;,&quot;mediaFocalPoint&quot;:{&quot;x&quot;:0.5,&quot;y&quot;:0.5,&quot;source&quot;:3}},{&quot;title&quot;:&quot;gift-wrap-cutter-deluxe-wrapping-paper-station-2111757-04.jpg&quot;,&quot;originalSize&quot;:&quot;3024x4032&quot;,&quot;assetUrl&quot;:&quot;https://images.squarespace-cdn.com/content/v1/6914262184e7d41fe3ac8966/c9033ed0-d558-4443-b4ab-f8193e08e5cf/gift-wrap-cutter-deluxe-wrapping-paper-station-2111757-04.jpg&quot;,&quot;mediaFocalPoint&quot;:{&quot;x&quot;:0.5,&quot;y&quot;:0.5,&quot;source&quot;:3}},{&quot;title&quot;:&quot;gift-wrap-cutter-deluxe-wrapping-paper-station-2111757-05.jpg&quot;,&quot;originalSize&quot;:&quot;4032x3024&quot;,&quot;assetUrl&quot;:&quot;https://images.squarespace-cdn.com/content/v1/6914262184e7d41fe3ac8966/f7de7ac5-bc35-4755-92c3-318b3b63f22c/gift-wrap-cutter-deluxe-wrapping-paper-station-2111757-05.jpg&quot;,&quot;mediaFocalPoint&quot;:{&quot;x&quot;:0.5,&quot;y&quot;:0.5,&quot;source&quot;:3}}],&quot;fullUrl&quot;:&quot;/shop/p/gift-wrap-cutter-deluxe-wrapping-paper-station-2111757&quot;,&quot;urlSlug&quot;:&quot;gift-wrap-cutter-deluxe-wrapping-paper-station-2111757&quot;,&quot;qtyInStock&quot;:9223372036854775807,&quot;allowMultiplePurchase&quot;:true,&quot;scarce&quot;:false,&quot;published&quot;:true,&quot;tags&quot;:[&quot;MakerWorld&quot;,&quot;Commercial-safe&quot;,&quot;Made | https://images.squarespace-cdn.com/content/v1/6914262184e7d41fe3ac8966/c9033ed0-d558-4443-b4ab-f8193e08e5cf/gift-wrap-cutter-deluxe-wrapping-paper-station-2111757-04.jpg | https://images.squarespace-cdn.com/content/v1/6914262184e7d41fe3ac8966/d2aa3ac3-065f-4a6c-bfe5-d0486eea0018/gift-wrap-cutter-deluxe-wrapping-paper-station-2111757-03.jpg | https://images.squarespace-cdn.com/content/v1/6914262184e7d41fe3ac8966/e29f48b6-d24e-4989-a3eb-568e5100457c/gift-wrap-cutter-deluxe-wrapping-paper-station-2111757-02.jpg | https://images.squarespace-cdn.com/content/v1/6914262184e7d41fe3ac8966/f7de7ac5-bc35-4755-92c3-318b3b63f22c/gift-wrap-cutter-deluxe-wrapping-paper-station-2111757-05.jpg"
"social-nfc-keychain-542129","https://www.augnach.com/shop/p/social-nfc-keychain-542129","200","6","Social NFC Keychain","https://images.squarespace-cdn.com/content/v1/6914262184e7d41fe3ac8966/29bfc15e-b29a-4282-88be-c9843f2183ee/social-nfc-keychain-542129-02.png | https://images.squarespace-cdn.com/content/v1/6914262184e7d41fe3ac8966/6335183f-c138-495a-833b-81334107fb15/social-nfc-keychain-542129-04.png | https://images.squarespace-cdn.com/content/v1/6914262184e7d41fe3ac8966/90c7d73b-6e98-44a9-95dc-ffefa7f3890b/social-nfc-keychain-542129-03.png | https://images.squarespace-cdn.com/content/v1/6914262184e7d41fe3ac8966/adc6ea2a-9764-49b9-b53e-df7f31e53daa/social-nfc-keychain-542129-01.jpg | https://images.squarespace-cdn.com/content/v1/6914262184e7d41fe3ac8966/adc6ea2a-9764-49b9-b53e-df7f31e53daa/social-nfc-keychain-542129-01.jpg&quot;,&quot;mediaFocalPoint&quot;:{&quot;x&quot;:0.5,&quot;y&quot;:0.5,&quot;source&quot;:3}},{&quot;title&quot;:&quot;social-nfc-keychain-542129-02.png&quot;,&quot;originalSize&quot;:&quot;1486x1114&quot;,&quot;assetUrl&quot;:&quot;https://images.squarespace-cdn.com/content/v1/6914262184e7d41fe3ac8966/29bfc15e-b29a-4282-88be-c9843f2183ee/social-nfc-keychain-542129-02.png&quot;,&quot;mediaFocalPoint&quot;:{&quot;x&quot;:0.5,&quot;y&quot;:0.5,&quot;source&quot;:3}},{&quot;title&quot;:&quot;social-nfc-keychain-542129-03.png&quot;,&quot;originalSize&quot;:&quot;1066x1007&quot;,&quot;assetUrl&quot;:&quot;https://images.squarespace-cdn.com/content/v1/6914262184e7d41fe3ac8966/90c7d73b-6e98-44a9-95dc-ffefa7f3890b/social-nfc-keychain-542129-03.png&quot;,&quot;mediaFocalPoint&quot;:{&quot;x&quot;:0.5,&quot;y&quot;:0.5,&quot;source&quot;:3}},{&quot;title&quot;:&quot;social-nfc-keychain-542129-04.png&quot;,&quot;originalSize&quot;:&quot;1110x1033&quot;,&quot;assetUrl&quot;:&quot;https://images.squarespace-cdn.com/content/v1/6914262184e7d41fe3ac8966/6335183f-c138-495a-833b-81334107fb15/social-nfc-keychain-542129-04.png&quot;,&quot;mediaFocalPoint&quot;:{&quot;x&quot;:0.5,&quot;y&quot;:0.5,&quot;source&quot;:3}},{&quot;title&quot;:&quot;social-nfc-keychain-542129-05.png&quot;,&quot;originalSize&quot;:&quot;1767x1325&quot;,&quot;assetUrl&quot;:&quot;https://images.squarespace-cdn.com/content/v1/6914262184e7d41fe3ac8966/c2f380a8-13a0-47a7-8525-3e8d1c560255/social-nfc-keychain-542129-05.png&quot;,&quot;mediaFocalPoint&quot;:{&quot;x&quot;:0.5,&quot;y&quot;:0.5,&quot;source&quot;:3}}],&quot;fullUrl&quot;:&quot;/shop/p/social-nfc-keychain-542129&quot;,&quot;urlSlug&quot;:&quot;social-nfc-keychain-542129&quot;,&quot;qtyInStock&quot;:9223372036854775807,&quot;allowMultiplePurchase&quot;:true,&quot;scarce&quot;:false,&quot;published&quot;:true,&quot;tags&quot;:[&quot;MakerWorld&quot;,&quot;Commercial-safe&quot;,&quot;Made | https://images.squarespace-cdn.com/content/v1/6914262184e7d41fe3ac8966/c2f380a8-13a0-47a7-8525-3e8d1c560255/social-nfc-keychain-542129-05.png"
"teepee-modular-bathroom-crisis-prevention-system-406662","https://www.augnach.com/shop/p/teepee-modular-bathroom-crisis-prevention-system-406662","200","6","Teepee: Modular Bathroom Crisis Prevention System","https://images.squarespace-cdn.com/content/v1/6914262184e7d41fe3ac8966/4a224877-7455-4dd3-b000-27d9ba88b8bb/teepee-modular-bathroom-crisis-prevention-system-406662-04.png | https://images.squarespace-cdn.com/content/v1/6914262184e7d41fe3ac8966/4cc72b90-e356-478e-a2a9-60e4b0d1256a/teepee-modular-bathroom-crisis-prevention-system-406662-02.png | https://images.squarespace-cdn.com/content/v1/6914262184e7d41fe3ac8966/e2d3c038-b2fb-4a74-8e15-fb60e1ef1217/teepee-modular-bathroom-crisis-prevention-system-406662-03.png | https://images.squarespace-cdn.com/content/v1/6914262184e7d41fe3ac8966/e7dffabf-6430-49b4-b0fd-58fc2d32290a/teepee-modular-bathroom-crisis-prevention-system-406662-05.png | https://images.squarespace-cdn.com/content/v1/6914262184e7d41fe3ac8966/f79ff9c4-e727-4d8a-8479-af7ef37cca22/teepee-modular-bathroom-crisis-prevention-system-406662-01.png | https://images.squarespace-cdn.com/content/v1/6914262184e7d41fe3ac8966/f79ff9c4-e727-4d8a-8479-af7ef37cca22/teepee-modular-bathroom-crisis-prevention-system-406662-01.png&quot;,&quot;mediaFocalPoint&quot;:{&quot;x&quot;:0.5,&quot;y&quot;:0.5,&quot;source&quot;:3}},{&quot;title&quot;:&quot;teepee-modular-bathroom-crisis-prevention-system-406662-02.png&quot;,&quot;originalSize&quot;:&quot;1280x1280&quot;,&quot;assetUrl&quot;:&quot;https://images.squarespace-cdn.com/content/v1/6914262184e7d41fe3ac8966/4cc72b90-e356-478e-a2a9-60e4b0d1256a/teepee-modular-bathroom-crisis-prevention-system-406662-02.png&quot;,&quot;mediaFocalPoint&quot;:{&quot;x&quot;:0.5,&quot;y&quot;:0.5,&quot;source&quot;:3}},{&quot;title&quot;:&quot;teepee-modular-bathroom-crisis-prevention-system-406662-03.png&quot;,&quot;originalSize&quot;:&quot;1440x1440&quot;,&quot;assetUrl&quot;:&quot;https://images.squarespace-cdn.com/content/v1/6914262184e7d41fe3ac8966/e2d3c038-b2fb-4a74-8e15-fb60e1ef1217/teepee-modular-bathroom-crisis-prevention-system-406662-03.png&quot;,&quot;mediaFocalPoint&quot;:{&quot;x&quot;:0.5,&quot;y&quot;:0.5,&quot;source&quot;:3}},{&quot;title&quot;:&quot;teepee-modular-bathroom-crisis-prevention-system-406662-04.png&quot;,&quot;originalSize&quot;:&quot;1440x1440&quot;,&quot;assetUrl&quot;:&quot;https://images.squarespace-cdn.com/content/v1/6914262184e7d41fe3ac8966/4a224877-7455-4dd3-b000-27d9ba88b8bb/teepee-modular-bathroom-crisis-prevention-system-406662-04.png&quot;,&quot;mediaFocalPoint&quot;:{&quot;x&quot;:0.5,&quot;y&quot;:0.5,&quot;source&quot;:3}},{&quot;title&quot;:&quot;teepee-modular-bathroom-crisis-prevention-system-406662-05.png&quot;,&quot;originalSize&quot;:&quot;1440x1440&quot;,&quot;assetUrl&quot;:&quot;https://images.squarespace-cdn.com/content/v1/6914262184e7d41fe3ac8966/e7dffabf-6430-49b4-b0fd-58fc2d32290a/teepee-modular-bathroom-crisis-prevention-system-406662-05.png&quot;,&quot;mediaFocalPoint&quot;:{&quot;x&quot;:0.5,&quot;y&quot;:0.5,&quot;source&quot;:3}}],&quot;fullUrl&quot;:&quot;/shop/p/teepee-modular-bathroom-crisis-prevention-system-406662&quot;,&quot;urlSlug&quot;:&quot;teepee-modular-bathroom-crisis-prevention-system-406662&quot;,&quot;qtyInStock&quot;:9223372036854775807,&quot;allowMultiplePurchase&quot;:true,&quot;scarce&quot;:false,&quot;published&quot;:true,&quot;tags&quot;:[&quot;MakerWorld&quot;,&quot;Commercial-safe&quot;,&quot;Made"
"cs2-printstream-m4a1-s-pla-64144","https://www.augnach.com/shop/p/cs2-printstream-m4a1-s-pla-64144","200","6","CS2 Printstream M4A1-S (PLA)","https://images.squarespace-cdn.com/content/v1/6914262184e7d41fe3ac8966/17ca3b25-69b7-4834-b1e2-cdcbc4a8abb4/cs2-printstream-m4a1-s-pla-64144-01.png | https://images.squarespace-cdn.com/content/v1/6914262184e7d41fe3ac8966/17ca3b25-69b7-4834-b1e2-cdcbc4a8abb4/cs2-printstream-m4a1-s-pla-64144-01.png&quot;,&quot;mediaFocalPoint&quot;:{&quot;x&quot;:0.5,&quot;y&quot;:0.5,&quot;source&quot;:3}},{&quot;title&quot;:&quot;cs2-printstream-m4a1-s-pla-64144-02.png&quot;,&quot;originalSize&quot;:&quot;1920x973&quot;,&quot;assetUrl&quot;:&quot;https://images.squarespace-cdn.com/content/v1/6914262184e7d41fe3ac8966/37306ae3-0bfe-4bd0-a795-23507a45c5db/cs2-printstream-m4a1-s-pla-64144-02.png&quot;,&quot;mediaFocalPoint&quot;:{&quot;x&quot;:0.5,&quot;y&quot;:0.5,&quot;source&quot;:3}},{&quot;title&quot;:&quot;cs2-printstream-m4a1-s-pla-64144-03.png&quot;,&quot;originalSize&quot;:&quot;1920x1889&quot;,&quot;assetUrl&quot;:&quot;https://images.squarespace-cdn.com/content/v1/6914262184e7d41fe3ac8966/8e9d6871-f4cb-4e64-8be4-7e0fc3df7c84/cs2-printstream-m4a1-s-pla-64144-03.png&quot;,&quot;mediaFocalPoint&quot;:{&quot;x&quot;:0.5,&quot;y&quot;:0.5,&quot;source&quot;:3}},{&quot;title&quot;:&quot;cs2-printstream-m4a1-s-pla-64144-04.png&quot;,&quot;originalSize&quot;:&quot;1920x1122&quot;,&quot;assetUrl&quot;:&quot;https://images.squarespace-cdn.com/content/v1/6914262184e7d41fe3ac8966/cf92f48d-fb1b-472f-a00c-b1e31cf91b26/cs2-printstream-m4a1-s-pla-64144-04.png&quot;,&quot;mediaFocalPoint&quot;:{&quot;x&quot;:0.5,&quot;y&quot;:0.5,&quot;source&quot;:3}},{&quot;title&quot;:&quot;cs2-printstream-m4a1-s-pla-64144-05.png&quot;,&quot;originalSize&quot;:&quot;1316x1440&quot;,&quot;assetUrl&quot;:&quot;https://images.squarespace-cdn.com/content/v1/6914262184e7d41fe3ac8966/b454b1a3-a190-48eb-a5ae-d061e5a6ed98/cs2-printstream-m4a1-s-pla-64144-05.png&quot;,&quot;mediaFocalPoint&quot;:{&quot;x&quot;:0.5,&quot;y&quot;:0.5,&quot;source&quot;:3}}],&quot;fullUrl&quot;:&quot;/shop/p/cs2-printstream-m4a1-s-pla-64144&quot;,&quot;urlSlug&quot;:&quot;cs2-printstream-m4a1-s-pla-64144&quot;,&quot;qtyInStock&quot;:9223372036854775807,&quot;allowMultiplePurchase&quot;:true,&quot;scarce&quot;:false,&quot;published&quot;:true,&quot;tags&quot;:[&quot;MakerWorld&quot;,&quot;Commercial-safe&quot;,&quot;Made | https://images.squarespace-cdn.com/content/v1/6914262184e7d41fe3ac8966/37306ae3-0bfe-4bd0-a795-23507a45c5db/cs2-printstream-m4a1-s-pla-64144-02.png | https://images.squarespace-cdn.com/content/v1/6914262184e7d41fe3ac8966/8e9d6871-f4cb-4e64-8be4-7e0fc3df7c84/cs2-printstream-m4a1-s-pla-64144-03.png | https://images.squarespace-cdn.com/content/v1/6914262184e7d41fe3ac8966/b454b1a3-a190-48eb-a5ae-d061e5a6ed98/cs2-printstream-m4a1-s-pla-64144-05.png | https://images.squarespace-cdn.com/content/v1/6914262184e7d41fe3ac8966/cf92f48d-fb1b-472f-a00c-b1e31cf91b26/cs2-printstream-m4a1-s-pla-64144-04.png"
"headphone-side-desk-stand-481259","https://www.augnach.com/shop/p/headphone-side-desk-stand-481259","200","6","Headphone Side Desk Stand","https://images.squarespace-cdn.com/content/v1/6914262184e7d41fe3ac8966/0a9b67b3-dc64-4536-9308-25d66ab111a3/headphone-side-desk-stand-481259-04.png | https://images.squarespace-cdn.com/content/v1/6914262184e7d41fe3ac8966/187f9ed5-65f6-414b-8459-645ff615f16a/headphone-side-desk-stand-481259-01.png | https://images.squarespace-cdn.com/content/v1/6914262184e7d41fe3ac8966/187f9ed5-65f6-414b-8459-645ff615f16a/headphone-side-desk-stand-481259-01.png&quot;,&quot;mediaFocalPoint&quot;:{&quot;x&quot;:0.5,&quot;y&quot;:0.5,&quot;source&quot;:3}},{&quot;title&quot;:&quot;headphone-side-desk-stand-481259-02.png&quot;,&quot;originalSize&quot;:&quot;541x742&quot;,&quot;assetUrl&quot;:&quot;https://images.squarespace-cdn.com/content/v1/6914262184e7d41fe3ac8966/94f29016-3c06-4aee-aa45-3ac86f53c4f9/headphone-side-desk-stand-481259-02.png&quot;,&quot;mediaFocalPoint&quot;:{&quot;x&quot;:0.5,&quot;y&quot;:0.5,&quot;source&quot;:3}},{&quot;title&quot;:&quot;headphone-side-desk-stand-481259-03.png&quot;,&quot;originalSize&quot;:&quot;500x572&quot;,&quot;assetUrl&quot;:&quot;https://images.squarespace-cdn.com/content/v1/6914262184e7d41fe3ac8966/76b1f548-b52d-466b-89fd-a88b25c7a779/headphone-side-desk-stand-481259-03.png&quot;,&quot;mediaFocalPoint&quot;:{&quot;x&quot;:0.5,&quot;y&quot;:0.5,&quot;source&quot;:3}},{&quot;title&quot;:&quot;headphone-side-desk-stand-481259-04.png&quot;,&quot;originalSize&quot;:&quot;484x363&quot;,&quot;assetUrl&quot;:&quot;https://images.squarespace-cdn.com/content/v1/6914262184e7d41fe3ac8966/0a9b67b3-dc64-4536-9308-25d66ab111a3/headphone-side-desk-stand-481259-04.png&quot;,&quot;mediaFocalPoint&quot;:{&quot;x&quot;:0.5,&quot;y&quot;:0.5,&quot;source&quot;:3}},{&quot;title&quot;:&quot;headphone-side-desk-stand-481259-05.png&quot;,&quot;originalSize&quot;:&quot;375x500&quot;,&quot;assetUrl&quot;:&quot;https://images.squarespace-cdn.com/content/v1/6914262184e7d41fe3ac8966/ae1677a3-ba1d-45ef-aff7-44fc38756bef/headphone-side-desk-stand-481259-05.png&quot;,&quot;mediaFocalPoint&quot;:{&quot;x&quot;:0.5,&quot;y&quot;:0.5,&quot;source&quot;:3}}],&quot;fullUrl&quot;:&quot;/shop/p/headphone-side-desk-stand-481259&quot;,&quot;urlSlug&quot;:&quot;headphone-side-desk-stand-481259&quot;,&quot;qtyInStock&quot;:9223372036854775807,&quot;allowMultiplePurchase&quot;:true,&quot;scarce&quot;:false,&quot;published&quot;:true,&quot;tags&quot;:[&quot;MakerWorld&quot;,&quot;Commercial-safe&quot;,&quot;Made | https://images.squarespace-cdn.com/content/v1/6914262184e7d41fe3ac8966/76b1f548-b52d-466b-89fd-a88b25c7a779/headphone-side-desk-stand-481259-03.png | https://images.squarespace-cdn.com/content/v1/6914262184e7d41fe3ac8966/94f29016-3c06-4aee-aa45-3ac86f53c4f9/headphone-side-desk-stand-481259-02.png | https://images.squarespace-cdn.com/content/v1/6914262184e7d41fe3ac8966/ae1677a3-ba1d-45ef-aff7-44fc38756bef/headphone-side-desk-stand-481259-05.png"
"spin-cube-print-in-place-0-2mm-nozzle-430137","https://www.augnach.com/shop/p/spin-cube-print-in-place-0-2mm-nozzle-430137","200","6","Spin Cube (Print in Place) 0 2mm Nozzle","https://images.squarespace-cdn.com/content/v1/6914262184e7d41fe3ac8966/47c545fa-5345-43ec-8275-5d9ee098b929/spin-cube-print-in-place-0-2mm-nozzle-430137-01.png | https://images.squarespace-cdn.com/content/v1/6914262184e7d41fe3ac8966/47c545fa-5345-43ec-8275-5d9ee098b929/spin-cube-print-in-place-0-2mm-nozzle-430137-01.png&quot;,&quot;mediaFocalPoint&quot;:{&quot;x&quot;:0.5,&quot;y&quot;:0.5,&quot;source&quot;:3}},{&quot;title&quot;:&quot;spin-cube-print-in-place-0-2mm-nozzle-430137-02.png&quot;,&quot;originalSize&quot;:&quot;664x493&quot;,&quot;assetUrl&quot;:&quot;https://images.squarespace-cdn.com/content/v1/6914262184e7d41fe3ac8966/f5f98798-41f0-4d2a-8f4e-6855b8066165/spin-cube-print-in-place-0-2mm-nozzle-430137-02.png&quot;,&quot;mediaFocalPoint&quot;:{&quot;x&quot;:0.5,&quot;y&quot;:0.5,&quot;source&quot;:3}},{&quot;title&quot;:&quot;spin-cube-print-in-place-0-2mm-nozzle-430137-03.png&quot;,&quot;originalSize&quot;:&quot;657x489&quot;,&quot;assetUrl&quot;:&quot;https://images.squarespace-cdn.com/content/v1/6914262184e7d41fe3ac8966/b5e811f7-658e-4470-951b-b83ed98a5f09/spin-cube-print-in-place-0-2mm-nozzle-430137-03.png&quot;,&quot;mediaFocalPoint&quot;:{&quot;x&quot;:0.5,&quot;y&quot;:0.5,&quot;source&quot;:3}},{&quot;title&quot;:&quot;spin-cube-print-in-place-0-2mm-nozzle-430137-04.png&quot;,&quot;originalSize&quot;:&quot;642x490&quot;,&quot;assetUrl&quot;:&quot;https://images.squarespace-cdn.com/content/v1/6914262184e7d41fe3ac8966/8003d890-a46e-44cb-9724-d35b3670a289/spin-cube-print-in-place-0-2mm-nozzle-430137-04.png&quot;,&quot;mediaFocalPoint&quot;:{&quot;x&quot;:0.5,&quot;y&quot;:0.5,&quot;source&quot;:3}},{&quot;title&quot;:&quot;spin-cube-print-in-place-0-2mm-nozzle-430137-05.png&quot;,&quot;originalSize&quot;:&quot;680x490&quot;,&quot;assetUrl&quot;:&quot;https://images.squarespace-cdn.com/content/v1/6914262184e7d41fe3ac8966/9c4cb9b5-5cdc-4138-ac8b-7268ed622a62/spin-cube-print-in-place-0-2mm-nozzle-430137-05.png&quot;,&quot;mediaFocalPoint&quot;:{&quot;x&quot;:0.5,&quot;y&quot;:0.5,&quot;source&quot;:3}}],&quot;fullUrl&quot;:&quot;/shop/p/spin-cube-print-in-place-0-2mm-nozzle-430137&quot;,&quot;urlSlug&quot;:&quot;spin-cube-print-in-place-0-2mm-nozzle-430137&quot;,&quot;qtyInStock&quot;:9223372036854775807,&quot;allowMultiplePurchase&quot;:true,&quot;scarce&quot;:false,&quot;published&quot;:true,&quot;tags&quot;:[&quot;MakerWorld&quot;,&quot;Commercial-safe&quot;,&quot;Made | https://images.squarespace-cdn.com/content/v1/6914262184e7d41fe3ac8966/8003d890-a46e-44cb-9724-d35b3670a289/spin-cube-print-in-place-0-2mm-nozzle-430137-04.png | https://images.squarespace-cdn.com/content/v1/6914262184e7d41fe3ac8966/9c4cb9b5-5cdc-4138-ac8b-7268ed622a62/spin-cube-print-in-place-0-2mm-nozzle-430137-05.png | https://images.squarespace-cdn.com/content/v1/6914262184e7d41fe3ac8966/b5e811f7-658e-4470-951b-b83ed98a5f09/spin-cube-print-in-place-0-2mm-nozzle-430137-03.png | https://images.squarespace-cdn.com/content/v1/6914262184e7d41fe3ac8966/f5f98798-41f0-4d2a-8f4e-6855b8066165/spin-cube-print-in-place-0-2mm-nozzle-430137-02.png"
"v1-kid-size-pool-noodle-sword-holes-19-25mm-1306790","https://www.augnach.com/shop/p/v1-kid-size-pool-noodle-sword-holes-19-25mm-1306790","200","7","V1 Kid Size Pool Noodle Sword (Holes ~19 & 25mm)","https://images.squarespace-cdn.com/content/v1/6914262184e7d41fe3ac8966/1d809806-7f9e-4304-84d1-9bc2a34b9c8f/v1-kid-size-pool-noodle-sword-holes-19-25mm-1306790-01.jpg | https://images.squarespace-cdn.com/content/v1/6914262184e7d41fe3ac8966/1d809806-7f9e-4304-84d1-9bc2a34b9c8f/v1-kid-size-pool-noodle-sword-holes-19-25mm-1306790-01.jpg&quot;,&quot;mediaFocalPoint&quot;:{&quot;x&quot;:0.5,&quot;y&quot;:0.5,&quot;source&quot;:3}},&quot;fullUrl&quot;:&quot;/shop/p/v1-kid-size-pool-noodle-sword-holes-19-25mm-1306790&quot;,&quot;urlSlug&quot;:&quot;v1-kid-size-pool-noodle-sword-holes-19-25mm-1306790&quot;,&quot;qtyInStock&quot;:9223372036854775807,&quot;allowMultiplePurchase&quot;:true,&quot;scarce&quot;:false,&quot;published&quot;:true,&quot;tags&quot;:[&quot;MakerWorld&quot;,&quot;Commercial-safe&quot;,&quot;Made | https://images.squarespace-cdn.com/content/v1/6914262184e7d41fe3ac8966/846386f8-4ee6-4faf-b0a2-dd46ed871800/v1-kid-size-pool-noodle-sword-holes-19-25mm-1306790-04.jpg | https://images.squarespace-cdn.com/content/v1/6914262184e7d41fe3ac8966/954b54b0-c3c8-4cd2-82ac-924480001065/v1-kid-size-pool-noodle-sword-holes-19-25mm-1306790-02.jpg | https://images.squarespace-cdn.com/content/v1/6914262184e7d41fe3ac8966/954b54b0-c3c8-4cd2-82ac-924480001065/v1-kid-size-pool-noodle-sword-holes-19-25mm-1306790-02.jpg&quot;,&quot;mediaFocalPoint&quot;:{&quot;x&quot;:0.5,&quot;y&quot;:0.5,&quot;source&quot;:3}},{&quot;title&quot;:&quot;v1-kid-size-pool-noodle-sword-holes-19-25mm-1306790-03.jpg&quot;,&quot;originalSize&quot;:&quot;1045x1389&quot;,&quot;assetUrl&quot;:&quot;https://images.squarespace-cdn.com/content/v1/6914262184e7d41fe3ac8966/add75a67-8d4e-4f7b-80a3-e8648ced38cb/v1-kid-size-pool-noodle-sword-holes-19-25mm-1306790-03.jpg&quot;,&quot;mediaFocalPoint&quot;:{&quot;x&quot;:0.5,&quot;y&quot;:0.5,&quot;source&quot;:3}},{&quot;title&quot;:&quot;v1-kid-size-pool-noodle-sword-holes-19-25mm-1306790-04.jpg&quot;,&quot;originalSize&quot;:&quot;1041x1389&quot;,&quot;assetUrl&quot;:&quot;https://images.squarespace-cdn.com/content/v1/6914262184e7d41fe3ac8966/846386f8-4ee6-4faf-b0a2-dd46ed871800/v1-kid-size-pool-noodle-sword-holes-19-25mm-1306790-04.jpg&quot;,&quot;mediaFocalPoint&quot;:{&quot;x&quot;:0.5,&quot;y&quot;:0.5,&quot;source&quot;:3}},{&quot;title&quot;:&quot;v1-kid-size-pool-noodle-sword-holes-19-25mm-1306790-05.jpg&quot;,&quot;originalSize&quot;:&quot;1045x1389&quot;,&quot;assetUrl&quot;:&quot;https://images.squarespace-cdn.com/content/v1/6914262184e7d41fe3ac8966/f11951d7-e3a2-4dea-9249-f5ca8780cd45/v1-kid-size-pool-noodle-sword-holes-19-25mm-1306790-05.jpg&quot;,&quot;mediaFocalPoint&quot;:{&quot;x&quot;:0.5,&quot;y&quot;:0.5,&quot;source&quot;:3}},{&quot;title&quot;:&quot;v1-kid-size-pool-noodle-sword-holes-19-25mm-1306790-01.jpg&quot;,&quot;originalSize&quot;:&quot;720x1280&quot;,&quot;assetUrl&quot;:&quot;https://images.squarespace-cdn.com/content/v1/6914262184e7d41fe3ac8966/1d809806-7f9e-4304-84d1-9bc2a34b9c8f/v1-kid-size-pool-noodle-sword-holes-19-25mm-1306790-01.jpg&quot;,&quot;mediaFocalPoint&quot;:{&quot;x&quot;:0.5,&quot;y&quot;:0.5,&quot;source&quot;:3}}],&quot;mainImage&quot;:{&quot;title&quot;:&quot;V1 | https://images.squarespace-cdn.com/content/v1/6914262184e7d41fe3ac8966/add75a67-8d4e-4f7b-80a3-e8648ced38cb/v1-kid-size-pool-noodle-sword-holes-19-25mm-1306790-03.jpg | https://images.squarespace-cdn.com/content/v1/6914262184e7d41fe3ac8966/f11951d7-e3a2-4dea-9249-f5ca8780cd45/v1-kid-size-pool-noodle-sword-holes-19-25mm-1306790-05.jpg"
"ssv-normandy-sr2-719107","https://www.augnach.com/shop/p/ssv-normandy-sr2-719107","200","6","SSV Normandy SR2","https://images.squarespace-cdn.com/content/v1/6914262184e7d41fe3ac8966/02046bf6-e314-4ca6-a450-d64e50ad838e/ssv-normandy-sr2-719107-04.jpg | https://images.squarespace-cdn.com/content/v1/6914262184e7d41fe3ac8966/1d6cd652-ef21-4424-87cf-8b2f7d872c11/ssv-normandy-sr2-719107-02.jpg | https://images.squarespace-cdn.com/content/v1/6914262184e7d41fe3ac8966/2cf67ed9-247e-4b52-8905-c146375622b3/ssv-normandy-sr2-719107-05.png | https://images.squarespace-cdn.com/content/v1/6914262184e7d41fe3ac8966/2fa24a2e-f8b1-44cb-8221-15f3f42d692b/ssv-normandy-sr2-719107-03.jpg | https://images.squarespace-cdn.com/content/v1/6914262184e7d41fe3ac8966/8733e58b-d85c-4f8f-bbd3-10d8415b6701/ssv-normandy-sr2-719107-01.jpg | https://images.squarespace-cdn.com/content/v1/6914262184e7d41fe3ac8966/8733e58b-d85c-4f8f-bbd3-10d8415b6701/ssv-normandy-sr2-719107-01.jpg&quot;,&quot;mediaFocalPoint&quot;:{&quot;x&quot;:0.5,&quot;y&quot;:0.5,&quot;source&quot;:3}},{&quot;title&quot;:&quot;ssv-normandy-sr2-719107-02.jpg&quot;,&quot;originalSize&quot;:&quot;4032x2268&quot;,&quot;assetUrl&quot;:&quot;https://images.squarespace-cdn.com/content/v1/6914262184e7d41fe3ac8966/1d6cd652-ef21-4424-87cf-8b2f7d872c11/ssv-normandy-sr2-719107-02.jpg&quot;,&quot;mediaFocalPoint&quot;:{&quot;x&quot;:0.5,&quot;y&quot;:0.5,&quot;source&quot;:3}},{&quot;title&quot;:&quot;ssv-normandy-sr2-719107-03.jpg&quot;,&quot;originalSize&quot;:&quot;4032x2268&quot;,&quot;assetUrl&quot;:&quot;https://images.squarespace-cdn.com/content/v1/6914262184e7d41fe3ac8966/2fa24a2e-f8b1-44cb-8221-15f3f42d692b/ssv-normandy-sr2-719107-03.jpg&quot;,&quot;mediaFocalPoint&quot;:{&quot;x&quot;:0.5,&quot;y&quot;:0.5,&quot;source&quot;:3}},{&quot;title&quot;:&quot;ssv-normandy-sr2-719107-04.jpg&quot;,&quot;originalSize&quot;:&quot;4032x2268&quot;,&quot;assetUrl&quot;:&quot;https://images.squarespace-cdn.com/content/v1/6914262184e7d41fe3ac8966/02046bf6-e314-4ca6-a450-d64e50ad838e/ssv-normandy-sr2-719107-04.jpg&quot;,&quot;mediaFocalPoint&quot;:{&quot;x&quot;:0.5,&quot;y&quot;:0.5,&quot;source&quot;:3}},{&quot;title&quot;:&quot;ssv-normandy-sr2-719107-05.png&quot;,&quot;originalSize&quot;:&quot;2048x1152&quot;,&quot;assetUrl&quot;:&quot;https://images.squarespace-cdn.com/content/v1/6914262184e7d41fe3ac8966/2cf67ed9-247e-4b52-8905-c146375622b3/ssv-normandy-sr2-719107-05.png&quot;,&quot;mediaFocalPoint&quot;:{&quot;x&quot;:0.5,&quot;y&quot;:0.5,&quot;source&quot;:3}}],&quot;fullUrl&quot;:&quot;/shop/p/ssv-normandy-sr2-719107&quot;,&quot;urlSlug&quot;:&quot;ssv-normandy-sr2-719107&quot;,&quot;qtyInStock&quot;:9223372036854775807,&quot;allowMultiplePurchase&quot;:true,&quot;scarce&quot;:false,&quot;published&quot;:true,&quot;tags&quot;:[&quot;MakerWorld&quot;,&quot;Commercial-safe&quot;,&quot;Made"
"mechanical-arm-holder-system-1183365","https://www.augnach.com/shop/p/mechanical-arm-holder-system-1183365","200","6","Mechanical Arm Holder System","https://images.squarespace-cdn.com/content/v1/6914262184e7d41fe3ac8966/0a87316b-4d94-4f4c-874b-feab636b1320/mechanical-arm-holder-system-1183365-02.png | https://images.squarespace-cdn.com/content/v1/6914262184e7d41fe3ac8966/1a5ed9a1-8c92-428b-adba-512ec01ccbeb/mechanical-arm-holder-system-1183365-01.png | https://images.squarespace-cdn.com/content/v1/6914262184e7d41fe3ac8966/1a5ed9a1-8c92-428b-adba-512ec01ccbeb/mechanical-arm-holder-system-1183365-01.png&quot;,&quot;mediaFocalPoint&quot;:{&quot;x&quot;:0.5,&quot;y&quot;:0.5,&quot;source&quot;:3}},{&quot;title&quot;:&quot;mechanical-arm-holder-system-1183365-02.png&quot;,&quot;originalSize&quot;:&quot;810x1440&quot;,&quot;assetUrl&quot;:&quot;https://images.squarespace-cdn.com/content/v1/6914262184e7d41fe3ac8966/0a87316b-4d94-4f4c-874b-feab636b1320/mechanical-arm-holder-system-1183365-02.png&quot;,&quot;mediaFocalPoint&quot;:{&quot;x&quot;:0.5,&quot;y&quot;:0.5,&quot;source&quot;:3}},{&quot;title&quot;:&quot;mechanical-arm-holder-system-1183365-03.png&quot;,&quot;originalSize&quot;:&quot;810x1440&quot;,&quot;assetUrl&quot;:&quot;https://images.squarespace-cdn.com/content/v1/6914262184e7d41fe3ac8966/d250fafa-2afe-4a2a-b9f2-a511ef99ee5d/mechanical-arm-holder-system-1183365-03.png&quot;,&quot;mediaFocalPoint&quot;:{&quot;x&quot;:0.5,&quot;y&quot;:0.5,&quot;source&quot;:3}},{&quot;title&quot;:&quot;mechanical-arm-holder-system-1183365-04.png&quot;,&quot;originalSize&quot;:&quot;810x1440&quot;,&quot;assetUrl&quot;:&quot;https://images.squarespace-cdn.com/content/v1/6914262184e7d41fe3ac8966/9ea6aabb-260e-4017-a57d-924f39c3f9fe/mechanical-arm-holder-system-1183365-04.png&quot;,&quot;mediaFocalPoint&quot;:{&quot;x&quot;:0.5,&quot;y&quot;:0.5,&quot;source&quot;:3}},{&quot;title&quot;:&quot;mechanical-arm-holder-system-1183365-05.png&quot;,&quot;originalSize&quot;:&quot;1920x1080&quot;,&quot;assetUrl&quot;:&quot;https://images.squarespace-cdn.com/content/v1/6914262184e7d41fe3ac8966/aa465de4-9b42-4f49-b865-e18ae611093f/mechanical-arm-holder-system-1183365-05.png&quot;,&quot;mediaFocalPoint&quot;:{&quot;x&quot;:0.5,&quot;y&quot;:0.5,&quot;source&quot;:3}}],&quot;fullUrl&quot;:&quot;/shop/p/mechanical-arm-holder-system-1183365&quot;,&quot;urlSlug&quot;:&quot;mechanical-arm-holder-system-1183365&quot;,&quot;qtyInStock&quot;:9223372036854775807,&quot;allowMultiplePurchase&quot;:true,&quot;scarce&quot;:false,&quot;published&quot;:true,&quot;tags&quot;:[&quot;MakerWorld&quot;,&quot;Commercial-safe&quot;,&quot;Made | https://images.squarespace-cdn.com/content/v1/6914262184e7d41fe3ac8966/9ea6aabb-260e-4017-a57d-924f39c3f9fe/mechanical-arm-holder-system-1183365-04.png | https://images.squarespace-cdn.com/content/v1/6914262184e7d41fe3ac8966/aa465de4-9b42-4f49-b865-e18ae611093f/mechanical-arm-holder-system-1183365-05.png | https://images.squarespace-cdn.com/content/v1/6914262184e7d41fe3ac8966/d250fafa-2afe-4a2a-b9f2-a511ef99ee5d/mechanical-arm-holder-system-1183365-03.png"
"chain-link-bracelet-1080261","https://www.augnach.com/shop/p/chain-link-bracelet-1080261","200","6","Chain Link Bracelet","https://images.squarespace-cdn.com/content/v1/6914262184e7d41fe3ac8966/073aff27-c59f-4490-a1dc-b7017b25eac4/chain-link-bracelet-1080261-03.png | https://images.squarespace-cdn.com/content/v1/6914262184e7d41fe3ac8966/9693976d-6bcb-43db-9f5d-8b7f37b714d7/chain-link-bracelet-1080261-04.png | https://images.squarespace-cdn.com/content/v1/6914262184e7d41fe3ac8966/b4181471-9e70-4a5d-a7aa-f7d5f7ff8ac8/chain-link-bracelet-1080261-02.png | https://images.squarespace-cdn.com/content/v1/6914262184e7d41fe3ac8966/cf34ec65-9af9-4b28-8806-3bf3b617b3d1/chain-link-bracelet-1080261-05.png | https://images.squarespace-cdn.com/content/v1/6914262184e7d41fe3ac8966/f9fbd3e1-5ced-4aa6-a7f1-ee0c5d7138ee/chain-link-bracelet-1080261-01.png | https://images.squarespace-cdn.com/content/v1/6914262184e7d41fe3ac8966/f9fbd3e1-5ced-4aa6-a7f1-ee0c5d7138ee/chain-link-bracelet-1080261-01.png&quot;,&quot;mediaFocalPoint&quot;:{&quot;x&quot;:0.5,&quot;y&quot;:0.5,&quot;source&quot;:3}},{&quot;title&quot;:&quot;chain-link-bracelet-1080261-02.png&quot;,&quot;originalSize&quot;:&quot;1037x779&quot;,&quot;assetUrl&quot;:&quot;https://images.squarespace-cdn.com/content/v1/6914262184e7d41fe3ac8966/b4181471-9e70-4a5d-a7aa-f7d5f7ff8ac8/chain-link-bracelet-1080261-02.png&quot;,&quot;mediaFocalPoint&quot;:{&quot;x&quot;:0.5,&quot;y&quot;:0.5,&quot;source&quot;:3}},{&quot;title&quot;:&quot;chain-link-bracelet-1080261-03.png&quot;,&quot;originalSize&quot;:&quot;1180x886&quot;,&quot;assetUrl&quot;:&quot;https://images.squarespace-cdn.com/content/v1/6914262184e7d41fe3ac8966/073aff27-c59f-4490-a1dc-b7017b25eac4/chain-link-bracelet-1080261-03.png&quot;,&quot;mediaFocalPoint&quot;:{&quot;x&quot;:0.5,&quot;y&quot;:0.5,&quot;source&quot;:3}},{&quot;title&quot;:&quot;chain-link-bracelet-1080261-04.png&quot;,&quot;originalSize&quot;:&quot;1200x900&quot;,&quot;assetUrl&quot;:&quot;https://images.squarespace-cdn.com/content/v1/6914262184e7d41fe3ac8966/9693976d-6bcb-43db-9f5d-8b7f37b714d7/chain-link-bracelet-1080261-04.png&quot;,&quot;mediaFocalPoint&quot;:{&quot;x&quot;:0.5,&quot;y&quot;:0.5,&quot;source&quot;:3}},{&quot;title&quot;:&quot;chain-link-bracelet-1080261-05.png&quot;,&quot;originalSize&quot;:&quot;675x900&quot;,&quot;assetUrl&quot;:&quot;https://images.squarespace-cdn.com/content/v1/6914262184e7d41fe3ac8966/cf34ec65-9af9-4b28-8806-3bf3b617b3d1/chain-link-bracelet-1080261-05.png&quot;,&quot;mediaFocalPoint&quot;:{&quot;x&quot;:0.5,&quot;y&quot;:0.5,&quot;source&quot;:3}}],&quot;fullUrl&quot;:&quot;/shop/p/chain-link-bracelet-1080261&quot;,&quot;urlSlug&quot;:&quot;chain-link-bracelet-1080261&quot;,&quot;qtyInStock&quot;:9223372036854775807,&quot;allowMultiplePurchase&quot;:true,&quot;scarce&quot;:false,&quot;published&quot;:true,&quot;tags&quot;:[&quot;MakerWorld&quot;,&quot;Commercial-safe&quot;,&quot;Made"
"recaro-seat-phone-holder-959720","https://www.augnach.com/shop/p/recaro-seat-phone-holder-959720","200","6","Recaro Seat Phone Holder","https://images.squarespace-cdn.com/content/v1/6914262184e7d41fe3ac8966/0d83693f-b79a-45a6-ab9b-ad6029081685/recaro-seat-phone-holder-959720-02.png | https://images.squarespace-cdn.com/content/v1/6914262184e7d41fe3ac8966/7c05ea72-8e42-4c4b-b4cb-519244057d56/recaro-seat-phone-holder-959720-05.png | https://images.squarespace-cdn.com/content/v1/6914262184e7d41fe3ac8966/e28a536f-89c4-4c90-bcdd-97d702ced042/recaro-seat-phone-holder-959720-04.png | https://images.squarespace-cdn.com/content/v1/6914262184e7d41fe3ac8966/f30b013e-c54c-4a6e-ae02-79e969743db1/recaro-seat-phone-holder-959720-03.png | https://images.squarespace-cdn.com/content/v1/6914262184e7d41fe3ac8966/f957cc76-cbe6-4e65-9cc8-5fa37a9a8b4d/recaro-seat-phone-holder-959720-01.png | https://images.squarespace-cdn.com/content/v1/6914262184e7d41fe3ac8966/f957cc76-cbe6-4e65-9cc8-5fa37a9a8b4d/recaro-seat-phone-holder-959720-01.png&quot;,&quot;mediaFocalPoint&quot;:{&quot;x&quot;:0.5,&quot;y&quot;:0.5,&quot;source&quot;:3}},{&quot;title&quot;:&quot;recaro-seat-phone-holder-959720-02.png&quot;,&quot;originalSize&quot;:&quot;960x1280&quot;,&quot;assetUrl&quot;:&quot;https://images.squarespace-cdn.com/content/v1/6914262184e7d41fe3ac8966/0d83693f-b79a-45a6-ab9b-ad6029081685/recaro-seat-phone-holder-959720-02.png&quot;,&quot;mediaFocalPoint&quot;:{&quot;x&quot;:0.5,&quot;y&quot;:0.5,&quot;source&quot;:3}},{&quot;title&quot;:&quot;recaro-seat-phone-holder-959720-03.png&quot;,&quot;originalSize&quot;:&quot;960x1280&quot;,&quot;assetUrl&quot;:&quot;https://images.squarespace-cdn.com/content/v1/6914262184e7d41fe3ac8966/f30b013e-c54c-4a6e-ae02-79e969743db1/recaro-seat-phone-holder-959720-03.png&quot;,&quot;mediaFocalPoint&quot;:{&quot;x&quot;:0.5,&quot;y&quot;:0.5,&quot;source&quot;:3}},{&quot;title&quot;:&quot;recaro-seat-phone-holder-959720-04.png&quot;,&quot;originalSize&quot;:&quot;960x1280&quot;,&quot;assetUrl&quot;:&quot;https://images.squarespace-cdn.com/content/v1/6914262184e7d41fe3ac8966/e28a536f-89c4-4c90-bcdd-97d702ced042/recaro-seat-phone-holder-959720-04.png&quot;,&quot;mediaFocalPoint&quot;:{&quot;x&quot;:0.5,&quot;y&quot;:0.5,&quot;source&quot;:3}},{&quot;title&quot;:&quot;recaro-seat-phone-holder-959720-05.png&quot;,&quot;originalSize&quot;:&quot;960x1280&quot;,&quot;assetUrl&quot;:&quot;https://images.squarespace-cdn.com/content/v1/6914262184e7d41fe3ac8966/7c05ea72-8e42-4c4b-b4cb-519244057d56/recaro-seat-phone-holder-959720-05.png&quot;,&quot;mediaFocalPoint&quot;:{&quot;x&quot;:0.5,&quot;y&quot;:0.5,&quot;source&quot;:3}}],&quot;fullUrl&quot;:&quot;/shop/p/recaro-seat-phone-holder-959720&quot;,&quot;urlSlug&quot;:&quot;recaro-seat-phone-holder-959720&quot;,&quot;qtyInStock&quot;:9223372036854775807,&quot;allowMultiplePurchase&quot;:true,&quot;scarce&quot;:false,&quot;published&quot;:true,&quot;tags&quot;:[&quot;MakerWorld&quot;,&quot;Commercial-safe&quot;,&quot;Made"
"doom-helmet-241993","https://www.augnach.com/shop/p/doom-helmet-241993","200","6","Doom Helmet","https://images.squarespace-cdn.com/content/v1/6914262184e7d41fe3ac8966/4528f87a-3efd-4e28-aaba-b6e47732ae42/doom-helmet-241993-02.png | https://images.squarespace-cdn.com/content/v1/6914262184e7d41fe3ac8966/4ace1d45-1f1a-495a-ba9b-aa183b4fb8e5/doom-helmet-241993-03.png | https://images.squarespace-cdn.com/content/v1/6914262184e7d41fe3ac8966/4d38203f-fbe4-4cba-8a51-891e8ce7fc19/doom-helmet-241993-05.png | https://images.squarespace-cdn.com/content/v1/6914262184e7d41fe3ac8966/7ab888fd-63a0-4c8f-aecd-4e02bbfac92e/doom-helmet-241993-01.png | https://images.squarespace-cdn.com/content/v1/6914262184e7d41fe3ac8966/7ab888fd-63a0-4c8f-aecd-4e02bbfac92e/doom-helmet-241993-01.png&quot;,&quot;mediaFocalPoint&quot;:{&quot;x&quot;:0.5,&quot;y&quot;:0.5,&quot;source&quot;:3}},{&quot;title&quot;:&quot;doom-helmet-241993-02.png&quot;,&quot;originalSize&quot;:&quot;1080x1440&quot;,&quot;assetUrl&quot;:&quot;https://images.squarespace-cdn.com/content/v1/6914262184e7d41fe3ac8966/4528f87a-3efd-4e28-aaba-b6e47732ae42/doom-helmet-241993-02.png&quot;,&quot;mediaFocalPoint&quot;:{&quot;x&quot;:0.5,&quot;y&quot;:0.5,&quot;source&quot;:3}},{&quot;title&quot;:&quot;doom-helmet-241993-03.png&quot;,&quot;originalSize&quot;:&quot;1080x1440&quot;,&quot;assetUrl&quot;:&quot;https://images.squarespace-cdn.com/content/v1/6914262184e7d41fe3ac8966/4ace1d45-1f1a-495a-ba9b-aa183b4fb8e5/doom-helmet-241993-03.png&quot;,&quot;mediaFocalPoint&quot;:{&quot;x&quot;:0.5,&quot;y&quot;:0.5,&quot;source&quot;:3}},{&quot;title&quot;:&quot;doom-helmet-241993-04.png&quot;,&quot;originalSize&quot;:&quot;1080x1440&quot;,&quot;assetUrl&quot;:&quot;https://images.squarespace-cdn.com/content/v1/6914262184e7d41fe3ac8966/e6325ee6-92d2-49d7-bae0-87947b856278/doom-helmet-241993-04.png&quot;,&quot;mediaFocalPoint&quot;:{&quot;x&quot;:0.5,&quot;y&quot;:0.5,&quot;source&quot;:3}},{&quot;title&quot;:&quot;doom-helmet-241993-05.png&quot;,&quot;originalSize&quot;:&quot;1920x1440&quot;,&quot;assetUrl&quot;:&quot;https://images.squarespace-cdn.com/content/v1/6914262184e7d41fe3ac8966/4d38203f-fbe4-4cba-8a51-891e8ce7fc19/doom-helmet-241993-05.png&quot;,&quot;mediaFocalPoint&quot;:{&quot;x&quot;:0.5,&quot;y&quot;:0.5,&quot;source&quot;:3}}],&quot;fullUrl&quot;:&quot;/shop/p/doom-helmet-241993&quot;,&quot;urlSlug&quot;:&quot;doom-helmet-241993&quot;,&quot;qtyInStock&quot;:9223372036854775807,&quot;allowMultiplePurchase&quot;:true,&quot;scarce&quot;:false,&quot;published&quot;:true,&quot;tags&quot;:[&quot;MakerWorld&quot;,&quot;Commercial-safe&quot;,&quot;Made | https://images.squarespace-cdn.com/content/v1/6914262184e7d41fe3ac8966/e6325ee6-92d2-49d7-bae0-87947b856278/doom-helmet-241993-04.png"
"terminator-bust-1492210","https://www.augnach.com/shop/p/terminator-bust-1492210","200","6","Terminator Bust","https://images.squarespace-cdn.com/content/v1/6914262184e7d41fe3ac8966/0a1f4845-efc3-4229-b1ae-d0a842eaf119/terminator-bust-1492210-01.jpg | https://images.squarespace-cdn.com/content/v1/6914262184e7d41fe3ac8966/0a1f4845-efc3-4229-b1ae-d0a842eaf119/terminator-bust-1492210-01.jpg&quot;,&quot;mediaFocalPoint&quot;:{&quot;x&quot;:0.5,&quot;y&quot;:0.5,&quot;source&quot;:3}},{&quot;title&quot;:&quot;terminator-bust-1492210-02.jpg&quot;,&quot;originalSize&quot;:&quot;718x953&quot;,&quot;assetUrl&quot;:&quot;https://images.squarespace-cdn.com/content/v1/6914262184e7d41fe3ac8966/444f96b9-ffb8-4a91-8f65-8c8ffd475dba/terminator-bust-1492210-02.jpg&quot;,&quot;mediaFocalPoint&quot;:{&quot;x&quot;:0.5,&quot;y&quot;:0.5,&quot;source&quot;:3}},{&quot;title&quot;:&quot;terminator-bust-1492210-03.jpg&quot;,&quot;originalSize&quot;:&quot;718x953&quot;,&quot;assetUrl&quot;:&quot;https://images.squarespace-cdn.com/content/v1/6914262184e7d41fe3ac8966/8ac85785-23a3-44d0-96b3-7a9321c8c7d2/terminator-bust-1492210-03.jpg&quot;,&quot;mediaFocalPoint&quot;:{&quot;x&quot;:0.5,&quot;y&quot;:0.5,&quot;source&quot;:3}},{&quot;title&quot;:&quot;terminator-bust-1492210-04.png&quot;,&quot;originalSize&quot;:&quot;718x538&quot;,&quot;assetUrl&quot;:&quot;https://images.squarespace-cdn.com/content/v1/6914262184e7d41fe3ac8966/6866ae7d-23dd-4748-83c7-491e2d534f20/terminator-bust-1492210-04.png&quot;,&quot;mediaFocalPoint&quot;:{&quot;x&quot;:0.5,&quot;y&quot;:0.5,&quot;source&quot;:3}},{&quot;title&quot;:&quot;terminator-bust-1492210-05.png&quot;,&quot;originalSize&quot;:&quot;714x953&quot;,&quot;assetUrl&quot;:&quot;https://images.squarespace-cdn.com/content/v1/6914262184e7d41fe3ac8966/ec2f9dbb-1cf3-4ecd-a354-6e0d20bb9382/terminator-bust-1492210-05.png&quot;,&quot;mediaFocalPoint&quot;:{&quot;x&quot;:0.5,&quot;y&quot;:0.5,&quot;source&quot;:3}}],&quot;fullUrl&quot;:&quot;/shop/p/terminator-bust-1492210&quot;,&quot;urlSlug&quot;:&quot;terminator-bust-1492210&quot;,&quot;qtyInStock&quot;:9223372036854775807,&quot;allowMultiplePurchase&quot;:true,&quot;scarce&quot;:false,&quot;published&quot;:true,&quot;tags&quot;:[&quot;MakerWorld&quot;,&quot;Commercial-safe&quot;,&quot;Made | https://images.squarespace-cdn.com/content/v1/6914262184e7d41fe3ac8966/444f96b9-ffb8-4a91-8f65-8c8ffd475dba/terminator-bust-1492210-02.jpg | https://images.squarespace-cdn.com/content/v1/6914262184e7d41fe3ac8966/6866ae7d-23dd-4748-83c7-491e2d534f20/terminator-bust-1492210-04.png | https://images.squarespace-cdn.com/content/v1/6914262184e7d41fe3ac8966/8ac85785-23a3-44d0-96b3-7a9321c8c7d2/terminator-bust-1492210-03.jpg | https://images.squarespace-cdn.com/content/v1/6914262184e7d41fe3ac8966/ec2f9dbb-1cf3-4ecd-a354-6e0d20bb9382/terminator-bust-1492210-05.png"
"friends-couch-for-mcdonalds-figures-2263193","https://www.augnach.com/shop/p/friends-couch-for-mcdonalds-figures-2263193","200","6","FRIENDS Couch for McDonalds Figures","https://images.squarespace-cdn.com/content/v1/6914262184e7d41fe3ac8966/062e6153-22b2-4b82-afd1-0c3f9159a368/friends-couch-for-mcdonalds-figures-2263193-01.jpg | https://images.squarespace-cdn.com/content/v1/6914262184e7d41fe3ac8966/062e6153-22b2-4b82-afd1-0c3f9159a368/friends-couch-for-mcdonalds-figures-2263193-01.jpg&quot;,&quot;mediaFocalPoint&quot;:{&quot;x&quot;:0.5,&quot;y&quot;:0.5,&quot;source&quot;:3}},{&quot;title&quot;:&quot;friends-couch-for-mcdonalds-figures-2263193-02.jpg&quot;,&quot;originalSize&quot;:&quot;1280x1029&quot;,&quot;assetUrl&quot;:&quot;https://images.squarespace-cdn.com/content/v1/6914262184e7d41fe3ac8966/065e25fe-7516-40aa-81a3-9a1f67002c5b/friends-couch-for-mcdonalds-figures-2263193-02.jpg&quot;,&quot;mediaFocalPoint&quot;:{&quot;x&quot;:0.5,&quot;y&quot;:0.5,&quot;source&quot;:3}},{&quot;title&quot;:&quot;friends-couch-for-mcdonalds-figures-2263193-03.jpg&quot;,&quot;originalSize&quot;:&quot;941x1280&quot;,&quot;assetUrl&quot;:&quot;https://images.squarespace-cdn.com/content/v1/6914262184e7d41fe3ac8966/ef7900d4-1554-4db6-a648-80d125d7a798/friends-couch-for-mcdonalds-figures-2263193-03.jpg&quot;,&quot;mediaFocalPoint&quot;:{&quot;x&quot;:0.5,&quot;y&quot;:0.5,&quot;source&quot;:3}},{&quot;title&quot;:&quot;friends-couch-for-mcdonalds-figures-2263193-04.jpg&quot;,&quot;originalSize&quot;:&quot;960x1280&quot;,&quot;assetUrl&quot;:&quot;https://images.squarespace-cdn.com/content/v1/6914262184e7d41fe3ac8966/2a95943a-fb9e-4203-b3dc-1250eac8a26a/friends-couch-for-mcdonalds-figures-2263193-04.jpg&quot;,&quot;mediaFocalPoint&quot;:{&quot;x&quot;:0.5,&quot;y&quot;:0.5,&quot;source&quot;:3}},{&quot;title&quot;:&quot;friends-couch-for-mcdonalds-figures-2263193-05.jpg&quot;,&quot;originalSize&quot;:&quot;4080x3072&quot;,&quot;assetUrl&quot;:&quot;https://images.squarespace-cdn.com/content/v1/6914262184e7d41fe3ac8966/33d0d08c-b3c1-4b5b-ac14-af13924fadd2/friends-couch-for-mcdonalds-figures-2263193-05.jpg&quot;,&quot;mediaFocalPoint&quot;:{&quot;x&quot;:0.5,&quot;y&quot;:0.5,&quot;source&quot;:3}}],&quot;fullUrl&quot;:&quot;/shop/p/friends-couch-for-mcdonalds-figures-2263193&quot;,&quot;urlSlug&quot;:&quot;friends-couch-for-mcdonalds-figures-2263193&quot;,&quot;qtyInStock&quot;:9223372036854775807,&quot;allowMultiplePurchase&quot;:true,&quot;scarce&quot;:false,&quot;published&quot;:true,&quot;tags&quot;:[&quot;MakerWorld&quot;,&quot;Commercial-safe&quot;,&quot;Made | https://images.squarespace-cdn.com/content/v1/6914262184e7d41fe3ac8966/065e25fe-7516-40aa-81a3-9a1f67002c5b/friends-couch-for-mcdonalds-figures-2263193-02.jpg | https://images.squarespace-cdn.com/content/v1/6914262184e7d41fe3ac8966/2a95943a-fb9e-4203-b3dc-1250eac8a26a/friends-couch-for-mcdonalds-figures-2263193-04.jpg | https://images.squarespace-cdn.com/content/v1/6914262184e7d41fe3ac8966/33d0d08c-b3c1-4b5b-ac14-af13924fadd2/friends-couch-for-mcdonalds-figures-2263193-05.jpg | https://images.squarespace-cdn.com/content/v1/6914262184e7d41fe3ac8966/ef7900d4-1554-4db6-a648-80d125d7a798/friends-couch-for-mcdonalds-figures-2263193-03.jpg"
"miniatures-paint-brush-cleaning-pot-915546","https://www.augnach.com/shop/p/miniatures-paint-brush-cleaning-pot-915546","200","6","Miniatures Paint Brush Cleaning Pot","https://images.squarespace-cdn.com/content/v1/6914262184e7d41fe3ac8966/00f62d33-cef3-4cfe-9573-e1c7833efa59/miniatures-paint-brush-cleaning-pot-915546-02.png | https://images.squarespace-cdn.com/content/v1/6914262184e7d41fe3ac8966/0603f6a9-a37e-4ac6-b670-3a9b2156125e/miniatures-paint-brush-cleaning-pot-915546-03.png | https://images.squarespace-cdn.com/content/v1/6914262184e7d41fe3ac8966/d8c65ea2-d5a3-4fcd-b5c9-592bfc24bd96/miniatures-paint-brush-cleaning-pot-915546-04.png | https://images.squarespace-cdn.com/content/v1/6914262184e7d41fe3ac8966/df0c0244-cf88-4961-8a47-e0efd0eef945/miniatures-paint-brush-cleaning-pot-915546-01.png | https://images.squarespace-cdn.com/content/v1/6914262184e7d41fe3ac8966/df0c0244-cf88-4961-8a47-e0efd0eef945/miniatures-paint-brush-cleaning-pot-915546-01.png&quot;,&quot;mediaFocalPoint&quot;:{&quot;x&quot;:0.5,&quot;y&quot;:0.5,&quot;source&quot;:3}},{&quot;title&quot;:&quot;miniatures-paint-brush-cleaning-pot-915546-02.png&quot;,&quot;originalSize&quot;:&quot;676x901&quot;,&quot;assetUrl&quot;:&quot;https://images.squarespace-cdn.com/content/v1/6914262184e7d41fe3ac8966/00f62d33-cef3-4cfe-9573-e1c7833efa59/miniatures-paint-brush-cleaning-pot-915546-02.png&quot;,&quot;mediaFocalPoint&quot;:{&quot;x&quot;:0.5,&quot;y&quot;:0.5,&quot;source&quot;:3}},{&quot;title&quot;:&quot;miniatures-paint-brush-cleaning-pot-915546-03.png&quot;,&quot;originalSize&quot;:&quot;676x901&quot;,&quot;assetUrl&quot;:&quot;https://images.squarespace-cdn.com/content/v1/6914262184e7d41fe3ac8966/0603f6a9-a37e-4ac6-b670-3a9b2156125e/miniatures-paint-brush-cleaning-pot-915546-03.png&quot;,&quot;mediaFocalPoint&quot;:{&quot;x&quot;:0.5,&quot;y&quot;:0.5,&quot;source&quot;:3}},{&quot;title&quot;:&quot;miniatures-paint-brush-cleaning-pot-915546-04.png&quot;,&quot;originalSize&quot;:&quot;386x289&quot;,&quot;assetUrl&quot;:&quot;https://images.squarespace-cdn.com/content/v1/6914262184e7d41fe3ac8966/d8c65ea2-d5a3-4fcd-b5c9-592bfc24bd96/miniatures-paint-brush-cleaning-pot-915546-04.png&quot;,&quot;mediaFocalPoint&quot;:{&quot;x&quot;:0.5,&quot;y&quot;:0.5,&quot;source&quot;:3}},{&quot;title&quot;:&quot;miniatures-paint-brush-cleaning-pot-915546-05.png&quot;,&quot;originalSize&quot;:&quot;375x500&quot;,&quot;assetUrl&quot;:&quot;https://images.squarespace-cdn.com/content/v1/6914262184e7d41fe3ac8966/e4e6d1ed-5c98-4500-a015-2a7b8eb703dc/miniatures-paint-brush-cleaning-pot-915546-05.png&quot;,&quot;mediaFocalPoint&quot;:{&quot;x&quot;:0.5,&quot;y&quot;:0.5,&quot;source&quot;:3}}],&quot;fullUrl&quot;:&quot;/shop/p/miniatures-paint-brush-cleaning-pot-915546&quot;,&quot;urlSlug&quot;:&quot;miniatures-paint-brush-cleaning-pot-915546&quot;,&quot;qtyInStock&quot;:9223372036854775807,&quot;allowMultiplePurchase&quot;:true,&quot;scarce&quot;:false,&quot;published&quot;:true,&quot;tags&quot;:[&quot;MakerWorld&quot;,&quot;Commercial-safe&quot;,&quot;Made | https://images.squarespace-cdn.com/content/v1/6914262184e7d41fe3ac8966/e4e6d1ed-5c98-4500-a015-2a7b8eb703dc/miniatures-paint-brush-cleaning-pot-915546-05.png"
"mini-table-bowling-set-139175","https://www.augnach.com/shop/p/mini-table-bowling-set-139175","200","6","Mini Table Bowling Set","https://images.squarespace-cdn.com/content/v1/6914262184e7d41fe3ac8966/811aadfa-6d6a-4a3e-8322-c263143f07ba/mini-table-bowling-set-139175-01.png | https://images.squarespace-cdn.com/content/v1/6914262184e7d41fe3ac8966/811aadfa-6d6a-4a3e-8322-c263143f07ba/mini-table-bowling-set-139175-01.png&quot;,&quot;mediaFocalPoint&quot;:{&quot;x&quot;:0.5,&quot;y&quot;:0.5,&quot;source&quot;:3}},{&quot;title&quot;:&quot;mini-table-bowling-set-139175-02.png&quot;,&quot;originalSize&quot;:&quot;1800x1350&quot;,&quot;assetUrl&quot;:&quot;https://images.squarespace-cdn.com/content/v1/6914262184e7d41fe3ac8966/d90cfd7d-3311-4ca9-a529-10e3d9a347d1/mini-table-bowling-set-139175-02.png&quot;,&quot;mediaFocalPoint&quot;:{&quot;x&quot;:0.5,&quot;y&quot;:0.5,&quot;source&quot;:3}},{&quot;title&quot;:&quot;mini-table-bowling-set-139175-03.jpg&quot;,&quot;originalSize&quot;:&quot;345x259&quot;,&quot;assetUrl&quot;:&quot;https://images.squarespace-cdn.com/content/v1/6914262184e7d41fe3ac8966/cefb774d-4667-425d-b84e-802d2daa5fa3/mini-table-bowling-set-139175-03.jpg&quot;,&quot;mediaFocalPoint&quot;:{&quot;x&quot;:0.5,&quot;y&quot;:0.5,&quot;source&quot;:3}},{&quot;title&quot;:&quot;mini-table-bowling-set-139175-04.png&quot;,&quot;originalSize&quot;:&quot;1920x1440&quot;,&quot;assetUrl&quot;:&quot;https://images.squarespace-cdn.com/content/v1/6914262184e7d41fe3ac8966/99ae94cc-e16b-4f5a-8197-4fe5ef9bec89/mini-table-bowling-set-139175-04.png&quot;,&quot;mediaFocalPoint&quot;:{&quot;x&quot;:0.5,&quot;y&quot;:0.5,&quot;source&quot;:3}},{&quot;title&quot;:&quot;mini-table-bowling-set-139175-05.png&quot;,&quot;originalSize&quot;:&quot;1920x1440&quot;,&quot;assetUrl&quot;:&quot;https://images.squarespace-cdn.com/content/v1/6914262184e7d41fe3ac8966/9d40eb71-e379-4264-9ea1-9beb9b304dcf/mini-table-bowling-set-139175-05.png&quot;,&quot;mediaFocalPoint&quot;:{&quot;x&quot;:0.5,&quot;y&quot;:0.5,&quot;source&quot;:3}}],&quot;fullUrl&quot;:&quot;/shop/p/mini-table-bowling-set-139175&quot;,&quot;urlSlug&quot;:&quot;mini-table-bowling-set-139175&quot;,&quot;qtyInStock&quot;:9223372036854775807,&quot;allowMultiplePurchase&quot;:true,&quot;scarce&quot;:false,&quot;published&quot;:true,&quot;tags&quot;:[&quot;MakerWorld&quot;,&quot;Commercial-safe&quot;,&quot;Made | https://images.squarespace-cdn.com/content/v1/6914262184e7d41fe3ac8966/99ae94cc-e16b-4f5a-8197-4fe5ef9bec89/mini-table-bowling-set-139175-04.png | https://images.squarespace-cdn.com/content/v1/6914262184e7d41fe3ac8966/9d40eb71-e379-4264-9ea1-9beb9b304dcf/mini-table-bowling-set-139175-05.png | https://images.squarespace-cdn.com/content/v1/6914262184e7d41fe3ac8966/cefb774d-4667-425d-b84e-802d2daa5fa3/mini-table-bowling-set-139175-03.jpg | https://images.squarespace-cdn.com/content/v1/6914262184e7d41fe3ac8966/d90cfd7d-3311-4ca9-a529-10e3d9a347d1/mini-table-bowling-set-139175-02.png"
"easy-to-print-fidget-to-sell-1066167","https://www.augnach.com/shop/p/easy-to-print-fidget-to-sell-1066167","200","6","Easy to Print Fidget to Sell","https://images.squarespace-cdn.com/content/v1/6914262184e7d41fe3ac8966/25001ccf-1ce7-4664-b175-c3539b431688/easy-to-print-fidget-to-sell-1066167-04.png | https://images.squarespace-cdn.com/content/v1/6914262184e7d41fe3ac8966/5523b3e2-cf79-4b9a-b6c5-d684b800bf20/easy-to-print-fidget-to-sell-1066167-05.png | https://images.squarespace-cdn.com/content/v1/6914262184e7d41fe3ac8966/8b270884-480f-4707-b956-95e581da701d/easy-to-print-fidget-to-sell-1066167-01.jpg | https://images.squarespace-cdn.com/content/v1/6914262184e7d41fe3ac8966/8b270884-480f-4707-b956-95e581da701d/easy-to-print-fidget-to-sell-1066167-01.jpg&quot;,&quot;mediaFocalPoint&quot;:{&quot;x&quot;:0.5,&quot;y&quot;:0.5,&quot;source&quot;:3}},{&quot;title&quot;:&quot;easy-to-print-fidget-to-sell-1066167-02.jpg&quot;,&quot;originalSize&quot;:&quot;2984x2768&quot;,&quot;assetUrl&quot;:&quot;https://images.squarespace-cdn.com/content/v1/6914262184e7d41fe3ac8966/da0ddfb6-5d47-4552-921f-49af733e639e/easy-to-print-fidget-to-sell-1066167-02.jpg&quot;,&quot;mediaFocalPoint&quot;:{&quot;x&quot;:0.5,&quot;y&quot;:0.5,&quot;source&quot;:3}},{&quot;title&quot;:&quot;easy-to-print-fidget-to-sell-1066167-03.png&quot;,&quot;originalSize&quot;:&quot;1882x1648&quot;,&quot;assetUrl&quot;:&quot;https://images.squarespace-cdn.com/content/v1/6914262184e7d41fe3ac8966/cd86898c-cc7a-473f-a74e-25764285c00a/easy-to-print-fidget-to-sell-1066167-03.png&quot;,&quot;mediaFocalPoint&quot;:{&quot;x&quot;:0.5,&quot;y&quot;:0.5,&quot;source&quot;:3}},{&quot;title&quot;:&quot;easy-to-print-fidget-to-sell-1066167-04.png&quot;,&quot;originalSize&quot;:&quot;1666x1250&quot;,&quot;assetUrl&quot;:&quot;https://images.squarespace-cdn.com/content/v1/6914262184e7d41fe3ac8966/25001ccf-1ce7-4664-b175-c3539b431688/easy-to-print-fidget-to-sell-1066167-04.png&quot;,&quot;mediaFocalPoint&quot;:{&quot;x&quot;:0.5,&quot;y&quot;:0.5,&quot;source&quot;:3}},{&quot;title&quot;:&quot;easy-to-print-fidget-to-sell-1066167-05.png&quot;,&quot;originalSize&quot;:&quot;1080x1440&quot;,&quot;assetUrl&quot;:&quot;https://images.squarespace-cdn.com/content/v1/6914262184e7d41fe3ac8966/5523b3e2-cf79-4b9a-b6c5-d684b800bf20/easy-to-print-fidget-to-sell-1066167-05.png&quot;,&quot;mediaFocalPoint&quot;:{&quot;x&quot;:0.5,&quot;y&quot;:0.5,&quot;source&quot;:3}}],&quot;fullUrl&quot;:&quot;/shop/p/easy-to-print-fidget-to-sell-1066167&quot;,&quot;urlSlug&quot;:&quot;easy-to-print-fidget-to-sell-1066167&quot;,&quot;qtyInStock&quot;:9223372036854775807,&quot;allowMultiplePurchase&quot;:true,&quot;scarce&quot;:false,&quot;published&quot;:true,&quot;tags&quot;:[&quot;MakerWorld&quot;,&quot;Commercial-safe&quot;,&quot;Made | https://images.squarespace-cdn.com/content/v1/6914262184e7d41fe3ac8966/cd86898c-cc7a-473f-a74e-25764285c00a/easy-to-print-fidget-to-sell-1066167-03.png | https://images.squarespace-cdn.com/content/v1/6914262184e7d41fe3ac8966/da0ddfb6-5d47-4552-921f-49af733e639e/easy-to-print-fidget-to-sell-1066167-02.jpg"
"articulated-lotus-dragon-489985","https://www.augnach.com/shop/p/articulated-lotus-dragon-489985","200","6","Articulated Lotus Dragon","https://images.squarespace-cdn.com/content/v1/6914262184e7d41fe3ac8966/2334d9cc-6d2e-4aae-b3da-dbe11af75ceb/01-source.jpg | https://images.squarespace-cdn.com/content/v1/6914262184e7d41fe3ac8966/3190e55a-7e7a-4f88-94fc-347b4442f721/03-source.jpg | https://images.squarespace-cdn.com/content/v1/6914262184e7d41fe3ac8966/79eb031f-e7cb-4481-99d5-c97d27b0b4e8/02-source.jpg | https://images.squarespace-cdn.com/content/v1/6914262184e7d41fe3ac8966/80f1f0b7-54ce-4b6f-9dd3-ae8785ca27db/04-source.jpg | https://images.squarespace-cdn.com/content/v1/6914262184e7d41fe3ac8966/bb461bf0-f8a0-4fe0-9e5c-1ef3e2c53582/05-source.jpg | https://images.squarespace-cdn.com/content/v1/6914262184e7d41fe3ac8966/bb461bf0-f8a0-4fe0-9e5c-1ef3e2c53582/05-source.jpg&quot;,&quot;mediaFocalPoint&quot;:{&quot;x&quot;:0.5,&quot;y&quot;:0.5,&quot;source&quot;:3}},{&quot;title&quot;:&quot;01-source.jpg&quot;,&quot;originalSize&quot;:&quot;1440x1440&quot;,&quot;assetUrl&quot;:&quot;https://images.squarespace-cdn.com/content/v1/6914262184e7d41fe3ac8966/2334d9cc-6d2e-4aae-b3da-dbe11af75ceb/01-source.jpg&quot;,&quot;mediaFocalPoint&quot;:{&quot;x&quot;:0.5,&quot;y&quot;:0.5,&quot;source&quot;:3}},{&quot;title&quot;:&quot;02-source.jpg&quot;,&quot;originalSize&quot;:&quot;1920x1919&quot;,&quot;assetUrl&quot;:&quot;https://images.squarespace-cdn.com/content/v1/6914262184e7d41fe3ac8966/79eb031f-e7cb-4481-99d5-c97d27b0b4e8/02-source.jpg&quot;,&quot;mediaFocalPoint&quot;:{&quot;x&quot;:0.5,&quot;y&quot;:0.5,&quot;source&quot;:3}},{&quot;title&quot;:&quot;03-source.jpg&quot;,&quot;originalSize&quot;:&quot;1440x1440&quot;,&quot;assetUrl&quot;:&quot;https://images.squarespace-cdn.com/content/v1/6914262184e7d41fe3ac8966/3190e55a-7e7a-4f88-94fc-347b4442f721/03-source.jpg&quot;,&quot;mediaFocalPoint&quot;:{&quot;x&quot;:0.5,&quot;y&quot;:0.5,&quot;source&quot;:3}},{&quot;title&quot;:&quot;04-source.jpg&quot;,&quot;originalSize&quot;:&quot;1439x1440&quot;,&quot;assetUrl&quot;:&quot;https://images.squarespace-cdn.com/content/v1/6914262184e7d41fe3ac8966/80f1f0b7-54ce-4b6f-9dd3-ae8785ca27db/04-source.jpg&quot;,&quot;mediaFocalPoint&quot;:{&quot;x&quot;:0.5,&quot;y&quot;:0.5,&quot;source&quot;:3}}],&quot;fullUrl&quot;:&quot;/shop/p/articulated-lotus-dragon-489985&quot;,&quot;urlSlug&quot;:&quot;articulated-lotus-dragon-489985&quot;,&quot;qtyInStock&quot;:9223372036854775807,&quot;allowMultiplePurchase&quot;:true,&quot;scarce&quot;:false,&quot;published&quot;:true,&quot;tags&quot;:[&quot;MakerWorld&quot;,&quot;Commercial-safe&quot;,&quot;Made"
"body-measurement-tool-for-tape-measure-1036786","https://www.augnach.com/shop/p/body-measurement-tool-for-tape-measure-1036786","200","6","Body Measurement Tool for Tape Measure","https://images.squarespace-cdn.com/content/v1/6914262184e7d41fe3ac8966/31b59d98-61d6-42c6-bb4e-6b6f1a5389a1/04-source.jpg | https://images.squarespace-cdn.com/content/v1/6914262184e7d41fe3ac8966/34b4df58-9191-4143-bb53-3339f482a4ae/03-source.jpg | https://images.squarespace-cdn.com/content/v1/6914262184e7d41fe3ac8966/4ca6dcfd-a288-43f8-a85b-afe90b1f736b/05-source.jpg | https://images.squarespace-cdn.com/content/v1/6914262184e7d41fe3ac8966/5bc5597b-1e3f-4ee8-b7ba-a0fbac407b87/01-source.jpg | https://images.squarespace-cdn.com/content/v1/6914262184e7d41fe3ac8966/5bc5597b-1e3f-4ee8-b7ba-a0fbac407b87/01-source.jpg&quot;,&quot;mediaFocalPoint&quot;:{&quot;x&quot;:0.5,&quot;y&quot;:0.5,&quot;source&quot;:3}},{&quot;title&quot;:&quot;02-source.jpg&quot;,&quot;originalSize&quot;:&quot;1288x966&quot;,&quot;assetUrl&quot;:&quot;https://images.squarespace-cdn.com/content/v1/6914262184e7d41fe3ac8966/87182d8b-14f1-4030-a2e3-aba99243afd5/02-source.jpg&quot;,&quot;mediaFocalPoint&quot;:{&quot;x&quot;:0.5,&quot;y&quot;:0.5,&quot;source&quot;:3}},{&quot;title&quot;:&quot;03-source.jpg&quot;,&quot;originalSize&quot;:&quot;1482x1112&quot;,&quot;assetUrl&quot;:&quot;https://images.squarespace-cdn.com/content/v1/6914262184e7d41fe3ac8966/34b4df58-9191-4143-bb53-3339f482a4ae/03-source.jpg&quot;,&quot;mediaFocalPoint&quot;:{&quot;x&quot;:0.5,&quot;y&quot;:0.5,&quot;source&quot;:3}},{&quot;title&quot;:&quot;04-source.jpg&quot;,&quot;originalSize&quot;:&quot;1918x1439&quot;,&quot;assetUrl&quot;:&quot;https://images.squarespace-cdn.com/content/v1/6914262184e7d41fe3ac8966/31b59d98-61d6-42c6-bb4e-6b6f1a5389a1/04-source.jpg&quot;,&quot;mediaFocalPoint&quot;:{&quot;x&quot;:0.5,&quot;y&quot;:0.5,&quot;source&quot;:3}},{&quot;title&quot;:&quot;05-source.jpg&quot;,&quot;originalSize&quot;:&quot;1080x1440&quot;,&quot;assetUrl&quot;:&quot;https://images.squarespace-cdn.com/content/v1/6914262184e7d41fe3ac8966/4ca6dcfd-a288-43f8-a85b-afe90b1f736b/05-source.jpg&quot;,&quot;mediaFocalPoint&quot;:{&quot;x&quot;:0.5,&quot;y&quot;:0.5,&quot;source&quot;:3}}],&quot;fullUrl&quot;:&quot;/shop/p/body-measurement-tool-for-tape-measure-1036786&quot;,&quot;urlSlug&quot;:&quot;body-measurement-tool-for-tape-measure-1036786&quot;,&quot;qtyInStock&quot;:9223372036854775807,&quot;allowMultiplePurchase&quot;:true,&quot;scarce&quot;:false,&quot;published&quot;:true,&quot;tags&quot;:[&quot;MakerWorld&quot;,&quot;Commercial-safe&quot;,&quot;Made | https://images.squarespace-cdn.com/content/v1/6914262184e7d41fe3ac8966/87182d8b-14f1-4030-a2e3-aba99243afd5/02-source.jpg"
"3d-pen-465048","https://www.augnach.com/shop/p/3d-pen-465048","200","6","3D Pen","https://images.squarespace-cdn.com/content/v1/6914262184e7d41fe3ac8966/1240737d-56ef-4156-9629-bd499b64a383/01-source.png | https://images.squarespace-cdn.com/content/v1/6914262184e7d41fe3ac8966/1240737d-56ef-4156-9629-bd499b64a383/01-source.png&quot;,&quot;mediaFocalPoint&quot;:{&quot;x&quot;:0.5,&quot;y&quot;:0.5,&quot;source&quot;:3}},{&quot;title&quot;:&quot;02-source.png&quot;,&quot;originalSize&quot;:&quot;1230x666&quot;,&quot;assetUrl&quot;:&quot;https://images.squarespace-cdn.com/content/v1/6914262184e7d41fe3ac8966/e3d40f06-efd7-4556-8c4f-95cfcc165e00/02-source.png&quot;,&quot;mediaFocalPoint&quot;:{&quot;x&quot;:0.5,&quot;y&quot;:0.5,&quot;source&quot;:3}},{&quot;title&quot;:&quot;03-source.jpg&quot;,&quot;originalSize&quot;:&quot;1280x960&quot;,&quot;assetUrl&quot;:&quot;https://images.squarespace-cdn.com/content/v1/6914262184e7d41fe3ac8966/3ed62666-753b-4a95-b5ad-4d48e15dde26/03-source.jpg&quot;,&quot;mediaFocalPoint&quot;:{&quot;x&quot;:0.5,&quot;y&quot;:0.5,&quot;source&quot;:3}},{&quot;title&quot;:&quot;04-source.jpg&quot;,&quot;originalSize&quot;:&quot;960x1280&quot;,&quot;assetUrl&quot;:&quot;https://images.squarespace-cdn.com/content/v1/6914262184e7d41fe3ac8966/76d1f284-3400-499b-87d1-334711efc5fd/04-source.jpg&quot;,&quot;mediaFocalPoint&quot;:{&quot;x&quot;:0.5,&quot;y&quot;:0.5,&quot;source&quot;:3}},{&quot;title&quot;:&quot;05-source.jpg&quot;,&quot;originalSize&quot;:&quot;826x619&quot;,&quot;assetUrl&quot;:&quot;https://images.squarespace-cdn.com/content/v1/6914262184e7d41fe3ac8966/61b5b04b-3242-4100-a4d5-6672b7ef0383/05-source.jpg&quot;,&quot;mediaFocalPoint&quot;:{&quot;x&quot;:0.5,&quot;y&quot;:0.5,&quot;source&quot;:3}}],&quot;fullUrl&quot;:&quot;/shop/p/3d-pen-465048&quot;,&quot;urlSlug&quot;:&quot;3d-pen-465048&quot;,&quot;qtyInStock&quot;:9223372036854775807,&quot;allowMultiplePurchase&quot;:true,&quot;scarce&quot;:false,&quot;published&quot;:true,&quot;tags&quot;:[&quot;MakerWorld&quot;,&quot;Commercial-safe&quot;,&quot;Made | https://images.squarespace-cdn.com/content/v1/6914262184e7d41fe3ac8966/3ed62666-753b-4a95-b5ad-4d48e15dde26/03-source.jpg | https://images.squarespace-cdn.com/content/v1/6914262184e7d41fe3ac8966/61b5b04b-3242-4100-a4d5-6672b7ef0383/05-source.jpg | https://images.squarespace-cdn.com/content/v1/6914262184e7d41fe3ac8966/76d1f284-3400-499b-87d1-334711efc5fd/04-source.jpg | https://images.squarespace-cdn.com/content/v1/6914262184e7d41fe3ac8966/e3d40f06-efd7-4556-8c4f-95cfcc165e00/02-source.png"
"deer-christmas-cervo-856915","https://www.augnach.com/shop/p/deer-christmas-cervo-856915","200","11","Deer Christmas- Cervo","https://images.squarespace-cdn.com/content/v1/6914262184e7d41fe3ac8966/1d5521d0-d901-4d6c-b743-01c58383bf4c/04-source.jpg | https://images.squarespace-cdn.com/content/v1/6914262184e7d41fe3ac8966/265fe192-f2bc-4d4d-b119-fe43e423f812/01-source.jpg | https://images.squarespace-cdn.com/content/v1/6914262184e7d41fe3ac8966/2bfeba54-4096-4fb2-ace9-484d5460e8d8/02-source.jpg | https://images.squarespace-cdn.com/content/v1/6914262184e7d41fe3ac8966/5276c4b6-8374-42df-be79-00990ea87aaf/03-source.jpg | https://images.squarespace-cdn.com/content/v1/6914262184e7d41fe3ac8966/98aeaf66-a679-4fd2-a796-914fb611367d/02-source.jpg | https://images.squarespace-cdn.com/content/v1/6914262184e7d41fe3ac8966/9bb6638b-42a6-4f4f-85c3-89fba6941042/03-source.jpg | https://images.squarespace-cdn.com/content/v1/6914262184e7d41fe3ac8966/b9306cc9-6a12-40bb-9857-9fea62b9af5d/01-source.jpg | https://images.squarespace-cdn.com/content/v1/6914262184e7d41fe3ac8966/b9306cc9-6a12-40bb-9857-9fea62b9af5d/01-source.jpg&quot;,&quot;mediaFocalPoint&quot;:{&quot;x&quot;:0.5,&quot;y&quot;:0.5,&quot;source&quot;:3}},{&quot;title&quot;:&quot;02-source.jpg&quot;,&quot;originalSize&quot;:&quot;1080x1440&quot;,&quot;assetUrl&quot;:&quot;https://images.squarespace-cdn.com/content/v1/6914262184e7d41fe3ac8966/2bfeba54-4096-4fb2-ace9-484d5460e8d8/02-source.jpg&quot;,&quot;mediaFocalPoint&quot;:{&quot;x&quot;:0.5,&quot;y&quot;:0.5,&quot;source&quot;:3}},{&quot;title&quot;:&quot;03-source.jpg&quot;,&quot;originalSize&quot;:&quot;1080x1440&quot;,&quot;assetUrl&quot;:&quot;https://images.squarespace-cdn.com/content/v1/6914262184e7d41fe3ac8966/5276c4b6-8374-42df-be79-00990ea87aaf/03-source.jpg&quot;,&quot;mediaFocalPoint&quot;:{&quot;x&quot;:0.5,&quot;y&quot;:0.5,&quot;source&quot;:3}},{&quot;title&quot;:&quot;04-source.jpg&quot;,&quot;originalSize&quot;:&quot;1080x1191&quot;,&quot;assetUrl&quot;:&quot;https://images.squarespace-cdn.com/content/v1/6914262184e7d41fe3ac8966/f33e9f76-2b4e-4810-be6d-5b0fc9812c30/04-source.jpg&quot;,&quot;mediaFocalPoint&quot;:{&quot;x&quot;:0.5,&quot;y&quot;:0.5,&quot;source&quot;:3}},{&quot;title&quot;:&quot;05-source.jpg&quot;,&quot;originalSize&quot;:&quot;1080x1440&quot;,&quot;assetUrl&quot;:&quot;https://images.squarespace-cdn.com/content/v1/6914262184e7d41fe3ac8966/b934148e-e183-4206-a65c-fd1350c7e177/05-source.jpg&quot;,&quot;mediaFocalPoint&quot;:{&quot;x&quot;:0.5,&quot;y&quot;:0.5,&quot;source&quot;:3}},{&quot;title&quot;:&quot;01-source.jpg&quot;,&quot;originalSize&quot;:&quot;1440x1440&quot;,&quot;assetUrl&quot;:&quot;https://images.squarespace-cdn.com/content/v1/6914262184e7d41fe3ac8966/265fe192-f2bc-4d4d-b119-fe43e423f812/01-source.jpg&quot;,&quot;mediaFocalPoint&quot;:{&quot;x&quot;:0.5,&quot;y&quot;:0.5,&quot;source&quot;:3}},{&quot;title&quot;:&quot;02-source.jpg&quot;,&quot;originalSize&quot;:&quot;1440x1440&quot;,&quot;assetUrl&quot;:&quot;https://images.squarespace-cdn.com/content/v1/6914262184e7d41fe3ac8966/98aeaf66-a679-4fd2-a796-914fb611367d/02-source.jpg&quot;,&quot;mediaFocalPoint&quot;:{&quot;x&quot;:0.5,&quot;y&quot;:0.5,&quot;source&quot;:3}},{&quot;title&quot;:&quot;03-source.jpg&quot;,&quot;originalSize&quot;:&quot;1440x1440&quot;,&quot;assetUrl&quot;:&quot;https://images.squarespace-cdn.com/content/v1/6914262184e7d41fe3ac8966/9bb6638b-42a6-4f4f-85c3-89fba6941042/03-source.jpg&quot;,&quot;mediaFocalPoint&quot;:{&quot;x&quot;:0.5,&quot;y&quot;:0.5,&quot;source&quot;:3}},{&quot;title&quot;:&quot;04-source.jpg&quot;,&quot;originalSize&quot;:&quot;1440x1440&quot;,&quot;assetUrl&quot;:&quot;https://images.squarespace-cdn.com/content/v1/6914262184e7d41fe3ac8966/1d5521d0-d901-4d6c-b743-01c58383bf4c/04-source.jpg&quot;,&quot;mediaFocalPoint&quot;:{&quot;x&quot;:0.5,&quot;y&quot;:0.5,&quot;source&quot;:3}},{&quot;title&quot;:&quot;05-source.jpg&quot;,&quot;originalSize&quot;:&quot;1440x1024&quot;,&quot;assetUrl&quot;:&quot;https://images.squarespace-cdn.com/content/v1/6914262184e7d41fe3ac8966/f07a94b4-3f2e-457a-aa8f-55209105a649/05-source.jpg&quot;,&quot;mediaFocalPoint&quot;:{&quot;x&quot;:0.5,&quot;y&quot;:0.5,&quot;source&quot;:3}}],&quot;fullUrl&quot;:&quot;/shop/p/deer-christmas-cervo-856915&quot;,&quot;urlSlug&quot;:&quot;deer-christmas-cervo-856915&quot;,&quot;qtyInStock&quot;:9223372036854775807,&quot;allowMultiplePurchase&quot;:true,&quot;scarce&quot;:false,&quot;published&quot;:true,&quot;tags&quot;:[&quot;MakerWorld&quot;,&quot;Commercial-safe&quot;,&quot;Made"
"mini-camera-keychain-1001982","https://www.augnach.com/shop/p/mini-camera-keychain-1001982","200","6","Mini Camera Keychain","https://images.squarespace-cdn.com/content/v1/6914262184e7d41fe3ac8966/1f7657be-cbe7-4537-ab29-1bb99921892c/01-source.png | https://images.squarespace-cdn.com/content/v1/6914262184e7d41fe3ac8966/1f7657be-cbe7-4537-ab29-1bb99921892c/01-source.png&quot;,&quot;mediaFocalPoint&quot;:{&quot;x&quot;:0.5,&quot;y&quot;:0.5,&quot;source&quot;:3}},{&quot;title&quot;:&quot;02-source.jpeg&quot;,&quot;originalSize&quot;:&quot;1080x1440&quot;,&quot;assetUrl&quot;:&quot;https://images.squarespace-cdn.com/content/v1/6914262184e7d41fe3ac8966/2ab534ba-1136-4fdb-bfdc-e868a27c8136/02-source.jpeg&quot;,&quot;mediaFocalPoint&quot;:{&quot;x&quot;:0.5,&quot;y&quot;:0.5,&quot;source&quot;:3}},{&quot;title&quot;:&quot;03-source.jpeg&quot;,&quot;originalSize&quot;:&quot;1080x1440&quot;,&quot;assetUrl&quot;:&quot;https://images.squarespace-cdn.com/content/v1/6914262184e7d41fe3ac8966/85055b76-24e2-40c9-a48e-e38142cfbd8a/03-source.jpeg&quot;,&quot;mediaFocalPoint&quot;:{&quot;x&quot;:0.5,&quot;y&quot;:0.5,&quot;source&quot;:3}},{&quot;title&quot;:&quot;04-source.jpeg&quot;,&quot;originalSize&quot;:&quot;1080x1440&quot;,&quot;assetUrl&quot;:&quot;https://images.squarespace-cdn.com/content/v1/6914262184e7d41fe3ac8966/abc755ef-a646-40de-91f6-fe513342c07c/04-source.jpeg&quot;,&quot;mediaFocalPoint&quot;:{&quot;x&quot;:0.5,&quot;y&quot;:0.5,&quot;source&quot;:3}},{&quot;title&quot;:&quot;05-source.jpeg&quot;,&quot;originalSize&quot;:&quot;1080x1440&quot;,&quot;assetUrl&quot;:&quot;https://images.squarespace-cdn.com/content/v1/6914262184e7d41fe3ac8966/b7ecfb6e-292e-4993-91c9-50579bb731f0/05-source.jpeg&quot;,&quot;mediaFocalPoint&quot;:{&quot;x&quot;:0.5,&quot;y&quot;:0.5,&quot;source&quot;:3}}],&quot;fullUrl&quot;:&quot;/shop/p/mini-camera-keychain-1001982&quot;,&quot;urlSlug&quot;:&quot;mini-camera-keychain-1001982&quot;,&quot;qtyInStock&quot;:9223372036854775807,&quot;allowMultiplePurchase&quot;:true,&quot;scarce&quot;:false,&quot;published&quot;:true,&quot;tags&quot;:[&quot;MakerWorld&quot;,&quot;Commercial-safe&quot;,&quot;Made | https://images.squarespace-cdn.com/content/v1/6914262184e7d41fe3ac8966/2ab534ba-1136-4fdb-bfdc-e868a27c8136/02-source.jpeg | https://images.squarespace-cdn.com/content/v1/6914262184e7d41fe3ac8966/85055b76-24e2-40c9-a48e-e38142cfbd8a/03-source.jpeg | https://images.squarespace-cdn.com/content/v1/6914262184e7d41fe3ac8966/abc755ef-a646-40de-91f6-fe513342c07c/04-source.jpeg | https://images.squarespace-cdn.com/content/v1/6914262184e7d41fe3ac8966/b7ecfb6e-292e-4993-91c9-50579bb731f0/05-source.jpeg"
"sung-jinwoo-solo-leveling-1046747","https://www.augnach.com/shop/p/sung-jinwoo-solo-leveling-1046747","200","6","Sung Jinwoo Solo Leveling","https://images.squarespace-cdn.com/content/v1/6914262184e7d41fe3ac8966/07d7c0cb-c112-42d9-a52b-e504c7448f38/04-source.png | https://images.squarespace-cdn.com/content/v1/6914262184e7d41fe3ac8966/5c7ea69b-8e47-4300-bdcd-bd358e9d71da/01-source.png | https://images.squarespace-cdn.com/content/v1/6914262184e7d41fe3ac8966/5c7ea69b-8e47-4300-bdcd-bd358e9d71da/01-source.png&quot;,&quot;mediaFocalPoint&quot;:{&quot;x&quot;:0.5,&quot;y&quot;:0.5,&quot;source&quot;:3}},{&quot;title&quot;:&quot;02-source.png&quot;,&quot;originalSize&quot;:&quot;1080x1080&quot;,&quot;assetUrl&quot;:&quot;https://images.squarespace-cdn.com/content/v1/6914262184e7d41fe3ac8966/c019a88a-c197-4aaa-aa08-2ba2755dd4cf/02-source.png&quot;,&quot;mediaFocalPoint&quot;:{&quot;x&quot;:0.5,&quot;y&quot;:0.5,&quot;source&quot;:3}},{&quot;title&quot;:&quot;03-source.png&quot;,&quot;originalSize&quot;:&quot;1080x1080&quot;,&quot;assetUrl&quot;:&quot;https://images.squarespace-cdn.com/content/v1/6914262184e7d41fe3ac8966/724a6cd1-fa80-465d-91ec-48dbb77bde16/03-source.png&quot;,&quot;mediaFocalPoint&quot;:{&quot;x&quot;:0.5,&quot;y&quot;:0.5,&quot;source&quot;:3}},{&quot;title&quot;:&quot;04-source.png&quot;,&quot;originalSize&quot;:&quot;1080x1080&quot;,&quot;assetUrl&quot;:&quot;https://images.squarespace-cdn.com/content/v1/6914262184e7d41fe3ac8966/07d7c0cb-c112-42d9-a52b-e504c7448f38/04-source.png&quot;,&quot;mediaFocalPoint&quot;:{&quot;x&quot;:0.5,&quot;y&quot;:0.5,&quot;source&quot;:3}},{&quot;title&quot;:&quot;05-source.png&quot;,&quot;originalSize&quot;:&quot;1080x1080&quot;,&quot;assetUrl&quot;:&quot;https://images.squarespace-cdn.com/content/v1/6914262184e7d41fe3ac8966/7996dd7d-b4be-4425-8b77-e7a57be8f42c/05-source.png&quot;,&quot;mediaFocalPoint&quot;:{&quot;x&quot;:0.5,&quot;y&quot;:0.5,&quot;source&quot;:3}}],&quot;fullUrl&quot;:&quot;/shop/p/sung-jinwoo-solo-leveling-1046747&quot;,&quot;urlSlug&quot;:&quot;sung-jinwoo-solo-leveling-1046747&quot;,&quot;qtyInStock&quot;:9223372036854775807,&quot;allowMultiplePurchase&quot;:true,&quot;scarce&quot;:false,&quot;published&quot;:true,&quot;tags&quot;:[&quot;MakerWorld&quot;,&quot;Commercial-safe&quot;,&quot;Made | https://images.squarespace-cdn.com/content/v1/6914262184e7d41fe3ac8966/724a6cd1-fa80-465d-91ec-48dbb77bde16/03-source.png | https://images.squarespace-cdn.com/content/v1/6914262184e7d41fe3ac8966/7996dd7d-b4be-4425-8b77-e7a57be8f42c/05-source.png | https://images.squarespace-cdn.com/content/v1/6914262184e7d41fe3ac8966/c019a88a-c197-4aaa-aa08-2ba2755dd4cf/02-source.png"
"real-estate-business-card-holder-847130","https://www.augnach.com/shop/p/real-estate-business-card-holder-847130","200","6","Real Estate Business Card Holder","https://images.squarespace-cdn.com/content/v1/6914262184e7d41fe3ac8966/087695f7-3be0-4b10-8788-326c76b155e6/01-source.png | https://images.squarespace-cdn.com/content/v1/6914262184e7d41fe3ac8966/087695f7-3be0-4b10-8788-326c76b155e6/01-source.png&quot;,&quot;mediaFocalPoint&quot;:{&quot;x&quot;:0.5,&quot;y&quot;:0.5,&quot;source&quot;:3}},{&quot;title&quot;:&quot;02-source.png&quot;,&quot;originalSize&quot;:&quot;1278x1440&quot;,&quot;assetUrl&quot;:&quot;https://images.squarespace-cdn.com/content/v1/6914262184e7d41fe3ac8966/bbd72ba1-36bc-4db6-81c6-90a8e99b6f80/02-source.png&quot;,&quot;mediaFocalPoint&quot;:{&quot;x&quot;:0.5,&quot;y&quot;:0.5,&quot;source&quot;:3}},{&quot;title&quot;:&quot;03-source.png&quot;,&quot;originalSize&quot;:&quot;540x405&quot;,&quot;assetUrl&quot;:&quot;https://images.squarespace-cdn.com/content/v1/6914262184e7d41fe3ac8966/9c55e982-5ce6-4705-ab6e-50e9c44f62f9/03-source.png&quot;,&quot;mediaFocalPoint&quot;:{&quot;x&quot;:0.5,&quot;y&quot;:0.5,&quot;source&quot;:3}},{&quot;title&quot;:&quot;04-source.png&quot;,&quot;originalSize&quot;:&quot;1408x1408&quot;,&quot;assetUrl&quot;:&quot;https://images.squarespace-cdn.com/content/v1/6914262184e7d41fe3ac8966/9533cc30-ac04-43e8-869a-483fac8e2a32/04-source.png&quot;,&quot;mediaFocalPoint&quot;:{&quot;x&quot;:0.5,&quot;y&quot;:0.5,&quot;source&quot;:3}},{&quot;title&quot;:&quot;05-source.png&quot;,&quot;originalSize&quot;:&quot;540x405&quot;,&quot;assetUrl&quot;:&quot;https://images.squarespace-cdn.com/content/v1/6914262184e7d41fe3ac8966/6e7e7598-9927-4bc2-a340-84ae193688e7/05-source.png&quot;,&quot;mediaFocalPoint&quot;:{&quot;x&quot;:0.5,&quot;y&quot;:0.5,&quot;source&quot;:3}}],&quot;fullUrl&quot;:&quot;/shop/p/real-estate-business-card-holder-847130&quot;,&quot;urlSlug&quot;:&quot;real-estate-business-card-holder-847130&quot;,&quot;qtyInStock&quot;:9223372036854775807,&quot;allowMultiplePurchase&quot;:true,&quot;scarce&quot;:false,&quot;published&quot;:true,&quot;tags&quot;:[&quot;MakerWorld&quot;,&quot;Commercial-safe&quot;,&quot;Made | https://images.squarespace-cdn.com/content/v1/6914262184e7d41fe3ac8966/6e7e7598-9927-4bc2-a340-84ae193688e7/05-source.png | https://images.squarespace-cdn.com/content/v1/6914262184e7d41fe3ac8966/9533cc30-ac04-43e8-869a-483fac8e2a32/04-source.png | https://images.squarespace-cdn.com/content/v1/6914262184e7d41fe3ac8966/9c55e982-5ce6-4705-ab6e-50e9c44f62f9/03-source.png | https://images.squarespace-cdn.com/content/v1/6914262184e7d41fe3ac8966/bbd72ba1-36bc-4db6-81c6-90a8e99b6f80/02-source.png"
"moon-lamp-18cm-1251189","https://www.augnach.com/shop/p/moon-lamp-18cm-1251189","200","6","Moon Lamp 18cm","https://images.squarespace-cdn.com/content/v1/6914262184e7d41fe3ac8966/10be3b07-59a4-4a73-a4b6-8c1f0e01beb2/01-source.jpg | https://images.squarespace-cdn.com/content/v1/6914262184e7d41fe3ac8966/10be3b07-59a4-4a73-a4b6-8c1f0e01beb2/01-source.jpg&quot;,&quot;mediaFocalPoint&quot;:{&quot;x&quot;:0.5,&quot;y&quot;:0.5,&quot;source&quot;:3}},{&quot;title&quot;:&quot;02-source.jpg&quot;,&quot;originalSize&quot;:&quot;3000x4000&quot;,&quot;assetUrl&quot;:&quot;https://images.squarespace-cdn.com/content/v1/6914262184e7d41fe3ac8966/d871e437-3f9f-4f03-ba24-66d0794a86aa/02-source.jpg&quot;,&quot;mediaFocalPoint&quot;:{&quot;x&quot;:0.5,&quot;y&quot;:0.5,&quot;source&quot;:3}},{&quot;title&quot;:&quot;03-source.jpg&quot;,&quot;originalSize&quot;:&quot;3000x4000&quot;,&quot;assetUrl&quot;:&quot;https://images.squarespace-cdn.com/content/v1/6914262184e7d41fe3ac8966/cbba7bc9-33e9-464d-941f-bdf4d2b95caf/03-source.jpg&quot;,&quot;mediaFocalPoint&quot;:{&quot;x&quot;:0.5,&quot;y&quot;:0.5,&quot;source&quot;:3}},{&quot;title&quot;:&quot;04-source.jpg&quot;,&quot;originalSize&quot;:&quot;1080x810&quot;,&quot;assetUrl&quot;:&quot;https://images.squarespace-cdn.com/content/v1/6914262184e7d41fe3ac8966/94f8e489-aeb8-498e-b772-20ff72a547e2/04-source.jpg&quot;,&quot;mediaFocalPoint&quot;:{&quot;x&quot;:0.5,&quot;y&quot;:0.5,&quot;source&quot;:3}},{&quot;title&quot;:&quot;05-source.jpg&quot;,&quot;originalSize&quot;:&quot;1080x1440&quot;,&quot;assetUrl&quot;:&quot;https://images.squarespace-cdn.com/content/v1/6914262184e7d41fe3ac8966/152e05bb-1de7-4ec5-99bc-e731e8940d9b/05-source.jpg&quot;,&quot;mediaFocalPoint&quot;:{&quot;x&quot;:0.5,&quot;y&quot;:0.5,&quot;source&quot;:3}}],&quot;fullUrl&quot;:&quot;/shop/p/moon-lamp-18cm-1251189&quot;,&quot;urlSlug&quot;:&quot;moon-lamp-18cm-1251189&quot;,&quot;qtyInStock&quot;:9223372036854775807,&quot;allowMultiplePurchase&quot;:true,&quot;scarce&quot;:false,&quot;published&quot;:true,&quot;tags&quot;:[&quot;MakerWorld&quot;,&quot;Commercial-safe&quot;,&quot;Made | https://images.squarespace-cdn.com/content/v1/6914262184e7d41fe3ac8966/152e05bb-1de7-4ec5-99bc-e731e8940d9b/05-source.jpg | https://images.squarespace-cdn.com/content/v1/6914262184e7d41fe3ac8966/94f8e489-aeb8-498e-b772-20ff72a547e2/04-source.jpg | https://images.squarespace-cdn.com/content/v1/6914262184e7d41fe3ac8966/cbba7bc9-33e9-464d-941f-bdf4d2b95caf/03-source.jpg | https://images.squarespace-cdn.com/content/v1/6914262184e7d41fe3ac8966/d871e437-3f9f-4f03-ba24-66d0794a86aa/02-source.jpg"
"christmas-tree-puzzle-box-87091","https://www.augnach.com/shop/p/christmas-tree-puzzle-box-87091","200","6","Christmas Tree Puzzle Box","https://images.squarespace-cdn.com/content/v1/6914262184e7d41fe3ac8966/532fedf0-da87-4cf0-b641-cd0f3e73a54f/02-source.jpg | https://images.squarespace-cdn.com/content/v1/6914262184e7d41fe3ac8966/7eb51a60-a73a-442a-8c01-3969b0dfb7c1/05-source.jpg | https://images.squarespace-cdn.com/content/v1/6914262184e7d41fe3ac8966/97bb6dfb-7602-48cc-8060-414176d20f06/04-source.jpg | https://images.squarespace-cdn.com/content/v1/6914262184e7d41fe3ac8966/d16980f3-fb86-4cff-8800-4ba32749742d/01-source.jpg | https://images.squarespace-cdn.com/content/v1/6914262184e7d41fe3ac8966/d16980f3-fb86-4cff-8800-4ba32749742d/01-source.jpg&quot;,&quot;mediaFocalPoint&quot;:{&quot;x&quot;:0.5,&quot;y&quot;:0.5,&quot;source&quot;:3}},{&quot;title&quot;:&quot;02-source.jpg&quot;,&quot;originalSize&quot;:&quot;1080x1440&quot;,&quot;assetUrl&quot;:&quot;https://images.squarespace-cdn.com/content/v1/6914262184e7d41fe3ac8966/532fedf0-da87-4cf0-b641-cd0f3e73a54f/02-source.jpg&quot;,&quot;mediaFocalPoint&quot;:{&quot;x&quot;:0.5,&quot;y&quot;:0.5,&quot;source&quot;:3}},{&quot;title&quot;:&quot;03-source.jpg&quot;,&quot;originalSize&quot;:&quot;1080x1440&quot;,&quot;assetUrl&quot;:&quot;https://images.squarespace-cdn.com/content/v1/6914262184e7d41fe3ac8966/d4e187ea-20b0-476b-8ca4-3a595f2c81b3/03-source.jpg&quot;,&quot;mediaFocalPoint&quot;:{&quot;x&quot;:0.5,&quot;y&quot;:0.5,&quot;source&quot;:3}},{&quot;title&quot;:&quot;04-source.jpg&quot;,&quot;originalSize&quot;:&quot;1920x1440&quot;,&quot;assetUrl&quot;:&quot;https://images.squarespace-cdn.com/content/v1/6914262184e7d41fe3ac8966/97bb6dfb-7602-48cc-8060-414176d20f06/04-source.jpg&quot;,&quot;mediaFocalPoint&quot;:{&quot;x&quot;:0.5,&quot;y&quot;:0.5,&quot;source&quot;:3}},{&quot;title&quot;:&quot;05-source.jpg&quot;,&quot;originalSize&quot;:&quot;1080x1440&quot;,&quot;assetUrl&quot;:&quot;https://images.squarespace-cdn.com/content/v1/6914262184e7d41fe3ac8966/7eb51a60-a73a-442a-8c01-3969b0dfb7c1/05-source.jpg&quot;,&quot;mediaFocalPoint&quot;:{&quot;x&quot;:0.5,&quot;y&quot;:0.5,&quot;source&quot;:3}}],&quot;fullUrl&quot;:&quot;/shop/p/christmas-tree-puzzle-box-87091&quot;,&quot;urlSlug&quot;:&quot;christmas-tree-puzzle-box-87091&quot;,&quot;qtyInStock&quot;:9223372036854775807,&quot;allowMultiplePurchase&quot;:true,&quot;scarce&quot;:false,&quot;published&quot;:true,&quot;tags&quot;:[&quot;MakerWorld&quot;,&quot;Commercial-safe&quot;,&quot;Made | https://images.squarespace-cdn.com/content/v1/6914262184e7d41fe3ac8966/d4e187ea-20b0-476b-8ca4-3a595f2c81b3/03-source.jpg"
"colt-python-357-magnum-upgradable-516488","https://www.augnach.com/shop/p/colt-python-357-magnum-upgradable-516488","200","6","Colt Python 357 Magnum - UPGRADABLE","https://images.squarespace-cdn.com/content/v1/6914262184e7d41fe3ac8966/13e72f16-2d1c-47ca-82d9-c4a24ad0c97e/02-source.jpg | https://images.squarespace-cdn.com/content/v1/6914262184e7d41fe3ac8966/4947e7ff-a8da-42fa-b29c-ef3b4894fd17/01-source.jpg | https://images.squarespace-cdn.com/content/v1/6914262184e7d41fe3ac8966/4947e7ff-a8da-42fa-b29c-ef3b4894fd17/01-source.jpg&quot;,&quot;mediaFocalPoint&quot;:{&quot;x&quot;:0.5,&quot;y&quot;:0.5,&quot;source&quot;:3}},{&quot;title&quot;:&quot;02-source.jpg&quot;,&quot;originalSize&quot;:&quot;1920x1440&quot;,&quot;assetUrl&quot;:&quot;https://images.squarespace-cdn.com/content/v1/6914262184e7d41fe3ac8966/13e72f16-2d1c-47ca-82d9-c4a24ad0c97e/02-source.jpg&quot;,&quot;mediaFocalPoint&quot;:{&quot;x&quot;:0.5,&quot;y&quot;:0.5,&quot;source&quot;:3}},{&quot;title&quot;:&quot;03-source.jpg&quot;,&quot;originalSize&quot;:&quot;1920x1440&quot;,&quot;assetUrl&quot;:&quot;https://images.squarespace-cdn.com/content/v1/6914262184e7d41fe3ac8966/b0a38593-06d3-45e0-a31f-4eace1091cda/03-source.jpg&quot;,&quot;mediaFocalPoint&quot;:{&quot;x&quot;:0.5,&quot;y&quot;:0.5,&quot;source&quot;:3}},{&quot;title&quot;:&quot;04-source.jpg&quot;,&quot;originalSize&quot;:&quot;1920x1440&quot;,&quot;assetUrl&quot;:&quot;https://images.squarespace-cdn.com/content/v1/6914262184e7d41fe3ac8966/70b6bd2f-a902-43ba-90f3-15508e9d136a/04-source.jpg&quot;,&quot;mediaFocalPoint&quot;:{&quot;x&quot;:0.5,&quot;y&quot;:0.5,&quot;source&quot;:3}},{&quot;title&quot;:&quot;05-source.jpg&quot;,&quot;originalSize&quot;:&quot;1920x1440&quot;,&quot;assetUrl&quot;:&quot;https://images.squarespace-cdn.com/content/v1/6914262184e7d41fe3ac8966/d5b63b7f-bb9e-43b6-b1ff-a11bd3b0e503/05-source.jpg&quot;,&quot;mediaFocalPoint&quot;:{&quot;x&quot;:0.5,&quot;y&quot;:0.5,&quot;source&quot;:3}}],&quot;fullUrl&quot;:&quot;/shop/p/colt-python-357-magnum-upgradable-516488&quot;,&quot;urlSlug&quot;:&quot;colt-python-357-magnum-upgradable-516488&quot;,&quot;qtyInStock&quot;:9223372036854775807,&quot;allowMultiplePurchase&quot;:true,&quot;scarce&quot;:false,&quot;published&quot;:true,&quot;tags&quot;:[&quot;MakerWorld&quot;,&quot;Commercial-safe&quot;,&quot;Made | https://images.squarespace-cdn.com/content/v1/6914262184e7d41fe3ac8966/70b6bd2f-a902-43ba-90f3-15508e9d136a/04-source.jpg | https://images.squarespace-cdn.com/content/v1/6914262184e7d41fe3ac8966/b0a38593-06d3-45e0-a31f-4eace1091cda/03-source.jpg | https://images.squarespace-cdn.com/content/v1/6914262184e7d41fe3ac8966/d5b63b7f-bb9e-43b6-b1ff-a11bd3b0e503/05-source.jpg"
"terminator-1495703","https://www.augnach.com/shop/p/terminator-1495703","200","0","Terminator",""
"build-plate-rack-x1-p1-964467","https://www.augnach.com/shop/p/build-plate-rack-x1-p1-964467","200","6","Build Plate Rack - X1/P1","https://images.squarespace-cdn.com/content/v1/6914262184e7d41fe3ac8966/1b5ef780-f6ec-4d8f-91a5-3c6f67f9a358/04-source.png | https://images.squarespace-cdn.com/content/v1/6914262184e7d41fe3ac8966/265afc3c-68b6-4571-ba5f-764be6873c9e/01-source.png | https://images.squarespace-cdn.com/content/v1/6914262184e7d41fe3ac8966/265afc3c-68b6-4571-ba5f-764be6873c9e/01-source.png&quot;,&quot;mediaFocalPoint&quot;:{&quot;x&quot;:0.5,&quot;y&quot;:0.5,&quot;source&quot;:3}},{&quot;title&quot;:&quot;02-source.png&quot;,&quot;originalSize&quot;:&quot;1087x1371&quot;,&quot;assetUrl&quot;:&quot;https://images.squarespace-cdn.com/content/v1/6914262184e7d41fe3ac8966/957a255b-0a00-44da-a4e6-a04dfe3ab43b/02-source.png&quot;,&quot;mediaFocalPoint&quot;:{&quot;x&quot;:0.5,&quot;y&quot;:0.5,&quot;source&quot;:3}},{&quot;title&quot;:&quot;03-source.png&quot;,&quot;originalSize&quot;:&quot;1920x1408&quot;,&quot;assetUrl&quot;:&quot;https://images.squarespace-cdn.com/content/v1/6914262184e7d41fe3ac8966/c1cd3197-b6cf-4160-a6b5-16ddfbe85f1b/03-source.png&quot;,&quot;mediaFocalPoint&quot;:{&quot;x&quot;:0.5,&quot;y&quot;:0.5,&quot;source&quot;:3}},{&quot;title&quot;:&quot;04-source.png&quot;,&quot;originalSize&quot;:&quot;1100x1233&quot;,&quot;assetUrl&quot;:&quot;https://images.squarespace-cdn.com/content/v1/6914262184e7d41fe3ac8966/1b5ef780-f6ec-4d8f-91a5-3c6f67f9a358/04-source.png&quot;,&quot;mediaFocalPoint&quot;:{&quot;x&quot;:0.5,&quot;y&quot;:0.5,&quot;source&quot;:3}},{&quot;title&quot;:&quot;05-source.png&quot;,&quot;originalSize&quot;:&quot;1091x818&quot;,&quot;assetUrl&quot;:&quot;https://images.squarespace-cdn.com/content/v1/6914262184e7d41fe3ac8966/badf45a8-3661-4365-935a-4b5800f49d57/05-source.png&quot;,&quot;mediaFocalPoint&quot;:{&quot;x&quot;:0.5,&quot;y&quot;:0.5,&quot;source&quot;:3}}],&quot;fullUrl&quot;:&quot;/shop/p/build-plate-rack-x1-p1-964467&quot;,&quot;urlSlug&quot;:&quot;build-plate-rack-x1-p1-964467&quot;,&quot;qtyInStock&quot;:9223372036854775807,&quot;allowMultiplePurchase&quot;:true,&quot;scarce&quot;:false,&quot;published&quot;:true,&quot;tags&quot;:[&quot;MakerWorld&quot;,&quot;Commercial-safe&quot;,&quot;Made | https://images.squarespace-cdn.com/content/v1/6914262184e7d41fe3ac8966/957a255b-0a00-44da-a4e6-a04dfe3ab43b/02-source.png | https://images.squarespace-cdn.com/content/v1/6914262184e7d41fe3ac8966/badf45a8-3661-4365-935a-4b5800f49d57/05-source.png | https://images.squarespace-cdn.com/content/v1/6914262184e7d41fe3ac8966/c1cd3197-b6cf-4160-a6b5-16ddfbe85f1b/03-source.png"
"rocker-gnome-christmas-version-67297","https://www.augnach.com/shop/p/rocker-gnome-christmas-version-67297","200","6","Rocker Gnome Christmas Version","https://images.squarespace-cdn.com/content/v1/6914262184e7d41fe3ac8966/06b76a61-0671-459a-94aa-1a740375ed2b/02-source.jpeg | https://images.squarespace-cdn.com/content/v1/6914262184e7d41fe3ac8966/49854181-4f8a-450f-b807-3ec2ea5b4b5c/04-source.jpeg | https://images.squarespace-cdn.com/content/v1/6914262184e7d41fe3ac8966/51d362bc-3b5f-4bd5-b8e8-38cf24bbf666/01-source.jpeg | https://images.squarespace-cdn.com/content/v1/6914262184e7d41fe3ac8966/51d362bc-3b5f-4bd5-b8e8-38cf24bbf666/01-source.jpeg&quot;,&quot;mediaFocalPoint&quot;:{&quot;x&quot;:0.5,&quot;y&quot;:0.5,&quot;source&quot;:3}},{&quot;title&quot;:&quot;02-source.jpeg&quot;,&quot;originalSize&quot;:&quot;1440x1440&quot;,&quot;assetUrl&quot;:&quot;https://images.squarespace-cdn.com/content/v1/6914262184e7d41fe3ac8966/06b76a61-0671-459a-94aa-1a740375ed2b/02-source.jpeg&quot;,&quot;mediaFocalPoint&quot;:{&quot;x&quot;:0.5,&quot;y&quot;:0.5,&quot;source&quot;:3}},{&quot;title&quot;:&quot;03-source.jpeg&quot;,&quot;originalSize&quot;:&quot;1440x1440&quot;,&quot;assetUrl&quot;:&quot;https://images.squarespace-cdn.com/content/v1/6914262184e7d41fe3ac8966/8def34a9-8ca9-43e1-8fb7-8c3854305a70/03-source.jpeg&quot;,&quot;mediaFocalPoint&quot;:{&quot;x&quot;:0.5,&quot;y&quot;:0.5,&quot;source&quot;:3}},{&quot;title&quot;:&quot;04-source.jpeg&quot;,&quot;originalSize&quot;:&quot;1920x1919&quot;,&quot;assetUrl&quot;:&quot;https://images.squarespace-cdn.com/content/v1/6914262184e7d41fe3ac8966/49854181-4f8a-450f-b807-3ec2ea5b4b5c/04-source.jpeg&quot;,&quot;mediaFocalPoint&quot;:{&quot;x&quot;:0.5,&quot;y&quot;:0.5,&quot;source&quot;:3}},{&quot;title&quot;:&quot;05-source.jpeg&quot;,&quot;originalSize&quot;:&quot;1440x1440&quot;,&quot;assetUrl&quot;:&quot;https://images.squarespace-cdn.com/content/v1/6914262184e7d41fe3ac8966/869ceb3d-8483-45dc-8277-03a4927dcf29/05-source.jpeg&quot;,&quot;mediaFocalPoint&quot;:{&quot;x&quot;:0.5,&quot;y&quot;:0.5,&quot;source&quot;:3}}],&quot;fullUrl&quot;:&quot;/shop/p/rocker-gnome-christmas-version-67297&quot;,&quot;urlSlug&quot;:&quot;rocker-gnome-christmas-version-67297&quot;,&quot;qtyInStock&quot;:9223372036854775807,&quot;allowMultiplePurchase&quot;:true,&quot;scarce&quot;:false,&quot;published&quot;:true,&quot;tags&quot;:[&quot;MakerWorld&quot;,&quot;Commercial-safe&quot;,&quot;Made | https://images.squarespace-cdn.com/content/v1/6914262184e7d41fe3ac8966/869ceb3d-8483-45dc-8277-03a4927dcf29/05-source.jpeg | https://images.squarespace-cdn.com/content/v1/6914262184e7d41fe3ac8966/8def34a9-8ca9-43e1-8fb7-8c3854305a70/03-source.jpeg"
"iphone-15-pro-cover-hexagon-design-206846","https://www.augnach.com/shop/p/iphone-15-pro-cover-hexagon-design-206846","200","6","iPhone 15 Pro - Cover Hexagon Design","https://images.squarespace-cdn.com/content/v1/6914262184e7d41fe3ac8966/2eeca66e-edcc-4811-a85a-a79e9f55e2a1/04-source.jpeg | https://images.squarespace-cdn.com/content/v1/6914262184e7d41fe3ac8966/7a9ebfab-4a5e-4b0d-8abe-67257aaebc8e/02-source.jpg | https://images.squarespace-cdn.com/content/v1/6914262184e7d41fe3ac8966/91d9b128-16ac-4e85-8857-6dd190ef89b5/03-source.jpg | https://images.squarespace-cdn.com/content/v1/6914262184e7d41fe3ac8966/cde89f6b-ac4f-4c96-8301-b5221109772a/01-source.jpg | https://images.squarespace-cdn.com/content/v1/6914262184e7d41fe3ac8966/cde89f6b-ac4f-4c96-8301-b5221109772a/01-source.jpg&quot;,&quot;mediaFocalPoint&quot;:{&quot;x&quot;:0.5,&quot;y&quot;:0.5,&quot;source&quot;:3}},{&quot;title&quot;:&quot;02-source.jpg&quot;,&quot;originalSize&quot;:&quot;1920x1158&quot;,&quot;assetUrl&quot;:&quot;https://images.squarespace-cdn.com/content/v1/6914262184e7d41fe3ac8966/7a9ebfab-4a5e-4b0d-8abe-67257aaebc8e/02-source.jpg&quot;,&quot;mediaFocalPoint&quot;:{&quot;x&quot;:0.5,&quot;y&quot;:0.5,&quot;source&quot;:3}},{&quot;title&quot;:&quot;03-source.jpg&quot;,&quot;originalSize&quot;:&quot;1920x1195&quot;,&quot;assetUrl&quot;:&quot;https://images.squarespace-cdn.com/content/v1/6914262184e7d41fe3ac8966/91d9b128-16ac-4e85-8857-6dd190ef89b5/03-source.jpg&quot;,&quot;mediaFocalPoint&quot;:{&quot;x&quot;:0.5,&quot;y&quot;:0.5,&quot;source&quot;:3}},{&quot;title&quot;:&quot;04-source.jpeg&quot;,&quot;originalSize&quot;:&quot;1246x838&quot;,&quot;assetUrl&quot;:&quot;https://images.squarespace-cdn.com/content/v1/6914262184e7d41fe3ac8966/2eeca66e-edcc-4811-a85a-a79e9f55e2a1/04-source.jpeg&quot;,&quot;mediaFocalPoint&quot;:{&quot;x&quot;:0.5,&quot;y&quot;:0.5,&quot;source&quot;:3}},{&quot;title&quot;:&quot;05-source.jpeg&quot;,&quot;originalSize&quot;:&quot;894x1138&quot;,&quot;assetUrl&quot;:&quot;https://images.squarespace-cdn.com/content/v1/6914262184e7d41fe3ac8966/e5b0a149-3604-4122-b548-ba556dd3ec8b/05-source.jpeg&quot;,&quot;mediaFocalPoint&quot;:{&quot;x&quot;:0.5,&quot;y&quot;:0.5,&quot;source&quot;:3}}],&quot;fullUrl&quot;:&quot;/shop/p/iphone-15-pro-cover-hexagon-design-206846&quot;,&quot;urlSlug&quot;:&quot;iphone-15-pro-cover-hexagon-design-206846&quot;,&quot;qtyInStock&quot;:9223372036854775807,&quot;allowMultiplePurchase&quot;:true,&quot;scarce&quot;:false,&quot;published&quot;:true,&quot;tags&quot;:[&quot;MakerWorld&quot;,&quot;Commercial-safe&quot;,&quot;Made | https://images.squarespace-cdn.com/content/v1/6914262184e7d41fe3ac8966/e5b0a149-3604-4122-b548-ba556dd3ec8b/05-source.jpeg"
"enterprise-a-constitution-refit-84594","https://www.augnach.com/shop/p/enterprise-a-constitution-refit-84594","200","6","Enterprise-A Constitution Refit","https://images.squarespace-cdn.com/content/v1/6914262184e7d41fe3ac8966/23572356-3c12-4bd6-99aa-fa69fb19e2a3/05-source.jpg | https://images.squarespace-cdn.com/content/v1/6914262184e7d41fe3ac8966/3daec24a-5740-4a73-9a73-7eaa92741797/03-source.jpg | https://images.squarespace-cdn.com/content/v1/6914262184e7d41fe3ac8966/5f5e9002-80e3-41e9-a800-d6174782a572/02-source.jpg | https://images.squarespace-cdn.com/content/v1/6914262184e7d41fe3ac8966/cc0b9d4a-09f1-4e0a-8fba-8b8be53faf4e/01-source.jpg | https://images.squarespace-cdn.com/content/v1/6914262184e7d41fe3ac8966/cc0b9d4a-09f1-4e0a-8fba-8b8be53faf4e/01-source.jpg&quot;,&quot;mediaFocalPoint&quot;:{&quot;x&quot;:0.5,&quot;y&quot;:0.5,&quot;source&quot;:3}},{&quot;title&quot;:&quot;02-source.jpg&quot;,&quot;originalSize&quot;:&quot;4032x2268&quot;,&quot;assetUrl&quot;:&quot;https://images.squarespace-cdn.com/content/v1/6914262184e7d41fe3ac8966/5f5e9002-80e3-41e9-a800-d6174782a572/02-source.jpg&quot;,&quot;mediaFocalPoint&quot;:{&quot;x&quot;:0.5,&quot;y&quot;:0.5,&quot;source&quot;:3}},{&quot;title&quot;:&quot;03-source.jpg&quot;,&quot;originalSize&quot;:&quot;4032x2268&quot;,&quot;assetUrl&quot;:&quot;https://images.squarespace-cdn.com/content/v1/6914262184e7d41fe3ac8966/3daec24a-5740-4a73-9a73-7eaa92741797/03-source.jpg&quot;,&quot;mediaFocalPoint&quot;:{&quot;x&quot;:0.5,&quot;y&quot;:0.5,&quot;source&quot;:3}},{&quot;title&quot;:&quot;04-source.jpg&quot;,&quot;originalSize&quot;:&quot;4032x2268&quot;,&quot;assetUrl&quot;:&quot;https://images.squarespace-cdn.com/content/v1/6914262184e7d41fe3ac8966/e2d6e7a8-b978-4d9c-a42c-91c4d69016fd/04-source.jpg&quot;,&quot;mediaFocalPoint&quot;:{&quot;x&quot;:0.5,&quot;y&quot;:0.5,&quot;source&quot;:3}},{&quot;title&quot;:&quot;05-source.jpg&quot;,&quot;originalSize&quot;:&quot;4032x2268&quot;,&quot;assetUrl&quot;:&quot;https://images.squarespace-cdn.com/content/v1/6914262184e7d41fe3ac8966/23572356-3c12-4bd6-99aa-fa69fb19e2a3/05-source.jpg&quot;,&quot;mediaFocalPoint&quot;:{&quot;x&quot;:0.5,&quot;y&quot;:0.5,&quot;source&quot;:3}}],&quot;fullUrl&quot;:&quot;/shop/p/enterprise-a-constitution-refit-84594&quot;,&quot;urlSlug&quot;:&quot;enterprise-a-constitution-refit-84594&quot;,&quot;qtyInStock&quot;:9223372036854775807,&quot;allowMultiplePurchase&quot;:true,&quot;scarce&quot;:false,&quot;published&quot;:true,&quot;tags&quot;:[&quot;MakerWorld&quot;,&quot;Commercial-safe&quot;,&quot;Made | https://images.squarespace-cdn.com/content/v1/6914262184e7d41fe3ac8966/e2d6e7a8-b978-4d9c-a42c-91c4d69016fd/04-source.jpg"
"aliens-m41a-pulse-rifle-full-size-1312108","https://www.augnach.com/shop/p/aliens-m41a-pulse-rifle-full-size-1312108","200","6","Aliens M41A Pulse Rifle - Full Size","https://images.squarespace-cdn.com/content/v1/6914262184e7d41fe3ac8966/121bd6bf-18ce-4943-9047-a8af6bb21397/05-source.png | https://images.squarespace-cdn.com/content/v1/6914262184e7d41fe3ac8966/25ec0222-0d63-48ea-a236-872361afbe97/04-source.png | https://images.squarespace-cdn.com/content/v1/6914262184e7d41fe3ac8966/78e6d1d1-abbb-43cc-9848-77c3d66e5db9/02-source.jpeg | https://images.squarespace-cdn.com/content/v1/6914262184e7d41fe3ac8966/ef2900bd-1b4d-485b-8460-565b332190fe/01-source.png | https://images.squarespace-cdn.com/content/v1/6914262184e7d41fe3ac8966/ef2900bd-1b4d-485b-8460-565b332190fe/01-source.png&quot;,&quot;mediaFocalPoint&quot;:{&quot;x&quot;:0.5,&quot;y&quot;:0.5,&quot;source&quot;:3}},{&quot;title&quot;:&quot;02-source.jpeg&quot;,&quot;originalSize&quot;:&quot;1756x2048&quot;,&quot;assetUrl&quot;:&quot;https://images.squarespace-cdn.com/content/v1/6914262184e7d41fe3ac8966/78e6d1d1-abbb-43cc-9848-77c3d66e5db9/02-source.jpeg&quot;,&quot;mediaFocalPoint&quot;:{&quot;x&quot;:0.5,&quot;y&quot;:0.5,&quot;source&quot;:3}},{&quot;title&quot;:&quot;03-source.png&quot;,&quot;originalSize&quot;:&quot;4032x2268&quot;,&quot;assetUrl&quot;:&quot;https://images.squarespace-cdn.com/content/v1/6914262184e7d41fe3ac8966/fc6f476a-0b37-4052-b2ee-01d1ca2a67ae/03-source.png&quot;,&quot;mediaFocalPoint&quot;:{&quot;x&quot;:0.5,&quot;y&quot;:0.5,&quot;source&quot;:3}},{&quot;title&quot;:&quot;04-source.png&quot;,&quot;originalSize&quot;:&quot;3264x2046&quot;,&quot;assetUrl&quot;:&quot;https://images.squarespace-cdn.com/content/v1/6914262184e7d41fe3ac8966/25ec0222-0d63-48ea-a236-872361afbe97/04-source.png&quot;,&quot;mediaFocalPoint&quot;:{&quot;x&quot;:0.5,&quot;y&quot;:0.5,&quot;source&quot;:3}},{&quot;title&quot;:&quot;05-source.png&quot;,&quot;originalSize&quot;:&quot;2541x2223&quot;,&quot;assetUrl&quot;:&quot;https://images.squarespace-cdn.com/content/v1/6914262184e7d41fe3ac8966/121bd6bf-18ce-4943-9047-a8af6bb21397/05-source.png&quot;,&quot;mediaFocalPoint&quot;:{&quot;x&quot;:0.5,&quot;y&quot;:0.5,&quot;source&quot;:3}}],&quot;fullUrl&quot;:&quot;/shop/p/aliens-m41a-pulse-rifle-full-size-1312108&quot;,&quot;urlSlug&quot;:&quot;aliens-m41a-pulse-rifle-full-size-1312108&quot;,&quot;qtyInStock&quot;:9223372036854775807,&quot;allowMultiplePurchase&quot;:true,&quot;scarce&quot;:false,&quot;published&quot;:true,&quot;tags&quot;:[&quot;MakerWorld&quot;,&quot;Commercial-safe&quot;,&quot;Made | https://images.squarespace-cdn.com/content/v1/6914262184e7d41fe3ac8966/fc6f476a-0b37-4052-b2ee-01d1ca2a67ae/03-source.png"
"moon-lamp-15cm-1218659","https://www.augnach.com/shop/p/moon-lamp-15cm-1218659","200","6","Moon Lamp 15cm","https://images.squarespace-cdn.com/content/v1/6914262184e7d41fe3ac8966/0d575fc4-5f99-4ccb-97bd-d886867279e3/03-source.jpg | https://images.squarespace-cdn.com/content/v1/6914262184e7d41fe3ac8966/4b2e2e4b-af1d-4412-8073-3cb0bcc098a3/02-source.jpg | https://images.squarespace-cdn.com/content/v1/6914262184e7d41fe3ac8966/55f46ab6-e9c2-4c96-96db-a67c7131800f/05-source.jpg | https://images.squarespace-cdn.com/content/v1/6914262184e7d41fe3ac8966/7a1e9cb1-05d0-46e9-8641-f28eaf82136e/01-source.jpg | https://images.squarespace-cdn.com/content/v1/6914262184e7d41fe3ac8966/7a1e9cb1-05d0-46e9-8641-f28eaf82136e/01-source.jpg&quot;,&quot;mediaFocalPoint&quot;:{&quot;x&quot;:0.5,&quot;y&quot;:0.5,&quot;source&quot;:3}},{&quot;title&quot;:&quot;02-source.jpg&quot;,&quot;originalSize&quot;:&quot;1084x1440&quot;,&quot;assetUrl&quot;:&quot;https://images.squarespace-cdn.com/content/v1/6914262184e7d41fe3ac8966/4b2e2e4b-af1d-4412-8073-3cb0bcc098a3/02-source.jpg&quot;,&quot;mediaFocalPoint&quot;:{&quot;x&quot;:0.5,&quot;y&quot;:0.5,&quot;source&quot;:3}},{&quot;title&quot;:&quot;03-source.jpg&quot;,&quot;originalSize&quot;:&quot;1084x1440&quot;,&quot;assetUrl&quot;:&quot;https://images.squarespace-cdn.com/content/v1/6914262184e7d41fe3ac8966/0d575fc4-5f99-4ccb-97bd-d886867279e3/03-source.jpg&quot;,&quot;mediaFocalPoint&quot;:{&quot;x&quot;:0.5,&quot;y&quot;:0.5,&quot;source&quot;:3}},{&quot;title&quot;:&quot;04-source.jpg&quot;,&quot;originalSize&quot;:&quot;1084x1440&quot;,&quot;assetUrl&quot;:&quot;https://images.squarespace-cdn.com/content/v1/6914262184e7d41fe3ac8966/88ae4da4-cead-42f7-b241-11b404a3b9da/04-source.jpg&quot;,&quot;mediaFocalPoint&quot;:{&quot;x&quot;:0.5,&quot;y&quot;:0.5,&quot;source&quot;:3}},{&quot;title&quot;:&quot;05-source.jpg&quot;,&quot;originalSize&quot;:&quot;1084x1440&quot;,&quot;assetUrl&quot;:&quot;https://images.squarespace-cdn.com/content/v1/6914262184e7d41fe3ac8966/55f46ab6-e9c2-4c96-96db-a67c7131800f/05-source.jpg&quot;,&quot;mediaFocalPoint&quot;:{&quot;x&quot;:0.5,&quot;y&quot;:0.5,&quot;source&quot;:3}}],&quot;fullUrl&quot;:&quot;/shop/p/moon-lamp-15cm-1218659&quot;,&quot;urlSlug&quot;:&quot;moon-lamp-15cm-1218659&quot;,&quot;qtyInStock&quot;:9223372036854775807,&quot;allowMultiplePurchase&quot;:true,&quot;scarce&quot;:false,&quot;published&quot;:true,&quot;tags&quot;:[&quot;MakerWorld&quot;,&quot;Commercial-safe&quot;,&quot;Made | https://images.squarespace-cdn.com/content/v1/6914262184e7d41fe3ac8966/88ae4da4-cead-42f7-b241-11b404a3b9da/04-source.jpg"
"ciri-zireael-s-sword-the-witcher-1197943","https://www.augnach.com/shop/p/ciri-zireael-s-sword-the-witcher-1197943","200","6","Ciri Zireael'S Sword - the Witcher","https://images.squarespace-cdn.com/content/v1/6914262184e7d41fe3ac8966/1b993b27-b3ba-401c-9729-2c0df69b6074/03-source.jpg | https://images.squarespace-cdn.com/content/v1/6914262184e7d41fe3ac8966/4abba645-8ac0-443b-8a7e-b5eacdaebb13/04-source.jpg | https://images.squarespace-cdn.com/content/v1/6914262184e7d41fe3ac8966/9b47a84b-2d26-4d72-85d6-3c256b60c401/01-source.jpg | https://images.squarespace-cdn.com/content/v1/6914262184e7d41fe3ac8966/9b47a84b-2d26-4d72-85d6-3c256b60c401/01-source.jpg&quot;,&quot;mediaFocalPoint&quot;:{&quot;x&quot;:0.5,&quot;y&quot;:0.5,&quot;source&quot;:3}},{&quot;title&quot;:&quot;02-source.jpg&quot;,&quot;originalSize&quot;:&quot;4032x3024&quot;,&quot;assetUrl&quot;:&quot;https://images.squarespace-cdn.com/content/v1/6914262184e7d41fe3ac8966/dbd54b0a-f2a6-40c0-bc20-96d45bb429e5/02-source.jpg&quot;,&quot;mediaFocalPoint&quot;:{&quot;x&quot;:0.5,&quot;y&quot;:0.5,&quot;source&quot;:3}},{&quot;title&quot;:&quot;03-source.jpg&quot;,&quot;originalSize&quot;:&quot;4032x3024&quot;,&quot;assetUrl&quot;:&quot;https://images.squarespace-cdn.com/content/v1/6914262184e7d41fe3ac8966/1b993b27-b3ba-401c-9729-2c0df69b6074/03-source.jpg&quot;,&quot;mediaFocalPoint&quot;:{&quot;x&quot;:0.5,&quot;y&quot;:0.5,&quot;source&quot;:3}},{&quot;title&quot;:&quot;04-source.jpg&quot;,&quot;originalSize&quot;:&quot;947x781&quot;,&quot;assetUrl&quot;:&quot;https://images.squarespace-cdn.com/content/v1/6914262184e7d41fe3ac8966/4abba645-8ac0-443b-8a7e-b5eacdaebb13/04-source.jpg&quot;,&quot;mediaFocalPoint&quot;:{&quot;x&quot;:0.5,&quot;y&quot;:0.5,&quot;source&quot;:3}},{&quot;title&quot;:&quot;05-source.jpg&quot;,&quot;originalSize&quot;:&quot;3845x2895&quot;,&quot;assetUrl&quot;:&quot;https://images.squarespace-cdn.com/content/v1/6914262184e7d41fe3ac8966/fc7c6f90-c3e1-4fa8-af65-1434b9e1dbeb/05-source.jpg&quot;,&quot;mediaFocalPoint&quot;:{&quot;x&quot;:0.5,&quot;y&quot;:0.5,&quot;source&quot;:3}}],&quot;fullUrl&quot;:&quot;/shop/p/ciri-zireael-s-sword-the-witcher-1197943&quot;,&quot;urlSlug&quot;:&quot;ciri-zireael-s-sword-the-witcher-1197943&quot;,&quot;qtyInStock&quot;:9223372036854775807,&quot;allowMultiplePurchase&quot;:true,&quot;scarce&quot;:false,&quot;published&quot;:true,&quot;tags&quot;:[&quot;MakerWorld&quot;,&quot;Commercial-safe&quot;,&quot;Made | https://images.squarespace-cdn.com/content/v1/6914262184e7d41fe3ac8966/dbd54b0a-f2a6-40c0-bc20-96d45bb429e5/02-source.jpg | https://images.squarespace-cdn.com/content/v1/6914262184e7d41fe3ac8966/fc7c6f90-c3e1-4fa8-af65-1434b9e1dbeb/05-source.jpg"
"silicone-cartridge-screw-cap-2359720","https://www.augnach.com/shop/p/silicone-cartridge-screw-cap-2359720","200","6","Silicone Cartridge Screw Cap","https://images.squarespace-cdn.com/content/v1/6914262184e7d41fe3ac8966/28a0dcbd-4cec-4604-8c67-b445eb98e6e3/01-source.jpg | https://images.squarespace-cdn.com/content/v1/6914262184e7d41fe3ac8966/28a0dcbd-4cec-4604-8c67-b445eb98e6e3/01-source.jpg&quot;,&quot;mediaFocalPoint&quot;:{&quot;x&quot;:0.5,&quot;y&quot;:0.5,&quot;source&quot;:3}},{&quot;title&quot;:&quot;02-source.jpg&quot;,&quot;originalSize&quot;:&quot;780x1043&quot;,&quot;assetUrl&quot;:&quot;https://images.squarespace-cdn.com/content/v1/6914262184e7d41fe3ac8966/d7cdea6f-606d-4e42-996e-05e429aa038c/02-source.jpg&quot;,&quot;mediaFocalPoint&quot;:{&quot;x&quot;:0.5,&quot;y&quot;:0.5,&quot;source&quot;:3}},{&quot;title&quot;:&quot;03-source.jpg&quot;,&quot;originalSize&quot;:&quot;781x1046&quot;,&quot;assetUrl&quot;:&quot;https://images.squarespace-cdn.com/content/v1/6914262184e7d41fe3ac8966/d3e555b8-4d91-4bd0-9c65-48d93a8031c8/03-source.jpg&quot;,&quot;mediaFocalPoint&quot;:{&quot;x&quot;:0.5,&quot;y&quot;:0.5,&quot;source&quot;:3}},{&quot;title&quot;:&quot;04-source.jpg&quot;,&quot;originalSize&quot;:&quot;1984x1154&quot;,&quot;assetUrl&quot;:&quot;https://images.squarespace-cdn.com/content/v1/6914262184e7d41fe3ac8966/6a05dcbc-8761-4d7c-9ace-8d6fb7f0ba83/04-source.jpg&quot;,&quot;mediaFocalPoint&quot;:{&quot;x&quot;:0.5,&quot;y&quot;:0.5,&quot;source&quot;:3}},{&quot;title&quot;:&quot;05-source.jpg&quot;,&quot;originalSize&quot;:&quot;2416x1208&quot;,&quot;assetUrl&quot;:&quot;https://images.squarespace-cdn.com/content/v1/6914262184e7d41fe3ac8966/b7cb6188-a1dc-44ef-8a9e-b1c07964c0a6/05-source.jpg&quot;,&quot;mediaFocalPoint&quot;:{&quot;x&quot;:0.5,&quot;y&quot;:0.5,&quot;source&quot;:3}}],&quot;fullUrl&quot;:&quot;/shop/p/silicone-cartridge-screw-cap-2359720&quot;,&quot;urlSlug&quot;:&quot;silicone-cartridge-screw-cap-2359720&quot;,&quot;qtyInStock&quot;:9223372036854775807,&quot;allowMultiplePurchase&quot;:true,&quot;scarce&quot;:false,&quot;published&quot;:true,&quot;tags&quot;:[&quot;MakerWorld&quot;,&quot;Commercial-safe&quot;,&quot;Made | https://images.squarespace-cdn.com/content/v1/6914262184e7d41fe3ac8966/6a05dcbc-8761-4d7c-9ace-8d6fb7f0ba83/04-source.jpg | https://images.squarespace-cdn.com/content/v1/6914262184e7d41fe3ac8966/b7cb6188-a1dc-44ef-8a9e-b1c07964c0a6/05-source.jpg | https://images.squarespace-cdn.com/content/v1/6914262184e7d41fe3ac8966/d3e555b8-4d91-4bd0-9c65-48d93a8031c8/03-source.jpg | https://images.squarespace-cdn.com/content/v1/6914262184e7d41fe3ac8966/d7cdea6f-606d-4e42-996e-05e429aa038c/02-source.jpg"
"dog-key-cover-pack-15-dog-1696617","https://www.augnach.com/shop/p/dog-key-cover-pack-15-dog-1696617","200","6","Dog Key Cover - Pack 15+ Dog","https://images.squarespace-cdn.com/content/v1/6914262184e7d41fe3ac8966/06107d4a-cdc0-4e64-ba9f-68b42dd33ea6/05-source.jpg | https://images.squarespace-cdn.com/content/v1/6914262184e7d41fe3ac8966/59921d3b-77be-4440-990a-3971cfbd6d5e/02-source.jpg | https://images.squarespace-cdn.com/content/v1/6914262184e7d41fe3ac8966/9d1a3092-1bd0-4869-b868-f0be1b2db313/04-source.jpg | https://images.squarespace-cdn.com/content/v1/6914262184e7d41fe3ac8966/a4f2bee5-e738-42d1-9177-5ab46d5f2618/03-source.jpg | https://images.squarespace-cdn.com/content/v1/6914262184e7d41fe3ac8966/e37ffcce-d06b-4f08-8d4d-e7c8ebc60ad4/01-source.jpg | https://images.squarespace-cdn.com/content/v1/6914262184e7d41fe3ac8966/e37ffcce-d06b-4f08-8d4d-e7c8ebc60ad4/01-source.jpg&quot;,&quot;mediaFocalPoint&quot;:{&quot;x&quot;:0.5,&quot;y&quot;:0.5,&quot;source&quot;:3}},{&quot;title&quot;:&quot;02-source.jpg&quot;,&quot;originalSize&quot;:&quot;960x1280&quot;,&quot;assetUrl&quot;:&quot;https://images.squarespace-cdn.com/content/v1/6914262184e7d41fe3ac8966/59921d3b-77be-4440-990a-3971cfbd6d5e/02-source.jpg&quot;,&quot;mediaFocalPoint&quot;:{&quot;x&quot;:0.5,&quot;y&quot;:0.5,&quot;source&quot;:3}},{&quot;title&quot;:&quot;03-source.jpg&quot;,&quot;originalSize&quot;:&quot;960x1280&quot;,&quot;assetUrl&quot;:&quot;https://images.squarespace-cdn.com/content/v1/6914262184e7d41fe3ac8966/a4f2bee5-e738-42d1-9177-5ab46d5f2618/03-source.jpg&quot;,&quot;mediaFocalPoint&quot;:{&quot;x&quot;:0.5,&quot;y&quot;:0.5,&quot;source&quot;:3}},{&quot;title&quot;:&quot;04-source.jpg&quot;,&quot;originalSize&quot;:&quot;960x1280&quot;,&quot;assetUrl&quot;:&quot;https://images.squarespace-cdn.com/content/v1/6914262184e7d41fe3ac8966/9d1a3092-1bd0-4869-b868-f0be1b2db313/04-source.jpg&quot;,&quot;mediaFocalPoint&quot;:{&quot;x&quot;:0.5,&quot;y&quot;:0.5,&quot;source&quot;:3}},{&quot;title&quot;:&quot;05-source.jpg&quot;,&quot;originalSize&quot;:&quot;960x1280&quot;,&quot;assetUrl&quot;:&quot;https://images.squarespace-cdn.com/content/v1/6914262184e7d41fe3ac8966/06107d4a-cdc0-4e64-ba9f-68b42dd33ea6/05-source.jpg&quot;,&quot;mediaFocalPoint&quot;:{&quot;x&quot;:0.5,&quot;y&quot;:0.5,&quot;source&quot;:3}}],&quot;fullUrl&quot;:&quot;/shop/p/dog-key-cover-pack-15-dog-1696617&quot;,&quot;urlSlug&quot;:&quot;dog-key-cover-pack-15-dog-1696617&quot;,&quot;qtyInStock&quot;:9223372036854775807,&quot;allowMultiplePurchase&quot;:true,&quot;scarce&quot;:false,&quot;published&quot;:true,&quot;tags&quot;:[&quot;MakerWorld&quot;,&quot;Commercial-safe&quot;,&quot;Made"
"aquatic-dragon-41344","https://www.augnach.com/shop/p/aquatic-dragon-41344","200","6","AQUATIC DRAGON","https://images.squarespace-cdn.com/content/v1/6914262184e7d41fe3ac8966/30472dba-d38e-4f33-8459-68fbf9580de5/03-source.jpg | https://images.squarespace-cdn.com/content/v1/6914262184e7d41fe3ac8966/789d3d70-10de-404d-8284-67f737a3e012/02-source.jpg | https://images.squarespace-cdn.com/content/v1/6914262184e7d41fe3ac8966/849c15aa-5193-472e-9162-1990fc66ef47/05-source.jpg | https://images.squarespace-cdn.com/content/v1/6914262184e7d41fe3ac8966/9ffb8078-074e-49ba-9f1e-85ab2e24c2f8/01-source.jpg | https://images.squarespace-cdn.com/content/v1/6914262184e7d41fe3ac8966/9ffb8078-074e-49ba-9f1e-85ab2e24c2f8/01-source.jpg&quot;,&quot;mediaFocalPoint&quot;:{&quot;x&quot;:0.5,&quot;y&quot;:0.5,&quot;source&quot;:3}},{&quot;title&quot;:&quot;02-source.jpg&quot;,&quot;originalSize&quot;:&quot;1920x1440&quot;,&quot;assetUrl&quot;:&quot;https://images.squarespace-cdn.com/content/v1/6914262184e7d41fe3ac8966/789d3d70-10de-404d-8284-67f737a3e012/02-source.jpg&quot;,&quot;mediaFocalPoint&quot;:{&quot;x&quot;:0.5,&quot;y&quot;:0.5,&quot;source&quot;:3}},{&quot;title&quot;:&quot;03-source.jpg&quot;,&quot;originalSize&quot;:&quot;737x378&quot;,&quot;assetUrl&quot;:&quot;https://images.squarespace-cdn.com/content/v1/6914262184e7d41fe3ac8966/30472dba-d38e-4f33-8459-68fbf9580de5/03-source.jpg&quot;,&quot;mediaFocalPoint&quot;:{&quot;x&quot;:0.5,&quot;y&quot;:0.5,&quot;source&quot;:3}},{&quot;title&quot;:&quot;04-source.jpg&quot;,&quot;originalSize&quot;:&quot;746x421&quot;,&quot;assetUrl&quot;:&quot;https://images.squarespace-cdn.com/content/v1/6914262184e7d41fe3ac8966/f25b2bce-f29f-4273-9dab-1c1b1876197a/04-source.jpg&quot;,&quot;mediaFocalPoint&quot;:{&quot;x&quot;:0.5,&quot;y&quot;:0.5,&quot;source&quot;:3}},{&quot;title&quot;:&quot;05-source.jpg&quot;,&quot;originalSize&quot;:&quot;1920x1440&quot;,&quot;assetUrl&quot;:&quot;https://images.squarespace-cdn.com/content/v1/6914262184e7d41fe3ac8966/849c15aa-5193-472e-9162-1990fc66ef47/05-source.jpg&quot;,&quot;mediaFocalPoint&quot;:{&quot;x&quot;:0.5,&quot;y&quot;:0.5,&quot;source&quot;:3}}],&quot;fullUrl&quot;:&quot;/shop/p/aquatic-dragon-41344&quot;,&quot;urlSlug&quot;:&quot;aquatic-dragon-41344&quot;,&quot;qtyInStock&quot;:9223372036854775807,&quot;allowMultiplePurchase&quot;:true,&quot;scarce&quot;:false,&quot;published&quot;:true,&quot;tags&quot;:[&quot;MakerWorld&quot;,&quot;Commercial-safe&quot;,&quot;Made | https://images.squarespace-cdn.com/content/v1/6914262184e7d41fe3ac8966/f25b2bce-f29f-4273-9dab-1c1b1876197a/04-source.jpg"
"cursed-led-tealight-set-halloween-edition-5pcs-1914401","https://www.augnach.com/shop/p/cursed-led-tealight-set-halloween-edition-5pcs-1914401","200","6","Cursed LED Tealight Set / Halloween Edition (5PCS)","https://images.squarespace-cdn.com/content/v1/6914262184e7d41fe3ac8966/2a55672e-293b-4a1f-8584-0f7b6bc4f37c/05-source.jpg | https://images.squarespace-cdn.com/content/v1/6914262184e7d41fe3ac8966/564a62da-e49b-4b32-9a6a-c90046c69c64/01-source.jpg | https://images.squarespace-cdn.com/content/v1/6914262184e7d41fe3ac8966/564a62da-e49b-4b32-9a6a-c90046c69c64/01-source.jpg&quot;,&quot;mediaFocalPoint&quot;:{&quot;x&quot;:0.5,&quot;y&quot;:0.5,&quot;source&quot;:3}},{&quot;title&quot;:&quot;02-source.jpg&quot;,&quot;originalSize&quot;:&quot;3000x4000&quot;,&quot;assetUrl&quot;:&quot;https://images.squarespace-cdn.com/content/v1/6914262184e7d41fe3ac8966/f9ed9f38-e51e-44c8-a362-9bd2fd4bfa21/02-source.jpg&quot;,&quot;mediaFocalPoint&quot;:{&quot;x&quot;:0.5,&quot;y&quot;:0.5,&quot;source&quot;:3}},{&quot;title&quot;:&quot;03-source.jpg&quot;,&quot;originalSize&quot;:&quot;1072x807&quot;,&quot;assetUrl&quot;:&quot;https://images.squarespace-cdn.com/content/v1/6914262184e7d41fe3ac8966/866fc4fa-7888-4c39-956a-6945aecc951e/03-source.jpg&quot;,&quot;mediaFocalPoint&quot;:{&quot;x&quot;:0.5,&quot;y&quot;:0.5,&quot;source&quot;:3}},{&quot;title&quot;:&quot;04-source.jpg&quot;,&quot;originalSize&quot;:&quot;3000x4000&quot;,&quot;assetUrl&quot;:&quot;https://images.squarespace-cdn.com/content/v1/6914262184e7d41fe3ac8966/6a3ca0a4-a5a1-4512-a613-8b6cbc447c0a/04-source.jpg&quot;,&quot;mediaFocalPoint&quot;:{&quot;x&quot;:0.5,&quot;y&quot;:0.5,&quot;source&quot;:3}},{&quot;title&quot;:&quot;05-source.jpg&quot;,&quot;originalSize&quot;:&quot;733x610&quot;,&quot;assetUrl&quot;:&quot;https://images.squarespace-cdn.com/content/v1/6914262184e7d41fe3ac8966/2a55672e-293b-4a1f-8584-0f7b6bc4f37c/05-source.jpg&quot;,&quot;mediaFocalPoint&quot;:{&quot;x&quot;:0.5,&quot;y&quot;:0.5,&quot;source&quot;:3}}],&quot;fullUrl&quot;:&quot;/shop/p/cursed-led-tealight-set-halloween-edition-5pcs-1914401&quot;,&quot;urlSlug&quot;:&quot;cursed-led-tealight-set-halloween-edition-5pcs-1914401&quot;,&quot;qtyInStock&quot;:9223372036854775807,&quot;allowMultiplePurchase&quot;:true,&quot;scarce&quot;:false,&quot;published&quot;:true,&quot;tags&quot;:[&quot;MakerWorld&quot;,&quot;Commercial-safe&quot;,&quot;Made | https://images.squarespace-cdn.com/content/v1/6914262184e7d41fe3ac8966/6a3ca0a4-a5a1-4512-a613-8b6cbc447c0a/04-source.jpg | https://images.squarespace-cdn.com/content/v1/6914262184e7d41fe3ac8966/866fc4fa-7888-4c39-956a-6945aecc951e/03-source.jpg | https://images.squarespace-cdn.com/content/v1/6914262184e7d41fe3ac8966/f9ed9f38-e51e-44c8-a362-9bd2fd4bfa21/02-source.jpg"
"nuka-cola-thirst-zapper-squirt-gun-from-fallout-1458301","https://www.augnach.com/shop/p/nuka-cola-thirst-zapper-squirt-gun-from-fallout-1458301","200","6","Nuka Cola Thirst Zapper Squirt Gun (From Fallout)","https://images.squarespace-cdn.com/content/v1/6914262184e7d41fe3ac8966/0db825e2-5c30-4be1-957e-6cf03a568ccb/04-source.jpg | https://images.squarespace-cdn.com/content/v1/6914262184e7d41fe3ac8966/c66b078e-fde3-4a53-8eb1-bb70aecea42a/03-source.jpg | https://images.squarespace-cdn.com/content/v1/6914262184e7d41fe3ac8966/ce6f1b02-f2d9-4f23-91a4-72c2b933af28/05-source.jpg | https://images.squarespace-cdn.com/content/v1/6914262184e7d41fe3ac8966/dbf28bd6-e0e1-4bab-a779-381032c5f1af/02-source.jpg | https://images.squarespace-cdn.com/content/v1/6914262184e7d41fe3ac8966/ebc94962-3ead-490c-9a77-2f36fb3ef883/01-source.jpg | https://images.squarespace-cdn.com/content/v1/6914262184e7d41fe3ac8966/ebc94962-3ead-490c-9a77-2f36fb3ef883/01-source.jpg&quot;,&quot;mediaFocalPoint&quot;:{&quot;x&quot;:0.5,&quot;y&quot;:0.5,&quot;source&quot;:3}},{&quot;title&quot;:&quot;02-source.jpg&quot;,&quot;originalSize&quot;:&quot;4032x3024&quot;,&quot;assetUrl&quot;:&quot;https://images.squarespace-cdn.com/content/v1/6914262184e7d41fe3ac8966/dbf28bd6-e0e1-4bab-a779-381032c5f1af/02-source.jpg&quot;,&quot;mediaFocalPoint&quot;:{&quot;x&quot;:0.5,&quot;y&quot;:0.5,&quot;source&quot;:3}},{&quot;title&quot;:&quot;03-source.jpg&quot;,&quot;originalSize&quot;:&quot;3024x2494&quot;,&quot;assetUrl&quot;:&quot;https://images.squarespace-cdn.com/content/v1/6914262184e7d41fe3ac8966/c66b078e-fde3-4a53-8eb1-bb70aecea42a/03-source.jpg&quot;,&quot;mediaFocalPoint&quot;:{&quot;x&quot;:0.5,&quot;y&quot;:0.5,&quot;source&quot;:3}},{&quot;title&quot;:&quot;04-source.jpg&quot;,&quot;originalSize&quot;:&quot;2611x1947&quot;,&quot;assetUrl&quot;:&quot;https://images.squarespace-cdn.com/content/v1/6914262184e7d41fe3ac8966/0db825e2-5c30-4be1-957e-6cf03a568ccb/04-source.jpg&quot;,&quot;mediaFocalPoint&quot;:{&quot;x&quot;:0.5,&quot;y&quot;:0.5,&quot;source&quot;:3}},{&quot;title&quot;:&quot;05-source.jpg&quot;,&quot;originalSize&quot;:&quot;2931x1998&quot;,&quot;assetUrl&quot;:&quot;https://images.squarespace-cdn.com/content/v1/6914262184e7d41fe3ac8966/ce6f1b02-f2d9-4f23-91a4-72c2b933af28/05-source.jpg&quot;,&quot;mediaFocalPoint&quot;:{&quot;x&quot;:0.5,&quot;y&quot;:0.5,&quot;source&quot;:3}}],&quot;fullUrl&quot;:&quot;/shop/p/nuka-cola-thirst-zapper-squirt-gun-from-fallout-1458301&quot;,&quot;urlSlug&quot;:&quot;nuka-cola-thirst-zapper-squirt-gun-from-fallout-1458301&quot;,&quot;qtyInStock&quot;:9223372036854775807,&quot;allowMultiplePurchase&quot;:true,&quot;scarce&quot;:false,&quot;published&quot;:true,&quot;tags&quot;:[&quot;MakerWorld&quot;,&quot;Commercial-safe&quot;,&quot;Made"
"grinch-cat-christmas-decoration-834782","https://www.augnach.com/shop/p/grinch-cat-christmas-decoration-834782","200","6","Grinch Cat Christmas Decoration","https://images.squarespace-cdn.com/content/v1/6914262184e7d41fe3ac8966/23f6d010-5e19-43a2-91e7-b41a71c74167/01-source.jpg | https://images.squarespace-cdn.com/content/v1/6914262184e7d41fe3ac8966/23f6d010-5e19-43a2-91e7-b41a71c74167/01-source.jpg&quot;,&quot;mediaFocalPoint&quot;:{&quot;x&quot;:0.5,&quot;y&quot;:0.5,&quot;source&quot;:3}},{&quot;title&quot;:&quot;02-source.png&quot;,&quot;originalSize&quot;:&quot;1640x980&quot;,&quot;assetUrl&quot;:&quot;https://images.squarespace-cdn.com/content/v1/6914262184e7d41fe3ac8966/bfe3b94b-5cc9-455b-8fb2-171c6ff61ecb/02-source.png&quot;,&quot;mediaFocalPoint&quot;:{&quot;x&quot;:0.5,&quot;y&quot;:0.5,&quot;source&quot;:3}},{&quot;title&quot;:&quot;03-source.png&quot;,&quot;originalSize&quot;:&quot;1285x902&quot;,&quot;assetUrl&quot;:&quot;https://images.squarespace-cdn.com/content/v1/6914262184e7d41fe3ac8966/441142ab-ce29-4e3a-a907-48c33d11ccf8/03-source.png&quot;,&quot;mediaFocalPoint&quot;:{&quot;x&quot;:0.5,&quot;y&quot;:0.5,&quot;source&quot;:3}},{&quot;title&quot;:&quot;04-source.jpg&quot;,&quot;originalSize&quot;:&quot;1920x1445&quot;,&quot;assetUrl&quot;:&quot;https://images.squarespace-cdn.com/content/v1/6914262184e7d41fe3ac8966/61e46a02-497f-47f2-acf0-b24b55e7f1f1/04-source.jpg&quot;,&quot;mediaFocalPoint&quot;:{&quot;x&quot;:0.5,&quot;y&quot;:0.5,&quot;source&quot;:3}},{&quot;title&quot;:&quot;05-source.jpg&quot;,&quot;originalSize&quot;:&quot;1912x1434&quot;,&quot;assetUrl&quot;:&quot;https://images.squarespace-cdn.com/content/v1/6914262184e7d41fe3ac8966/2bf111e6-94a7-44db-85ca-1d0f0ca93352/05-source.jpg&quot;,&quot;mediaFocalPoint&quot;:{&quot;x&quot;:0.5,&quot;y&quot;:0.5,&quot;source&quot;:3}}],&quot;fullUrl&quot;:&quot;/shop/p/grinch-cat-christmas-decoration-834782&quot;,&quot;urlSlug&quot;:&quot;grinch-cat-christmas-decoration-834782&quot;,&quot;qtyInStock&quot;:9223372036854775807,&quot;allowMultiplePurchase&quot;:true,&quot;scarce&quot;:false,&quot;published&quot;:true,&quot;tags&quot;:[&quot;MakerWorld&quot;,&quot;Commercial-safe&quot;,&quot;Made | https://images.squarespace-cdn.com/content/v1/6914262184e7d41fe3ac8966/2bf111e6-94a7-44db-85ca-1d0f0ca93352/05-source.jpg | https://images.squarespace-cdn.com/content/v1/6914262184e7d41fe3ac8966/441142ab-ce29-4e3a-a907-48c33d11ccf8/03-source.png | https://images.squarespace-cdn.com/content/v1/6914262184e7d41fe3ac8966/61e46a02-497f-47f2-acf0-b24b55e7f1f1/04-source.jpg | https://images.squarespace-cdn.com/content/v1/6914262184e7d41fe3ac8966/bfe3b94b-5cc9-455b-8fb2-171c6ff61ecb/02-source.png"
"kids-samurai-cosplay-armor-plates-2157246","https://www.augnach.com/shop/p/kids-samurai-cosplay-armor-plates-2157246","200","21","Kids Samurai Cosplay Armor Plates","https://images.squarespace-cdn.com/content/v1/6914262184e7d41fe3ac8966/0dc4e935-784e-47ba-8276-b4742f873b40/03-source.jpg | https://images.squarespace-cdn.com/content/v1/6914262184e7d41fe3ac8966/17db3216-736c-4610-8dea-fc5ade0eee5b/04-source.jpg | https://images.squarespace-cdn.com/content/v1/6914262184e7d41fe3ac8966/23209019-628d-4cbb-896a-c72d23f4bf4b/02-source.jpg | https://images.squarespace-cdn.com/content/v1/6914262184e7d41fe3ac8966/254c1723-1029-4090-b660-a2a759d92d8b/01-source.jpg | https://images.squarespace-cdn.com/content/v1/6914262184e7d41fe3ac8966/2ca3b961-8fa6-4a8a-b773-1ac10586cea6/05-source.jpg | https://images.squarespace-cdn.com/content/v1/6914262184e7d41fe3ac8966/30726bf7-30f0-426f-a1cc-e40070c240a8/02-source.jpg | https://images.squarespace-cdn.com/content/v1/6914262184e7d41fe3ac8966/44c5b2e1-951e-4558-9be9-f6e0a03a5842/04-source.jpg | https://images.squarespace-cdn.com/content/v1/6914262184e7d41fe3ac8966/54788c4e-dc91-46c9-bbd2-cee30f36622a/05-source.jpg"
"chessboard-1235070","https://www.augnach.com/shop/p/chessboard-1235070","200","0","Chessboard",""
"nut-bolt-pencil-organizer-48214","https://www.augnach.com/shop/p/nut-bolt-pencil-organizer-48214","200","0","Nut & Bolt Pencil Organizer",""
"glass-tag-name-2155328","https://www.augnach.com/shop/p/glass-tag-name-2155328","200","0","Glass Tag Name",""
"various-stepper-and-dc-motor-mounts-stands-1758858","https://www.augnach.com/shop/p/various-stepper-and-dc-motor-mounts-stands-1758858","200","6","Various Stepper and DC Motor Mounts/Stands","https://images.squarespace-cdn.com/content/v1/6914262184e7d41fe3ac8966/3ef7aff2-e03a-435f-9cea-e1881d18f394/02-source.jpg | https://images.squarespace-cdn.com/content/v1/6914262184e7d41fe3ac8966/4ca365c1-d6f6-4f3c-bff9-ec84909aea4e/05-source.jpg | https://images.squarespace-cdn.com/content/v1/6914262184e7d41fe3ac8966/64d0d93c-3c82-4ac5-a3d9-dc247eaf1c77/01-source.jpg | https://images.squarespace-cdn.com/content/v1/6914262184e7d41fe3ac8966/64d0d93c-3c82-4ac5-a3d9-dc247eaf1c77/01-source.jpg&quot;,&quot;mediaFocalPoint&quot;:{&quot;x&quot;:0.5,&quot;y&quot;:0.5,&quot;source&quot;:3}},{&quot;title&quot;:&quot;02-source.jpg&quot;,&quot;originalSize&quot;:&quot;3072x2305&quot;,&quot;assetUrl&quot;:&quot;https://images.squarespace-cdn.com/content/v1/6914262184e7d41fe3ac8966/3ef7aff2-e03a-435f-9cea-e1881d18f394/02-source.jpg&quot;,&quot;mediaFocalPoint&quot;:{&quot;x&quot;:0.5,&quot;y&quot;:0.5,&quot;source&quot;:3}},{&quot;title&quot;:&quot;03-source.jpg&quot;,&quot;originalSize&quot;:&quot;3072x2305&quot;,&quot;assetUrl&quot;:&quot;https://images.squarespace-cdn.com/content/v1/6914262184e7d41fe3ac8966/dadbd771-e9aa-4949-8822-295010659cb0/03-source.jpg&quot;,&quot;mediaFocalPoint&quot;:{&quot;x&quot;:0.5,&quot;y&quot;:0.5,&quot;source&quot;:3}},{&quot;title&quot;:&quot;04-source.jpg&quot;,&quot;originalSize&quot;:&quot;2954x2217&quot;,&quot;assetUrl&quot;:&quot;https://images.squarespace-cdn.com/content/v1/6914262184e7d41fe3ac8966/73c7a98a-b1e9-4c71-a04a-974fcfe1e18f/04-source.jpg&quot;,&quot;mediaFocalPoint&quot;:{&quot;x&quot;:0.5,&quot;y&quot;:0.5,&quot;source&quot;:3}},{&quot;title&quot;:&quot;05-source.jpg&quot;,&quot;originalSize&quot;:&quot;2850x2137&quot;,&quot;assetUrl&quot;:&quot;https://images.squarespace-cdn.com/content/v1/6914262184e7d41fe3ac8966/4ca365c1-d6f6-4f3c-bff9-ec84909aea4e/05-source.jpg&quot;,&quot;mediaFocalPoint&quot;:{&quot;x&quot;:0.5,&quot;y&quot;:0.5,&quot;source&quot;:3}}],&quot;fullUrl&quot;:&quot;/shop/p/various-stepper-and-dc-motor-mounts-stands-1758858&quot;,&quot;urlSlug&quot;:&quot;various-stepper-and-dc-motor-mounts-stands-1758858&quot;,&quot;qtyInStock&quot;:9223372036854775807,&quot;allowMultiplePurchase&quot;:true,&quot;scarce&quot;:false,&quot;published&quot;:true,&quot;tags&quot;:[&quot;MakerWorld&quot;,&quot;Commercial-safe&quot;,&quot;Made | https://images.squarespace-cdn.com/content/v1/6914262184e7d41fe3ac8966/73c7a98a-b1e9-4c71-a04a-974fcfe1e18f/04-source.jpg | https://images.squarespace-cdn.com/content/v1/6914262184e7d41fe3ac8966/dadbd771-e9aa-4949-8822-295010659cb0/03-source.jpg"
"christmas-animal-decoration-424227","https://www.augnach.com/shop/p/christmas-animal-decoration-424227","200","6","Christmas Animal Decoration","https://images.squarespace-cdn.com/content/v1/6914262184e7d41fe3ac8966/012b392b-7710-4105-b43e-985e15aec41a/05-source.webp | https://images.squarespace-cdn.com/content/v1/6914262184e7d41fe3ac8966/08742712-1b05-44fd-907c-1c78d26d804f/02-source.webp | https://images.squarespace-cdn.com/content/v1/6914262184e7d41fe3ac8966/3579a7f2-45ab-48f4-9559-a6d2153a6f65/01-source.webp | https://images.squarespace-cdn.com/content/v1/6914262184e7d41fe3ac8966/3579a7f2-45ab-48f4-9559-a6d2153a6f65/01-source.webp&quot;,&quot;mediaFocalPoint&quot;:{&quot;x&quot;:0.5,&quot;y&quot;:0.5,&quot;source&quot;:3}},{&quot;title&quot;:&quot;02-source.webp&quot;,&quot;originalSize&quot;:&quot;720x960&quot;,&quot;assetUrl&quot;:&quot;https://images.squarespace-cdn.com/content/v1/6914262184e7d41fe3ac8966/08742712-1b05-44fd-907c-1c78d26d804f/02-source.webp&quot;,&quot;mediaFocalPoint&quot;:{&quot;x&quot;:0.5,&quot;y&quot;:0.5,&quot;source&quot;:3}},{&quot;title&quot;:&quot;03-source.webp&quot;,&quot;originalSize&quot;:&quot;1280x960&quot;,&quot;assetUrl&quot;:&quot;https://images.squarespace-cdn.com/content/v1/6914262184e7d41fe3ac8966/51e64f3a-bd11-4100-bbbe-ef465b3fe911/03-source.webp&quot;,&quot;mediaFocalPoint&quot;:{&quot;x&quot;:0.5,&quot;y&quot;:0.5,&quot;source&quot;:3}},{&quot;title&quot;:&quot;04-source.webp&quot;,&quot;originalSize&quot;:&quot;1280x960&quot;,&quot;assetUrl&quot;:&quot;https://images.squarespace-cdn.com/content/v1/6914262184e7d41fe3ac8966/a6f6cd73-e452-49c4-8104-be4a322cbedc/04-source.webp&quot;,&quot;mediaFocalPoint&quot;:{&quot;x&quot;:0.5,&quot;y&quot;:0.5,&quot;source&quot;:3}},{&quot;title&quot;:&quot;05-source.webp&quot;,&quot;originalSize&quot;:&quot;320x240&quot;,&quot;assetUrl&quot;:&quot;https://images.squarespace-cdn.com/content/v1/6914262184e7d41fe3ac8966/012b392b-7710-4105-b43e-985e15aec41a/05-source.webp&quot;,&quot;mediaFocalPoint&quot;:{&quot;x&quot;:0.5,&quot;y&quot;:0.5,&quot;source&quot;:3}}],&quot;fullUrl&quot;:&quot;/shop/p/christmas-animal-decoration-424227&quot;,&quot;urlSlug&quot;:&quot;christmas-animal-decoration-424227&quot;,&quot;qtyInStock&quot;:9223372036854775807,&quot;allowMultiplePurchase&quot;:true,&quot;scarce&quot;:false,&quot;published&quot;:true,&quot;tags&quot;:[&quot;MakerWorld&quot;,&quot;Commercial-safe&quot;,&quot;Made | https://images.squarespace-cdn.com/content/v1/6914262184e7d41fe3ac8966/51e64f3a-bd11-4100-bbbe-ef465b3fe911/03-source.webp | https://images.squarespace-cdn.com/content/v1/6914262184e7d41fe3ac8966/a6f6cd73-e452-49c4-8104-be4a322cbedc/04-source.webp"
"funny-articulated-squid-414790","https://www.augnach.com/shop/p/funny-articulated-squid-414790","200","6","Funny Articulated Squid","https://images.squarespace-cdn.com/content/v1/6914262184e7d41fe3ac8966/369c2ed4-cf29-4ed6-b187-d3685fd54cda/05-source.jpg | https://images.squarespace-cdn.com/content/v1/6914262184e7d41fe3ac8966/75f64986-21ec-4730-8790-f759fbacd759/01-source.jpg | https://images.squarespace-cdn.com/content/v1/6914262184e7d41fe3ac8966/75f64986-21ec-4730-8790-f759fbacd759/01-source.jpg&quot;,&quot;mediaFocalPoint&quot;:{&quot;x&quot;:0.5,&quot;y&quot;:0.5,&quot;source&quot;:3}},{&quot;title&quot;:&quot;02-source.jpg&quot;,&quot;originalSize&quot;:&quot;1080x1440&quot;,&quot;assetUrl&quot;:&quot;https://images.squarespace-cdn.com/content/v1/6914262184e7d41fe3ac8966/99fcc825-a9ad-4f7e-9e57-dcedf9d5b8f3/02-source.jpg&quot;,&quot;mediaFocalPoint&quot;:{&quot;x&quot;:0.5,&quot;y&quot;:0.5,&quot;source&quot;:3}},{&quot;title&quot;:&quot;03-source.jpg&quot;,&quot;originalSize&quot;:&quot;1920x1440&quot;,&quot;assetUrl&quot;:&quot;https://images.squarespace-cdn.com/content/v1/6914262184e7d41fe3ac8966/ff29c43a-dcd4-47fc-9a06-c46833c8cb13/03-source.jpg&quot;,&quot;mediaFocalPoint&quot;:{&quot;x&quot;:0.5,&quot;y&quot;:0.5,&quot;source&quot;:3}},{&quot;title&quot;:&quot;04-source.jpg&quot;,&quot;originalSize&quot;:&quot;1920x1501&quot;,&quot;assetUrl&quot;:&quot;https://images.squarespace-cdn.com/content/v1/6914262184e7d41fe3ac8966/d7027855-74db-454a-ae2f-d90c7f0a2bc7/04-source.jpg&quot;,&quot;mediaFocalPoint&quot;:{&quot;x&quot;:0.5,&quot;y&quot;:0.5,&quot;source&quot;:3}},{&quot;title&quot;:&quot;05-source.jpg&quot;,&quot;originalSize&quot;:&quot;1080x1440&quot;,&quot;assetUrl&quot;:&quot;https://images.squarespace-cdn.com/content/v1/6914262184e7d41fe3ac8966/369c2ed4-cf29-4ed6-b187-d3685fd54cda/05-source.jpg&quot;,&quot;mediaFocalPoint&quot;:{&quot;x&quot;:0.5,&quot;y&quot;:0.5,&quot;source&quot;:3}}],&quot;fullUrl&quot;:&quot;/shop/p/funny-articulated-squid-414790&quot;,&quot;urlSlug&quot;:&quot;funny-articulated-squid-414790&quot;,&quot;qtyInStock&quot;:9223372036854775807,&quot;allowMultiplePurchase&quot;:true,&quot;scarce&quot;:false,&quot;published&quot;:true,&quot;tags&quot;:[&quot;MakerWorld&quot;,&quot;Commercial-safe&quot;,&quot;Made | https://images.squarespace-cdn.com/content/v1/6914262184e7d41fe3ac8966/99fcc825-a9ad-4f7e-9e57-dcedf9d5b8f3/02-source.jpg | https://images.squarespace-cdn.com/content/v1/6914262184e7d41fe3ac8966/d7027855-74db-454a-ae2f-d90c7f0a2bc7/04-source.jpg | https://images.squarespace-cdn.com/content/v1/6914262184e7d41fe3ac8966/ff29c43a-dcd4-47fc-9a06-c46833c8cb13/03-source.jpg"
"pasta-charms-2178686","https://www.augnach.com/shop/p/pasta-charms-2178686","200","6","Pasta Charms","https://images.squarespace-cdn.com/content/v1/6914262184e7d41fe3ac8966/0e438747-e791-423e-b9b2-459b6540df48/04-source.png | https://images.squarespace-cdn.com/content/v1/6914262184e7d41fe3ac8966/a6f6b3ce-986e-40e5-98a0-f2d8e762ed85/05-source.png | https://images.squarespace-cdn.com/content/v1/6914262184e7d41fe3ac8966/c1521fdf-d878-4849-8556-43f8d58b4892/02-source.png | https://images.squarespace-cdn.com/content/v1/6914262184e7d41fe3ac8966/e674a70d-04ff-44b1-b679-3260de3471c6/03-source.png | https://images.squarespace-cdn.com/content/v1/6914262184e7d41fe3ac8966/ee20347c-e21a-4ebd-bef6-13fc1b56605d/01-source.png | https://images.squarespace-cdn.com/content/v1/6914262184e7d41fe3ac8966/ee20347c-e21a-4ebd-bef6-13fc1b56605d/01-source.png&quot;,&quot;mediaFocalPoint&quot;:{&quot;x&quot;:0.5,&quot;y&quot;:0.5,&quot;source&quot;:3}},{&quot;title&quot;:&quot;02-source.png&quot;,&quot;originalSize&quot;:&quot;936x1290&quot;,&quot;assetUrl&quot;:&quot;https://images.squarespace-cdn.com/content/v1/6914262184e7d41fe3ac8966/c1521fdf-d878-4849-8556-43f8d58b4892/02-source.png&quot;,&quot;mediaFocalPoint&quot;:{&quot;x&quot;:0.5,&quot;y&quot;:0.5,&quot;source&quot;:3}},{&quot;title&quot;:&quot;03-source.png&quot;,&quot;originalSize&quot;:&quot;952x1288&quot;,&quot;assetUrl&quot;:&quot;https://images.squarespace-cdn.com/content/v1/6914262184e7d41fe3ac8966/e674a70d-04ff-44b1-b679-3260de3471c6/03-source.png&quot;,&quot;mediaFocalPoint&quot;:{&quot;x&quot;:0.5,&quot;y&quot;:0.5,&quot;source&quot;:3}},{&quot;title&quot;:&quot;04-source.png&quot;,&quot;originalSize&quot;:&quot;1018x1306&quot;,&quot;assetUrl&quot;:&quot;https://images.squarespace-cdn.com/content/v1/6914262184e7d41fe3ac8966/0e438747-e791-423e-b9b2-459b6540df48/04-source.png&quot;,&quot;mediaFocalPoint&quot;:{&quot;x&quot;:0.5,&quot;y&quot;:0.5,&quot;source&quot;:3}},{&quot;title&quot;:&quot;05-source.png&quot;,&quot;originalSize&quot;:&quot;988x1172&quot;,&quot;assetUrl&quot;:&quot;https://images.squarespace-cdn.com/content/v1/6914262184e7d41fe3ac8966/a6f6b3ce-986e-40e5-98a0-f2d8e762ed85/05-source.png&quot;,&quot;mediaFocalPoint&quot;:{&quot;x&quot;:0.5,&quot;y&quot;:0.5,&quot;source&quot;:3}}],&quot;fullUrl&quot;:&quot;/shop/p/pasta-charms-2178686&quot;,&quot;urlSlug&quot;:&quot;pasta-charms-2178686&quot;,&quot;qtyInStock&quot;:9223372036854775807,&quot;allowMultiplePurchase&quot;:true,&quot;scarce&quot;:false,&quot;published&quot;:true,&quot;tags&quot;:[&quot;MakerWorld&quot;,&quot;Commercial-safe&quot;,&quot;Made"
"plinker-v2-0-bolt-action-blaster-410146","https://www.augnach.com/shop/p/plinker-v2-0-bolt-action-blaster-410146","200","6","Plinker V2 0 (Bolt-Action Blaster)","https://images.squarespace-cdn.com/content/v1/6914262184e7d41fe3ac8966/04a90d64-58af-4217-95e7-6d2043fbf883/04-source.jpg | https://images.squarespace-cdn.com/content/v1/6914262184e7d41fe3ac8966/6d8340b2-af4a-4a1f-b9a3-9faf6ebc7f0b/05-source.jpg | https://images.squarespace-cdn.com/content/v1/6914262184e7d41fe3ac8966/b0714249-dabb-4d3e-a9de-8510f965a6c6/02-source.jpg | https://images.squarespace-cdn.com/content/v1/6914262184e7d41fe3ac8966/ba0f7c00-9c72-4319-8c96-f6862c03c080/01-source.jpg | https://images.squarespace-cdn.com/content/v1/6914262184e7d41fe3ac8966/ba0f7c00-9c72-4319-8c96-f6862c03c080/01-source.jpg&quot;,&quot;mediaFocalPoint&quot;:{&quot;x&quot;:0.5,&quot;y&quot;:0.5,&quot;source&quot;:3}},{&quot;title&quot;:&quot;02-source.jpg&quot;,&quot;originalSize&quot;:&quot;1920x1440&quot;,&quot;assetUrl&quot;:&quot;https://images.squarespace-cdn.com/content/v1/6914262184e7d41fe3ac8966/b0714249-dabb-4d3e-a9de-8510f965a6c6/02-source.jpg&quot;,&quot;mediaFocalPoint&quot;:{&quot;x&quot;:0.5,&quot;y&quot;:0.5,&quot;source&quot;:3}},{&quot;title&quot;:&quot;03-source.jpg&quot;,&quot;originalSize&quot;:&quot;1080x1440&quot;,&quot;assetUrl&quot;:&quot;https://images.squarespace-cdn.com/content/v1/6914262184e7d41fe3ac8966/db61670d-ca27-4e91-8b25-3a9bc6def4dc/03-source.jpg&quot;,&quot;mediaFocalPoint&quot;:{&quot;x&quot;:0.5,&quot;y&quot;:0.5,&quot;source&quot;:3}},{&quot;title&quot;:&quot;04-source.jpg&quot;,&quot;originalSize&quot;:&quot;1080x1440&quot;,&quot;assetUrl&quot;:&quot;https://images.squarespace-cdn.com/content/v1/6914262184e7d41fe3ac8966/04a90d64-58af-4217-95e7-6d2043fbf883/04-source.jpg&quot;,&quot;mediaFocalPoint&quot;:{&quot;x&quot;:0.5,&quot;y&quot;:0.5,&quot;source&quot;:3}},{&quot;title&quot;:&quot;05-source.jpg&quot;,&quot;originalSize&quot;:&quot;1080x1440&quot;,&quot;assetUrl&quot;:&quot;https://images.squarespace-cdn.com/content/v1/6914262184e7d41fe3ac8966/6d8340b2-af4a-4a1f-b9a3-9faf6ebc7f0b/05-source.jpg&quot;,&quot;mediaFocalPoint&quot;:{&quot;x&quot;:0.5,&quot;y&quot;:0.5,&quot;source&quot;:3}}],&quot;fullUrl&quot;:&quot;/shop/p/plinker-v2-0-bolt-action-blaster-410146&quot;,&quot;urlSlug&quot;:&quot;plinker-v2-0-bolt-action-blaster-410146&quot;,&quot;qtyInStock&quot;:9223372036854775807,&quot;allowMultiplePurchase&quot;:true,&quot;scarce&quot;:false,&quot;published&quot;:true,&quot;tags&quot;:[&quot;MakerWorld&quot;,&quot;Commercial-safe&quot;,&quot;Made | https://images.squarespace-cdn.com/content/v1/6914262184e7d41fe3ac8966/db61670d-ca27-4e91-8b25-3a9bc6def4dc/03-source.jpg"
"thick-cigarette-case-1749686","https://www.augnach.com/shop/p/thick-cigarette-case-1749686","200","6","Thick Cigarette Case","https://images.squarespace-cdn.com/content/v1/6914262184e7d41fe3ac8966/1024214a-3a17-4e32-b9af-c16e17973ae7/04-source.jpg | https://images.squarespace-cdn.com/content/v1/6914262184e7d41fe3ac8966/1df9e607-ee01-4b0e-9956-ed9653739f2e/03-source.jpg | https://images.squarespace-cdn.com/content/v1/6914262184e7d41fe3ac8966/bfe75dde-246c-4f02-a3aa-3f45cc660f18/02-source.jpg | https://images.squarespace-cdn.com/content/v1/6914262184e7d41fe3ac8966/cb506653-cf72-48f9-aba0-7322e22e6b68/01-source.jpg | https://images.squarespace-cdn.com/content/v1/6914262184e7d41fe3ac8966/cb506653-cf72-48f9-aba0-7322e22e6b68/01-source.jpg&quot;,&quot;mediaFocalPoint&quot;:{&quot;x&quot;:0.5,&quot;y&quot;:0.5,&quot;source&quot;:3}},{&quot;title&quot;:&quot;02-source.jpg&quot;,&quot;originalSize&quot;:&quot;3024x4032&quot;,&quot;assetUrl&quot;:&quot;https://images.squarespace-cdn.com/content/v1/6914262184e7d41fe3ac8966/bfe75dde-246c-4f02-a3aa-3f45cc660f18/02-source.jpg&quot;,&quot;mediaFocalPoint&quot;:{&quot;x&quot;:0.5,&quot;y&quot;:0.5,&quot;source&quot;:3}},{&quot;title&quot;:&quot;03-source.jpg&quot;,&quot;originalSize&quot;:&quot;3024x4032&quot;,&quot;assetUrl&quot;:&quot;https://images.squarespace-cdn.com/content/v1/6914262184e7d41fe3ac8966/1df9e607-ee01-4b0e-9956-ed9653739f2e/03-source.jpg&quot;,&quot;mediaFocalPoint&quot;:{&quot;x&quot;:0.5,&quot;y&quot;:0.5,&quot;source&quot;:3}},{&quot;title&quot;:&quot;04-source.jpg&quot;,&quot;originalSize&quot;:&quot;3024x4032&quot;,&quot;assetUrl&quot;:&quot;https://images.squarespace-cdn.com/content/v1/6914262184e7d41fe3ac8966/1024214a-3a17-4e32-b9af-c16e17973ae7/04-source.jpg&quot;,&quot;mediaFocalPoint&quot;:{&quot;x&quot;:0.5,&quot;y&quot;:0.5,&quot;source&quot;:3}},{&quot;title&quot;:&quot;05-source.jpg&quot;,&quot;originalSize&quot;:&quot;4032x3024&quot;,&quot;assetUrl&quot;:&quot;https://images.squarespace-cdn.com/content/v1/6914262184e7d41fe3ac8966/e53bed72-e680-4ea1-9360-beabeef6a4fb/05-source.jpg&quot;,&quot;mediaFocalPoint&quot;:{&quot;x&quot;:0.5,&quot;y&quot;:0.5,&quot;source&quot;:3}}],&quot;fullUrl&quot;:&quot;/shop/p/thick-cigarette-case-1749686&quot;,&quot;urlSlug&quot;:&quot;thick-cigarette-case-1749686&quot;,&quot;qtyInStock&quot;:9223372036854775807,&quot;allowMultiplePurchase&quot;:true,&quot;scarce&quot;:false,&quot;published&quot;:true,&quot;tags&quot;:[&quot;MakerWorld&quot;,&quot;Commercial-safe&quot;,&quot;Made | https://images.squarespace-cdn.com/content/v1/6914262184e7d41fe3ac8966/e53bed72-e680-4ea1-9360-beabeef6a4fb/05-source.jpg"
"2-stroke-internal-combustion-engine-483878","https://www.augnach.com/shop/p/2-stroke-internal-combustion-engine-483878","200","6","2 Stroke Internal Combustion Engine","https://images.squarespace-cdn.com/content/v1/6914262184e7d41fe3ac8966/0517898f-135a-4194-b2c9-62d8a4451001/02-source.webp | https://images.squarespace-cdn.com/content/v1/6914262184e7d41fe3ac8966/114af465-4dc8-46cd-a62a-c7f8aa824b0a/04-source.webp | https://images.squarespace-cdn.com/content/v1/6914262184e7d41fe3ac8966/67588e0b-cf31-4d8d-9c7d-18f88abefbe9/05-source.webp | https://images.squarespace-cdn.com/content/v1/6914262184e7d41fe3ac8966/6c527554-8f9b-4dd1-8e62-4580dd7da804/03-source.webp | https://images.squarespace-cdn.com/content/v1/6914262184e7d41fe3ac8966/c20da40b-6515-4702-a2e8-f2e16bc558a5/01-source.webp | https://images.squarespace-cdn.com/content/v1/6914262184e7d41fe3ac8966/c20da40b-6515-4702-a2e8-f2e16bc558a5/01-source.webp&quot;,&quot;mediaFocalPoint&quot;:{&quot;x&quot;:0.5,&quot;y&quot;:0.5,&quot;source&quot;:3}},{&quot;title&quot;:&quot;02-source.webp&quot;,&quot;originalSize&quot;:&quot;900x1200&quot;,&quot;assetUrl&quot;:&quot;https://images.squarespace-cdn.com/content/v1/6914262184e7d41fe3ac8966/0517898f-135a-4194-b2c9-62d8a4451001/02-source.webp&quot;,&quot;mediaFocalPoint&quot;:{&quot;x&quot;:0.5,&quot;y&quot;:0.5,&quot;source&quot;:3}},{&quot;title&quot;:&quot;03-source.webp&quot;,&quot;originalSize&quot;:&quot;900x1200&quot;,&quot;assetUrl&quot;:&quot;https://images.squarespace-cdn.com/content/v1/6914262184e7d41fe3ac8966/6c527554-8f9b-4dd1-8e62-4580dd7da804/03-source.webp&quot;,&quot;mediaFocalPoint&quot;:{&quot;x&quot;:0.5,&quot;y&quot;:0.5,&quot;source&quot;:3}},{&quot;title&quot;:&quot;04-source.webp&quot;,&quot;originalSize&quot;:&quot;633x465&quot;,&quot;assetUrl&quot;:&quot;https://images.squarespace-cdn.com/content/v1/6914262184e7d41fe3ac8966/114af465-4dc8-46cd-a62a-c7f8aa824b0a/04-source.webp&quot;,&quot;mediaFocalPoint&quot;:{&quot;x&quot;:0.5,&quot;y&quot;:0.5,&quot;source&quot;:3}},{&quot;title&quot;:&quot;05-source.webp&quot;,&quot;originalSize&quot;:&quot;833x864&quot;,&quot;assetUrl&quot;:&quot;https://images.squarespace-cdn.com/content/v1/6914262184e7d41fe3ac8966/67588e0b-cf31-4d8d-9c7d-18f88abefbe9/05-source.webp&quot;,&quot;mediaFocalPoint&quot;:{&quot;x&quot;:0.5,&quot;y&quot;:0.5,&quot;source&quot;:3}}],&quot;fullUrl&quot;:&quot;/shop/p/2-stroke-internal-combustion-engine-483878&quot;,&quot;urlSlug&quot;:&quot;2-stroke-internal-combustion-engine-483878&quot;,&quot;qtyInStock&quot;:9223372036854775807,&quot;allowMultiplePurchase&quot;:true,&quot;scarce&quot;:false,&quot;published&quot;:true,&quot;tags&quot;:[&quot;MakerWorld&quot;,&quot;Commercial-safe&quot;,&quot;Made"
"magnet-flexi-lizard-52198","https://www.augnach.com/shop/p/magnet-flexi-lizard-52198","200","6","Magnet Flexi Lizard","https://images.squarespace-cdn.com/content/v1/6914262184e7d41fe3ac8966/828b9eaf-fee6-4618-b9c5-06afbb586fb5/01-source.jpg | https://images.squarespace-cdn.com/content/v1/6914262184e7d41fe3ac8966/828b9eaf-fee6-4618-b9c5-06afbb586fb5/01-source.jpg&quot;,&quot;mediaFocalPoint&quot;:{&quot;x&quot;:0.5,&quot;y&quot;:0.5,&quot;source&quot;:3}},{&quot;title&quot;:&quot;02-source.jpg&quot;,&quot;originalSize&quot;:&quot;962x514&quot;,&quot;assetUrl&quot;:&quot;https://images.squarespace-cdn.com/content/v1/6914262184e7d41fe3ac8966/8eacde69-c811-4c9d-bdc9-b7e10c4a6569/02-source.jpg&quot;,&quot;mediaFocalPoint&quot;:{&quot;x&quot;:0.5,&quot;y&quot;:0.5,&quot;source&quot;:3}},{&quot;title&quot;:&quot;03-source.jpg&quot;,&quot;originalSize&quot;:&quot;1080x1440&quot;,&quot;assetUrl&quot;:&quot;https://images.squarespace-cdn.com/content/v1/6914262184e7d41fe3ac8966/85e154c8-fe17-4d48-bf8f-24a05be7a237/03-source.jpg&quot;,&quot;mediaFocalPoint&quot;:{&quot;x&quot;:0.5,&quot;y&quot;:0.5,&quot;source&quot;:3}},{&quot;title&quot;:&quot;04-source.jpg&quot;,&quot;originalSize&quot;:&quot;1080x1440&quot;,&quot;assetUrl&quot;:&quot;https://images.squarespace-cdn.com/content/v1/6914262184e7d41fe3ac8966/d0082b35-e2c5-430b-b18e-96ef9997b7a7/04-source.jpg&quot;,&quot;mediaFocalPoint&quot;:{&quot;x&quot;:0.5,&quot;y&quot;:0.5,&quot;source&quot;:3}},{&quot;title&quot;:&quot;05-source.jpg&quot;,&quot;originalSize&quot;:&quot;1920x1440&quot;,&quot;assetUrl&quot;:&quot;https://images.squarespace-cdn.com/content/v1/6914262184e7d41fe3ac8966/95564065-29fe-44b6-bbb3-d3576030215d/05-source.jpg&quot;,&quot;mediaFocalPoint&quot;:{&quot;x&quot;:0.5,&quot;y&quot;:0.5,&quot;source&quot;:3}}],&quot;fullUrl&quot;:&quot;/shop/p/magnet-flexi-lizard-52198&quot;,&quot;urlSlug&quot;:&quot;magnet-flexi-lizard-52198&quot;,&quot;qtyInStock&quot;:9223372036854775807,&quot;allowMultiplePurchase&quot;:true,&quot;scarce&quot;:false,&quot;published&quot;:true,&quot;tags&quot;:[&quot;MakerWorld&quot;,&quot;Commercial-safe&quot;,&quot;Made | https://images.squarespace-cdn.com/content/v1/6914262184e7d41fe3ac8966/85e154c8-fe17-4d48-bf8f-24a05be7a237/03-source.jpg | https://images.squarespace-cdn.com/content/v1/6914262184e7d41fe3ac8966/8eacde69-c811-4c9d-bdc9-b7e10c4a6569/02-source.jpg | https://images.squarespace-cdn.com/content/v1/6914262184e7d41fe3ac8966/95564065-29fe-44b6-bbb3-d3576030215d/05-source.jpg | https://images.squarespace-cdn.com/content/v1/6914262184e7d41fe3ac8966/d0082b35-e2c5-430b-b18e-96ef9997b7a7/04-source.jpg"
"life-size-dobby-the-house-elf-646077","https://www.augnach.com/shop/p/life-size-dobby-the-house-elf-646077","200","11","Life Size Dobby the House Elf","https://images.squarespace-cdn.com/content/v1/6914262184e7d41fe3ac8966/0eeba740-334c-499b-89dc-5739056159ad/03-source.jpg | https://images.squarespace-cdn.com/content/v1/6914262184e7d41fe3ac8966/2f3afd02-6f21-4411-8edd-14d38a7e6acf/03-source.jpg | https://images.squarespace-cdn.com/content/v1/6914262184e7d41fe3ac8966/30535a24-2162-4155-b14f-20c4404491c5/01-source.jpg | https://images.squarespace-cdn.com/content/v1/6914262184e7d41fe3ac8966/40f5d5e3-58b3-472c-81f0-b791dcad8c6b/01-source.jpg | https://images.squarespace-cdn.com/content/v1/6914262184e7d41fe3ac8966/40f5d5e3-58b3-472c-81f0-b791dcad8c6b/01-source.jpg&quot;,&quot;mediaFocalPoint&quot;:{&quot;x&quot;:0.5,&quot;y&quot;:0.5,&quot;source&quot;:3}},{&quot;title&quot;:&quot;02-source.jpg&quot;,&quot;originalSize&quot;:&quot;1080x1440&quot;,&quot;assetUrl&quot;:&quot;https://images.squarespace-cdn.com/content/v1/6914262184e7d41fe3ac8966/998a3b44-efdf-4970-baf4-2197b633de00/02-source.jpg&quot;,&quot;mediaFocalPoint&quot;:{&quot;x&quot;:0.5,&quot;y&quot;:0.5,&quot;source&quot;:3}},{&quot;title&quot;:&quot;03-source.jpg&quot;,&quot;originalSize&quot;:&quot;3024x4032&quot;,&quot;assetUrl&quot;:&quot;https://images.squarespace-cdn.com/content/v1/6914262184e7d41fe3ac8966/2f3afd02-6f21-4411-8edd-14d38a7e6acf/03-source.jpg&quot;,&quot;mediaFocalPoint&quot;:{&quot;x&quot;:0.5,&quot;y&quot;:0.5,&quot;source&quot;:3}},{&quot;title&quot;:&quot;04-source.jpg&quot;,&quot;originalSize&quot;:&quot;1080x810&quot;,&quot;assetUrl&quot;:&quot;https://images.squarespace-cdn.com/content/v1/6914262184e7d41fe3ac8966/61a43938-9574-4e82-af26-232c219ceecb/04-source.jpg&quot;,&quot;mediaFocalPoint&quot;:{&quot;x&quot;:0.5,&quot;y&quot;:0.5,&quot;source&quot;:3}},{&quot;title&quot;:&quot;05-source.jpg&quot;,&quot;originalSize&quot;:&quot;1080x1440&quot;,&quot;assetUrl&quot;:&quot;https://images.squarespace-cdn.com/content/v1/6914262184e7d41fe3ac8966/9663cad6-b666-40fe-89b2-a40b7b20d826/05-source.jpg&quot;,&quot;mediaFocalPoint&quot;:{&quot;x&quot;:0.5,&quot;y&quot;:0.5,&quot;source&quot;:3}},{&quot;title&quot;:&quot;01-source.jpg&quot;,&quot;originalSize&quot;:&quot;2252x4000&quot;,&quot;assetUrl&quot;:&quot;https://images.squarespace-cdn.com/content/v1/6914262184e7d41fe3ac8966/30535a24-2162-4155-b14f-20c4404491c5/01-source.jpg&quot;,&quot;mediaFocalPoint&quot;:{&quot;x&quot;:0.5,&quot;y&quot;:0.5,&quot;source&quot;:3}},{&quot;title&quot;:&quot;02-source.jpg&quot;,&quot;originalSize&quot;:&quot;2252x4000&quot;,&quot;assetUrl&quot;:&quot;https://images.squarespace-cdn.com/content/v1/6914262184e7d41fe3ac8966/5cc5afcb-2a00-4e06-bba0-a2761618b657/02-source.jpg&quot;,&quot;mediaFocalPoint&quot;:{&quot;x&quot;:0.5,&quot;y&quot;:0.5,&quot;source&quot;:3}},{&quot;title&quot;:&quot;03-source.jpg&quot;,&quot;originalSize&quot;:&quot;2252x4000&quot;,&quot;assetUrl&quot;:&quot;https://images.squarespace-cdn.com/content/v1/6914262184e7d41fe3ac8966/0eeba740-334c-499b-89dc-5739056159ad/03-source.jpg&quot;,&quot;mediaFocalPoint&quot;:{&quot;x&quot;:0.5,&quot;y&quot;:0.5,&quot;source&quot;:3}},{&quot;title&quot;:&quot;04-source.jpg&quot;,&quot;originalSize&quot;:&quot;4000x2252&quot;,&quot;assetUrl&quot;:&quot;https://images.squarespace-cdn.com/content/v1/6914262184e7d41fe3ac8966/5975abab-5936-44ad-947c-3283b1072330/04-source.jpg&quot;,&quot;mediaFocalPoint&quot;:{&quot;x&quot;:0.5,&quot;y&quot;:0.5,&quot;source&quot;:3}},{&quot;title&quot;:&quot;05-source.jpg&quot;,&quot;originalSize&quot;:&quot;4000x2252&quot;,&quot;assetUrl&quot;:&quot;https://images.squarespace-cdn.com/content/v1/6914262184e7d41fe3ac8966/68409127-e207-4624-acd8-cb7a89f8ee29/05-source.jpg&quot;,&quot;mediaFocalPoint&quot;:{&quot;x&quot;:0.5,&quot;y&quot;:0.5,&quot;source&quot;:3}}],&quot;fullUrl&quot;:&quot;/shop/p/life-size-dobby-the-house-elf-646077&quot;,&quot;urlSlug&quot;:&quot;life-size-dobby-the-house-elf-646077&quot;,&quot;qtyInStock&quot;:9223372036854775807,&quot;allowMultiplePurchase&quot;:true,&quot;scarce&quot;:false,&quot;published&quot;:true,&quot;tags&quot;:[&quot;MakerWorld&quot;,&quot;Commercial-safe&quot;,&quot;Made | https://images.squarespace-cdn.com/content/v1/6914262184e7d41fe3ac8966/5975abab-5936-44ad-947c-3283b1072330/04-source.jpg | https://images.squarespace-cdn.com/content/v1/6914262184e7d41fe3ac8966/5cc5afcb-2a00-4e06-bba0-a2761618b657/02-source.jpg | https://images.squarespace-cdn.com/content/v1/6914262184e7d41fe3ac8966/61a43938-9574-4e82-af26-232c219ceecb/04-source.jpg"
"witcher-wolf-medallion-1363760","https://www.augnach.com/shop/p/witcher-wolf-medallion-1363760","200","0","Witcher Wolf Medallion",""
"snap-on-business-card-holder-868219","https://www.augnach.com/shop/p/snap-on-business-card-holder-868219","200","6","Snap-On Business Card Holder","https://images.squarespace-cdn.com/content/v1/6914262184e7d41fe3ac8966/69ff508c-444c-445b-93ee-b0c77ad2fc45/02-source.jpg | https://images.squarespace-cdn.com/content/v1/6914262184e7d41fe3ac8966/85b0d753-cb9c-49f4-b09f-145ce11d1b96/05-source.jpg | https://images.squarespace-cdn.com/content/v1/6914262184e7d41fe3ac8966/b77e2874-e264-4e1d-9fe9-9593197f827d/03-source.jpg | https://images.squarespace-cdn.com/content/v1/6914262184e7d41fe3ac8966/f326575b-cd01-488f-b326-3814a0a69c12/01-source.jpg | https://images.squarespace-cdn.com/content/v1/6914262184e7d41fe3ac8966/f326575b-cd01-488f-b326-3814a0a69c12/01-source.jpg&quot;,&quot;mediaFocalPoint&quot;:{&quot;x&quot;:0.5,&quot;y&quot;:0.5,&quot;source&quot;:3}},{&quot;title&quot;:&quot;02-source.jpg&quot;,&quot;originalSize&quot;:&quot;768x1024&quot;,&quot;assetUrl&quot;:&quot;https://images.squarespace-cdn.com/content/v1/6914262184e7d41fe3ac8966/69ff508c-444c-445b-93ee-b0c77ad2fc45/02-source.jpg&quot;,&quot;mediaFocalPoint&quot;:{&quot;x&quot;:0.5,&quot;y&quot;:0.5,&quot;source&quot;:3}},{&quot;title&quot;:&quot;03-source.jpg&quot;,&quot;originalSize&quot;:&quot;768x1024&quot;,&quot;assetUrl&quot;:&quot;https://images.squarespace-cdn.com/content/v1/6914262184e7d41fe3ac8966/b77e2874-e264-4e1d-9fe9-9593197f827d/03-source.jpg&quot;,&quot;mediaFocalPoint&quot;:{&quot;x&quot;:0.5,&quot;y&quot;:0.5,&quot;source&quot;:3}},{&quot;title&quot;:&quot;04-source.jpg&quot;,&quot;originalSize&quot;:&quot;768x1024&quot;,&quot;assetUrl&quot;:&quot;https://images.squarespace-cdn.com/content/v1/6914262184e7d41fe3ac8966/f42efe1a-ee86-45d3-9272-bcaa87c8f5cd/04-source.jpg&quot;,&quot;mediaFocalPoint&quot;:{&quot;x&quot;:0.5,&quot;y&quot;:0.5,&quot;source&quot;:3}},{&quot;title&quot;:&quot;05-source.jpg&quot;,&quot;originalSize&quot;:&quot;716x721&quot;,&quot;assetUrl&quot;:&quot;https://images.squarespace-cdn.com/content/v1/6914262184e7d41fe3ac8966/85b0d753-cb9c-49f4-b09f-145ce11d1b96/05-source.jpg&quot;,&quot;mediaFocalPoint&quot;:{&quot;x&quot;:0.5,&quot;y&quot;:0.5,&quot;source&quot;:3}}],&quot;fullUrl&quot;:&quot;/shop/p/snap-on-business-card-holder-868219&quot;,&quot;urlSlug&quot;:&quot;snap-on-business-card-holder-868219&quot;,&quot;qtyInStock&quot;:9223372036854775807,&quot;allowMultiplePurchase&quot;:true,&quot;scarce&quot;:false,&quot;published&quot;:true,&quot;tags&quot;:[&quot;MakerWorld&quot;,&quot;Commercial-safe&quot;,&quot;Made | https://images.squarespace-cdn.com/content/v1/6914262184e7d41fe3ac8966/f42efe1a-ee86-45d3-9272-bcaa87c8f5cd/04-source.jpg"
"love-keychain-love-you-love-me-2232609","https://www.augnach.com/shop/p/love-keychain-love-you-love-me-2232609","200","6","Love Keychain Love You Love Me","https://images.squarespace-cdn.com/content/v1/6914262184e7d41fe3ac8966/0996dc5c-4938-4db1-bf60-3fbc3002fce6/01-source.png | https://images.squarespace-cdn.com/content/v1/6914262184e7d41fe3ac8966/0996dc5c-4938-4db1-bf60-3fbc3002fce6/01-source.png&quot;,&quot;mediaFocalPoint&quot;:{&quot;x&quot;:0.5,&quot;y&quot;:0.5,&quot;source&quot;:3}},{&quot;title&quot;:&quot;02-source.png&quot;,&quot;originalSize&quot;:&quot;757x1042&quot;,&quot;assetUrl&quot;:&quot;https://images.squarespace-cdn.com/content/v1/6914262184e7d41fe3ac8966/b950f377-16d8-4f10-b116-08f7a190a9d2/02-source.png&quot;,&quot;mediaFocalPoint&quot;:{&quot;x&quot;:0.5,&quot;y&quot;:0.5,&quot;source&quot;:3}},{&quot;title&quot;:&quot;03-source.jpg&quot;,&quot;originalSize&quot;:&quot;3000x4000&quot;,&quot;assetUrl&quot;:&quot;https://images.squarespace-cdn.com/content/v1/6914262184e7d41fe3ac8966/68da7dec-1ce9-4e59-b957-9355b0c2237c/03-source.jpg&quot;,&quot;mediaFocalPoint&quot;:{&quot;x&quot;:0.5,&quot;y&quot;:0.5,&quot;source&quot;:3}},{&quot;title&quot;:&quot;04-source.jpg&quot;,&quot;originalSize&quot;:&quot;4000x3000&quot;,&quot;assetUrl&quot;:&quot;https://images.squarespace-cdn.com/content/v1/6914262184e7d41fe3ac8966/76efc9a2-1c23-415f-a44c-2754c8e4c8df/04-source.jpg&quot;,&quot;mediaFocalPoint&quot;:{&quot;x&quot;:0.5,&quot;y&quot;:0.5,&quot;source&quot;:3}},{&quot;title&quot;:&quot;05-source.jpg&quot;,&quot;originalSize&quot;:&quot;3000x4000&quot;,&quot;assetUrl&quot;:&quot;https://images.squarespace-cdn.com/content/v1/6914262184e7d41fe3ac8966/fbb0e560-0adb-4393-b9ee-b92a9554f1d1/05-source.jpg&quot;,&quot;mediaFocalPoint&quot;:{&quot;x&quot;:0.5,&quot;y&quot;:0.5,&quot;source&quot;:3}}],&quot;fullUrl&quot;:&quot;/shop/p/love-keychain-love-you-love-me-2232609&quot;,&quot;urlSlug&quot;:&quot;love-keychain-love-you-love-me-2232609&quot;,&quot;qtyInStock&quot;:9223372036854775807,&quot;allowMultiplePurchase&quot;:true,&quot;scarce&quot;:false,&quot;published&quot;:true,&quot;tags&quot;:[&quot;MakerWorld&quot;,&quot;Commercial-safe&quot;,&quot;Made | https://images.squarespace-cdn.com/content/v1/6914262184e7d41fe3ac8966/68da7dec-1ce9-4e59-b957-9355b0c2237c/03-source.jpg | https://images.squarespace-cdn.com/content/v1/6914262184e7d41fe3ac8966/76efc9a2-1c23-415f-a44c-2754c8e4c8df/04-source.jpg | https://images.squarespace-cdn.com/content/v1/6914262184e7d41fe3ac8966/b950f377-16d8-4f10-b116-08f7a190a9d2/02-source.png | https://images.squarespace-cdn.com/content/v1/6914262184e7d41fe3ac8966/fbb0e560-0adb-4393-b9ee-b92a9554f1d1/05-source.jpg"
"charging-dock-shokz-openrun-751624","https://www.augnach.com/shop/p/charging-dock-shokz-openrun-751624","200","6","Charging Dock Shokz OpenRun","https://images.squarespace-cdn.com/content/v1/6914262184e7d41fe3ac8966/2e4b2c02-ab18-4be0-a2a4-2b45176a7953/05-source.jpg | https://images.squarespace-cdn.com/content/v1/6914262184e7d41fe3ac8966/57afbb63-e61d-43f5-96d0-ed7cabf01052/02-source.png | https://images.squarespace-cdn.com/content/v1/6914262184e7d41fe3ac8966/5dcab8e5-403d-4cf7-b7de-5c6f8f660fe8/03-source.png | https://images.squarespace-cdn.com/content/v1/6914262184e7d41fe3ac8966/5f4e4a72-9527-4f3d-867d-16bc6ad88e3e/04-source.jpg | https://images.squarespace-cdn.com/content/v1/6914262184e7d41fe3ac8966/b38b2063-ce68-4a66-b06d-78416d0e50eb/01-source.jpg | https://images.squarespace-cdn.com/content/v1/6914262184e7d41fe3ac8966/b38b2063-ce68-4a66-b06d-78416d0e50eb/01-source.jpg&quot;,&quot;mediaFocalPoint&quot;:{&quot;x&quot;:0.5,&quot;y&quot;:0.5,&quot;source&quot;:3}},{&quot;title&quot;:&quot;02-source.png&quot;,&quot;originalSize&quot;:&quot;1024x768&quot;,&quot;assetUrl&quot;:&quot;https://images.squarespace-cdn.com/content/v1/6914262184e7d41fe3ac8966/57afbb63-e61d-43f5-96d0-ed7cabf01052/02-source.png&quot;,&quot;mediaFocalPoint&quot;:{&quot;x&quot;:0.5,&quot;y&quot;:0.5,&quot;source&quot;:3}},{&quot;title&quot;:&quot;03-source.png&quot;,&quot;originalSize&quot;:&quot;1024x768&quot;,&quot;assetUrl&quot;:&quot;https://images.squarespace-cdn.com/content/v1/6914262184e7d41fe3ac8966/5dcab8e5-403d-4cf7-b7de-5c6f8f660fe8/03-source.png&quot;,&quot;mediaFocalPoint&quot;:{&quot;x&quot;:0.5,&quot;y&quot;:0.5,&quot;source&quot;:3}},{&quot;title&quot;:&quot;04-source.jpg&quot;,&quot;originalSize&quot;:&quot;1024x768&quot;,&quot;assetUrl&quot;:&quot;https://images.squarespace-cdn.com/content/v1/6914262184e7d41fe3ac8966/5f4e4a72-9527-4f3d-867d-16bc6ad88e3e/04-source.jpg&quot;,&quot;mediaFocalPoint&quot;:{&quot;x&quot;:0.5,&quot;y&quot;:0.5,&quot;source&quot;:3}},{&quot;title&quot;:&quot;05-source.jpg&quot;,&quot;originalSize&quot;:&quot;1024x768&quot;,&quot;assetUrl&quot;:&quot;https://images.squarespace-cdn.com/content/v1/6914262184e7d41fe3ac8966/2e4b2c02-ab18-4be0-a2a4-2b45176a7953/05-source.jpg&quot;,&quot;mediaFocalPoint&quot;:{&quot;x&quot;:0.5,&quot;y&quot;:0.5,&quot;source&quot;:3}}],&quot;fullUrl&quot;:&quot;/shop/p/charging-dock-shokz-openrun-751624&quot;,&quot;urlSlug&quot;:&quot;charging-dock-shokz-openrun-751624&quot;,&quot;qtyInStock&quot;:9223372036854775807,&quot;allowMultiplePurchase&quot;:true,&quot;scarce&quot;:false,&quot;published&quot;:true,&quot;tags&quot;:[&quot;MakerWorld&quot;,&quot;Commercial-safe&quot;,&quot;Made"
"christmas-tree-ornament-ball-in-pokeball-style-708397","https://www.augnach.com/shop/p/christmas-tree-ornament-ball-in-pokeball-style-708397","200","6","Christmas Tree Ornament, Ball in Pokeball Style","https://images.squarespace-cdn.com/content/v1/6914262184e7d41fe3ac8966/5f9bd956-00a7-40a2-8b7c-b24e0d37395b/03-source.png | https://images.squarespace-cdn.com/content/v1/6914262184e7d41fe3ac8966/810fc547-72e5-498a-9ea3-29041f2de225/01-source.png | https://images.squarespace-cdn.com/content/v1/6914262184e7d41fe3ac8966/810fc547-72e5-498a-9ea3-29041f2de225/01-source.png&quot;,&quot;mediaFocalPoint&quot;:{&quot;x&quot;:0.5,&quot;y&quot;:0.5,&quot;source&quot;:3}},{&quot;title&quot;:&quot;02-source.png&quot;,&quot;originalSize&quot;:&quot;1024x768&quot;,&quot;assetUrl&quot;:&quot;https://images.squarespace-cdn.com/content/v1/6914262184e7d41fe3ac8966/bc466a70-811a-49ba-a904-5c382c0825f6/02-source.png&quot;,&quot;mediaFocalPoint&quot;:{&quot;x&quot;:0.5,&quot;y&quot;:0.5,&quot;source&quot;:3}},{&quot;title&quot;:&quot;03-source.png&quot;,&quot;originalSize&quot;:&quot;1024x768&quot;,&quot;assetUrl&quot;:&quot;https://images.squarespace-cdn.com/content/v1/6914262184e7d41fe3ac8966/5f9bd956-00a7-40a2-8b7c-b24e0d37395b/03-source.png&quot;,&quot;mediaFocalPoint&quot;:{&quot;x&quot;:0.5,&quot;y&quot;:0.5,&quot;source&quot;:3}},{&quot;title&quot;:&quot;04-source.jpg&quot;,&quot;originalSize&quot;:&quot;1024x768&quot;,&quot;assetUrl&quot;:&quot;https://images.squarespace-cdn.com/content/v1/6914262184e7d41fe3ac8966/9e727b69-ee3b-4f0f-a900-91ac2d1ead8f/04-source.jpg&quot;,&quot;mediaFocalPoint&quot;:{&quot;x&quot;:0.5,&quot;y&quot;:0.5,&quot;source&quot;:3}},{&quot;title&quot;:&quot;05-source.png&quot;,&quot;originalSize&quot;:&quot;1024x768&quot;,&quot;assetUrl&quot;:&quot;https://images.squarespace-cdn.com/content/v1/6914262184e7d41fe3ac8966/b56e9de3-2636-4e22-ae9e-e46dc50deef0/05-source.png&quot;,&quot;mediaFocalPoint&quot;:{&quot;x&quot;:0.5,&quot;y&quot;:0.5,&quot;source&quot;:3}}],&quot;fullUrl&quot;:&quot;/shop/p/christmas-tree-ornament-ball-in-pokeball-style-708397&quot;,&quot;urlSlug&quot;:&quot;christmas-tree-ornament-ball-in-pokeball-style-708397&quot;,&quot;qtyInStock&quot;:9223372036854775807,&quot;allowMultiplePurchase&quot;:true,&quot;scarce&quot;:false,&quot;published&quot;:true,&quot;tags&quot;:[&quot;MakerWorld&quot;,&quot;Commercial-safe&quot;,&quot;Made | https://images.squarespace-cdn.com/content/v1/6914262184e7d41fe3ac8966/9e727b69-ee3b-4f0f-a900-91ac2d1ead8f/04-source.jpg | https://images.squarespace-cdn.com/content/v1/6914262184e7d41fe3ac8966/b56e9de3-2636-4e22-ae9e-e46dc50deef0/05-source.png | https://images.squarespace-cdn.com/content/v1/6914262184e7d41fe3ac8966/bc466a70-811a-49ba-a904-5c382c0825f6/02-source.png"
"death-star-christmas-ornament-with-led-129384","https://www.augnach.com/shop/p/death-star-christmas-ornament-with-led-129384","200","6","Death Star Christmas Ornament with LED","https://images.squarespace-cdn.com/content/v1/6914262184e7d41fe3ac8966/05c92638-3800-4c32-b2d0-59cc19e608df/03-source.jpg | https://images.squarespace-cdn.com/content/v1/6914262184e7d41fe3ac8966/10d49120-de36-4232-b086-81c3fffd22bf/01-source.jpg | https://images.squarespace-cdn.com/content/v1/6914262184e7d41fe3ac8966/10d49120-de36-4232-b086-81c3fffd22bf/01-source.jpg&quot;,&quot;mediaFocalPoint&quot;:{&quot;x&quot;:0.5,&quot;y&quot;:0.5,&quot;source&quot;:3}},{&quot;title&quot;:&quot;02-source.jpg&quot;,&quot;originalSize&quot;:&quot;800x1067&quot;,&quot;assetUrl&quot;:&quot;https://images.squarespace-cdn.com/content/v1/6914262184e7d41fe3ac8966/256d8636-309b-4cba-bde0-d3eac66f8add/02-source.jpg&quot;,&quot;mediaFocalPoint&quot;:{&quot;x&quot;:0.5,&quot;y&quot;:0.5,&quot;source&quot;:3}},{&quot;title&quot;:&quot;03-source.jpg&quot;,&quot;originalSize&quot;:&quot;800x1067&quot;,&quot;assetUrl&quot;:&quot;https://images.squarespace-cdn.com/content/v1/6914262184e7d41fe3ac8966/05c92638-3800-4c32-b2d0-59cc19e608df/03-source.jpg&quot;,&quot;mediaFocalPoint&quot;:{&quot;x&quot;:0.5,&quot;y&quot;:0.5,&quot;source&quot;:3}},{&quot;title&quot;:&quot;04-source.jpg&quot;,&quot;originalSize&quot;:&quot;800x1067&quot;,&quot;assetUrl&quot;:&quot;https://images.squarespace-cdn.com/content/v1/6914262184e7d41fe3ac8966/8d100cef-6a2f-4327-9ef4-482897a5089f/04-source.jpg&quot;,&quot;mediaFocalPoint&quot;:{&quot;x&quot;:0.5,&quot;y&quot;:0.5,&quot;source&quot;:3}},{&quot;title&quot;:&quot;05-source.jpg&quot;,&quot;originalSize&quot;:&quot;800x1067&quot;,&quot;assetUrl&quot;:&quot;https://images.squarespace-cdn.com/content/v1/6914262184e7d41fe3ac8966/4c778cf8-d98f-4cad-95fe-e94d731e1269/05-source.jpg&quot;,&quot;mediaFocalPoint&quot;:{&quot;x&quot;:0.5,&quot;y&quot;:0.5,&quot;source&quot;:3}}],&quot;fullUrl&quot;:&quot;/shop/p/death-star-christmas-ornament-with-led-129384&quot;,&quot;urlSlug&quot;:&quot;death-star-christmas-ornament-with-led-129384&quot;,&quot;qtyInStock&quot;:9223372036854775807,&quot;allowMultiplePurchase&quot;:true,&quot;scarce&quot;:false,&quot;published&quot;:true,&quot;tags&quot;:[&quot;MakerWorld&quot;,&quot;Commercial-safe&quot;,&quot;Made | https://images.squarespace-cdn.com/content/v1/6914262184e7d41fe3ac8966/256d8636-309b-4cba-bde0-d3eac66f8add/02-source.jpg | https://images.squarespace-cdn.com/content/v1/6914262184e7d41fe3ac8966/4c778cf8-d98f-4cad-95fe-e94d731e1269/05-source.jpg | https://images.squarespace-cdn.com/content/v1/6914262184e7d41fe3ac8966/8d100cef-6a2f-4327-9ef4-482897a5089f/04-source.jpg"
"our-lady-the-miraculous-2265634","https://www.augnach.com/shop/p/our-lady-the-miraculous-2265634","200","6","Our Lady the Miraculous","https://images.squarespace-cdn.com/content/v1/6914262184e7d41fe3ac8966/3a0c61a2-61a8-43d2-b1d6-d236aba45ff5/02-source.jpeg | https://images.squarespace-cdn.com/content/v1/6914262184e7d41fe3ac8966/4798f3d9-ac80-4114-bd84-be5c1fd16c58/03-source.jpeg | https://images.squarespace-cdn.com/content/v1/6914262184e7d41fe3ac8966/56a13366-ec41-4895-aea7-94a6bd4c9a96/01-source.jpeg | https://images.squarespace-cdn.com/content/v1/6914262184e7d41fe3ac8966/56a13366-ec41-4895-aea7-94a6bd4c9a96/01-source.jpeg&quot;,&quot;mediaFocalPoint&quot;:{&quot;x&quot;:0.5,&quot;y&quot;:0.5,&quot;source&quot;:3}},{&quot;title&quot;:&quot;02-source.jpeg&quot;,&quot;originalSize&quot;:&quot;900x1600&quot;,&quot;assetUrl&quot;:&quot;https://images.squarespace-cdn.com/content/v1/6914262184e7d41fe3ac8966/3a0c61a2-61a8-43d2-b1d6-d236aba45ff5/02-source.jpeg&quot;,&quot;mediaFocalPoint&quot;:{&quot;x&quot;:0.5,&quot;y&quot;:0.5,&quot;source&quot;:3}},{&quot;title&quot;:&quot;03-source.jpeg&quot;,&quot;originalSize&quot;:&quot;900x1600&quot;,&quot;assetUrl&quot;:&quot;https://images.squarespace-cdn.com/content/v1/6914262184e7d41fe3ac8966/4798f3d9-ac80-4114-bd84-be5c1fd16c58/03-source.jpeg&quot;,&quot;mediaFocalPoint&quot;:{&quot;x&quot;:0.5,&quot;y&quot;:0.5,&quot;source&quot;:3}},{&quot;title&quot;:&quot;04-source.jpeg&quot;,&quot;originalSize&quot;:&quot;810x607&quot;,&quot;assetUrl&quot;:&quot;https://images.squarespace-cdn.com/content/v1/6914262184e7d41fe3ac8966/77fd7513-8694-49ae-bb50-77a16981a325/04-source.jpeg&quot;,&quot;mediaFocalPoint&quot;:{&quot;x&quot;:0.5,&quot;y&quot;:0.5,&quot;source&quot;:3}},{&quot;title&quot;:&quot;05-source.jpeg&quot;,&quot;originalSize&quot;:&quot;810x1080&quot;,&quot;assetUrl&quot;:&quot;https://images.squarespace-cdn.com/content/v1/6914262184e7d41fe3ac8966/c9ca931b-aecc-4eec-b347-b9dc682e8f0b/05-source.jpeg&quot;,&quot;mediaFocalPoint&quot;:{&quot;x&quot;:0.5,&quot;y&quot;:0.5,&quot;source&quot;:3}}],&quot;fullUrl&quot;:&quot;/shop/p/our-lady-the-miraculous-2265634&quot;,&quot;urlSlug&quot;:&quot;our-lady-the-miraculous-2265634&quot;,&quot;qtyInStock&quot;:9223372036854775807,&quot;allowMultiplePurchase&quot;:true,&quot;scarce&quot;:false,&quot;published&quot;:true,&quot;tags&quot;:[&quot;MakerWorld&quot;,&quot;Commercial-safe&quot;,&quot;Made | https://images.squarespace-cdn.com/content/v1/6914262184e7d41fe3ac8966/77fd7513-8694-49ae-bb50-77a16981a325/04-source.jpeg | https://images.squarespace-cdn.com/content/v1/6914262184e7d41fe3ac8966/c9ca931b-aecc-4eec-b347-b9dc682e8f0b/05-source.jpeg"
"chair-tip-generator-internal-1190119","https://www.augnach.com/shop/p/chair-tip-generator-internal-1190119","200","6","Chair Tip Generator - Internal","https://images.squarespace-cdn.com/content/v1/6914262184e7d41fe3ac8966/07e996af-7a99-42ad-b5d6-2da36a9b206e/04-source.png | https://images.squarespace-cdn.com/content/v1/6914262184e7d41fe3ac8966/0d764c9c-28b3-442c-86c7-0dc3d8c861f4/01-source.jpg | https://images.squarespace-cdn.com/content/v1/6914262184e7d41fe3ac8966/0d764c9c-28b3-442c-86c7-0dc3d8c861f4/01-source.jpg&quot;,&quot;mediaFocalPoint&quot;:{&quot;x&quot;:0.5,&quot;y&quot;:0.5,&quot;source&quot;:3}},{&quot;title&quot;:&quot;02-source.png&quot;,&quot;originalSize&quot;:&quot;1920x1440&quot;,&quot;assetUrl&quot;:&quot;https://images.squarespace-cdn.com/content/v1/6914262184e7d41fe3ac8966/d396d368-58f1-4088-8e27-41f85bfec506/02-source.png&quot;,&quot;mediaFocalPoint&quot;:{&quot;x&quot;:0.5,&quot;y&quot;:0.5,&quot;source&quot;:3}},{&quot;title&quot;:&quot;03-source.jpg&quot;,&quot;originalSize&quot;:&quot;1920x1440&quot;,&quot;assetUrl&quot;:&quot;https://images.squarespace-cdn.com/content/v1/6914262184e7d41fe3ac8966/26ba2f25-7e32-45cb-920b-4157de6a19fd/03-source.jpg&quot;,&quot;mediaFocalPoint&quot;:{&quot;x&quot;:0.5,&quot;y&quot;:0.5,&quot;source&quot;:3}},{&quot;title&quot;:&quot;04-source.png&quot;,&quot;originalSize&quot;:&quot;1440x1080&quot;,&quot;assetUrl&quot;:&quot;https://images.squarespace-cdn.com/content/v1/6914262184e7d41fe3ac8966/07e996af-7a99-42ad-b5d6-2da36a9b206e/04-source.png&quot;,&quot;mediaFocalPoint&quot;:{&quot;x&quot;:0.5,&quot;y&quot;:0.5,&quot;source&quot;:3}},{&quot;title&quot;:&quot;05-source.png&quot;,&quot;originalSize&quot;:&quot;1080x1440&quot;,&quot;assetUrl&quot;:&quot;https://images.squarespace-cdn.com/content/v1/6914262184e7d41fe3ac8966/ecf5734d-e161-4825-a926-bbf62810b59a/05-source.png&quot;,&quot;mediaFocalPoint&quot;:{&quot;x&quot;:0.5,&quot;y&quot;:0.5,&quot;source&quot;:3}}],&quot;fullUrl&quot;:&quot;/shop/p/chair-tip-generator-internal-1190119&quot;,&quot;urlSlug&quot;:&quot;chair-tip-generator-internal-1190119&quot;,&quot;qtyInStock&quot;:9223372036854775807,&quot;allowMultiplePurchase&quot;:true,&quot;scarce&quot;:false,&quot;published&quot;:true,&quot;tags&quot;:[&quot;MakerWorld&quot;,&quot;Commercial-safe&quot;,&quot;Made | https://images.squarespace-cdn.com/content/v1/6914262184e7d41fe3ac8966/26ba2f25-7e32-45cb-920b-4157de6a19fd/03-source.jpg | https://images.squarespace-cdn.com/content/v1/6914262184e7d41fe3ac8966/d396d368-58f1-4088-8e27-41f85bfec506/02-source.png | https://images.squarespace-cdn.com/content/v1/6914262184e7d41fe3ac8966/ecf5734d-e161-4825-a926-bbf62810b59a/05-source.png"
"brazil-keychain-2364666","https://www.augnach.com/shop/p/brazil-keychain-2364666","200","6","Brazil Keychain","https://images.squarespace-cdn.com/content/v1/6914262184e7d41fe3ac8966/19718907-954d-4cb9-88ce-47db0174ff55/04-source.jpeg | https://images.squarespace-cdn.com/content/v1/6914262184e7d41fe3ac8966/333a889e-953d-4d7e-9e29-b724677c1b44/02-source.jpeg | https://images.squarespace-cdn.com/content/v1/6914262184e7d41fe3ac8966/5ffadf28-c91a-4ca7-a732-8e64c66661a6/01-source.jpeg | https://images.squarespace-cdn.com/content/v1/6914262184e7d41fe3ac8966/5ffadf28-c91a-4ca7-a732-8e64c66661a6/01-source.jpeg&quot;,&quot;mediaFocalPoint&quot;:{&quot;x&quot;:0.5,&quot;y&quot;:0.5,&quot;source&quot;:3}},{&quot;title&quot;:&quot;02-source.jpeg&quot;,&quot;originalSize&quot;:&quot;768x1024&quot;,&quot;assetUrl&quot;:&quot;https://images.squarespace-cdn.com/content/v1/6914262184e7d41fe3ac8966/333a889e-953d-4d7e-9e29-b724677c1b44/02-source.jpeg&quot;,&quot;mediaFocalPoint&quot;:{&quot;x&quot;:0.5,&quot;y&quot;:0.5,&quot;source&quot;:3}},{&quot;title&quot;:&quot;03-source.jpeg&quot;,&quot;originalSize&quot;:&quot;768x1024&quot;,&quot;assetUrl&quot;:&quot;https://images.squarespace-cdn.com/content/v1/6914262184e7d41fe3ac8966/6dd08349-8deb-4f3d-ad48-a114790093a5/03-source.jpeg&quot;,&quot;mediaFocalPoint&quot;:{&quot;x&quot;:0.5,&quot;y&quot;:0.5,&quot;source&quot;:3}},{&quot;title&quot;:&quot;04-source.jpeg&quot;,&quot;originalSize&quot;:&quot;768x1024&quot;,&quot;assetUrl&quot;:&quot;https://images.squarespace-cdn.com/content/v1/6914262184e7d41fe3ac8966/19718907-954d-4cb9-88ce-47db0174ff55/04-source.jpeg&quot;,&quot;mediaFocalPoint&quot;:{&quot;x&quot;:0.5,&quot;y&quot;:0.5,&quot;source&quot;:3}},{&quot;title&quot;:&quot;05-source.jpeg&quot;,&quot;originalSize&quot;:&quot;768x576&quot;,&quot;assetUrl&quot;:&quot;https://images.squarespace-cdn.com/content/v1/6914262184e7d41fe3ac8966/bcc954b7-0529-40f5-8fc2-ad5df8d71ee9/05-source.jpeg&quot;,&quot;mediaFocalPoint&quot;:{&quot;x&quot;:0.5,&quot;y&quot;:0.5,&quot;source&quot;:3}}],&quot;fullUrl&quot;:&quot;/shop/p/brazil-keychain-2364666&quot;,&quot;urlSlug&quot;:&quot;brazil-keychain-2364666&quot;,&quot;qtyInStock&quot;:9223372036854775807,&quot;allowMultiplePurchase&quot;:true,&quot;scarce&quot;:false,&quot;published&quot;:true,&quot;tags&quot;:[&quot;MakerWorld&quot;,&quot;Commercial-safe&quot;,&quot;Made | https://images.squarespace-cdn.com/content/v1/6914262184e7d41fe3ac8966/6dd08349-8deb-4f3d-ad48-a114790093a5/03-source.jpeg | https://images.squarespace-cdn.com/content/v1/6914262184e7d41fe3ac8966/bcc954b7-0529-40f5-8fc2-ad5df8d71ee9/05-source.jpeg"
"automotive-fuse-holder-for-insulated-terminal-2054410","https://www.augnach.com/shop/p/automotive-fuse-holder-for-insulated-terminal-2054410","200","6","Automotive Fuse Holder for Insulated Terminal","https://images.squarespace-cdn.com/content/v1/6914262184e7d41fe3ac8966/487d5007-29fa-479d-8789-5c55e249f84c/03-source.jpeg | https://images.squarespace-cdn.com/content/v1/6914262184e7d41fe3ac8966/5b2c1896-1aa2-41f6-a2c3-4f3a6eeb7822/01-source.jpeg | https://images.squarespace-cdn.com/content/v1/6914262184e7d41fe3ac8966/5b2c1896-1aa2-41f6-a2c3-4f3a6eeb7822/01-source.jpeg&quot;,&quot;mediaFocalPoint&quot;:{&quot;x&quot;:0.5,&quot;y&quot;:0.5,&quot;source&quot;:3}},{&quot;title&quot;:&quot;02-source.jpeg&quot;,&quot;originalSize&quot;:&quot;2048x1536&quot;,&quot;assetUrl&quot;:&quot;https://images.squarespace-cdn.com/content/v1/6914262184e7d41fe3ac8966/79fb522f-5363-4e82-b3ac-fcac349f6a61/02-source.jpeg&quot;,&quot;mediaFocalPoint&quot;:{&quot;x&quot;:0.5,&quot;y&quot;:0.5,&quot;source&quot;:3}},{&quot;title&quot;:&quot;03-source.jpeg&quot;,&quot;originalSize&quot;:&quot;2048x1536&quot;,&quot;assetUrl&quot;:&quot;https://images.squarespace-cdn.com/content/v1/6914262184e7d41fe3ac8966/487d5007-29fa-479d-8789-5c55e249f84c/03-source.jpeg&quot;,&quot;mediaFocalPoint&quot;:{&quot;x&quot;:0.5,&quot;y&quot;:0.5,&quot;source&quot;:3}},{&quot;title&quot;:&quot;04-source.jpg&quot;,&quot;originalSize&quot;:&quot;2906x1911&quot;,&quot;assetUrl&quot;:&quot;https://images.squarespace-cdn.com/content/v1/6914262184e7d41fe3ac8966/a0ac17f7-c10d-4a8d-b9b0-0a5059e0bb06/04-source.jpg&quot;,&quot;mediaFocalPoint&quot;:{&quot;x&quot;:0.5,&quot;y&quot;:0.5,&quot;source&quot;:3}},{&quot;title&quot;:&quot;05-source.jpeg&quot;,&quot;originalSize&quot;:&quot;2048x1536&quot;,&quot;assetUrl&quot;:&quot;https://images.squarespace-cdn.com/content/v1/6914262184e7d41fe3ac8966/cdae12a9-d4a6-42ea-b375-9a69685ed3d9/05-source.jpeg&quot;,&quot;mediaFocalPoint&quot;:{&quot;x&quot;:0.5,&quot;y&quot;:0.5,&quot;source&quot;:3}}],&quot;fullUrl&quot;:&quot;/shop/p/automotive-fuse-holder-for-insulated-terminal-2054410&quot;,&quot;urlSlug&quot;:&quot;automotive-fuse-holder-for-insulated-terminal-2054410&quot;,&quot;qtyInStock&quot;:9223372036854775807,&quot;allowMultiplePurchase&quot;:true,&quot;scarce&quot;:false,&quot;published&quot;:true,&quot;tags&quot;:[&quot;MakerWorld&quot;,&quot;Commercial-safe&quot;,&quot;Made | https://images.squarespace-cdn.com/content/v1/6914262184e7d41fe3ac8966/79fb522f-5363-4e82-b3ac-fcac349f6a61/02-source.jpeg | https://images.squarespace-cdn.com/content/v1/6914262184e7d41fe3ac8966/a0ac17f7-c10d-4a8d-b9b0-0a5059e0bb06/04-source.jpg | https://images.squarespace-cdn.com/content/v1/6914262184e7d41fe3ac8966/cdae12a9-d4a6-42ea-b375-9a69685ed3d9/05-source.jpeg"
"spiral-snow-flake-christmas-tree-913491","https://www.augnach.com/shop/p/spiral-snow-flake-christmas-tree-913491","200","6","Spiral Snow Flake Christmas Tree","https://images.squarespace-cdn.com/content/v1/6914262184e7d41fe3ac8966/0a4b2f13-8408-4ca2-9e29-03b4256a37ee/04-source.jpg | https://images.squarespace-cdn.com/content/v1/6914262184e7d41fe3ac8966/9c858ced-9c45-4fa3-9440-89f7458ba393/05-source.jpg | https://images.squarespace-cdn.com/content/v1/6914262184e7d41fe3ac8966/a3e943b9-65d1-4fa2-8d8e-e11508f1006e/01-source.png | https://images.squarespace-cdn.com/content/v1/6914262184e7d41fe3ac8966/a3e943b9-65d1-4fa2-8d8e-e11508f1006e/01-source.png&quot;,&quot;mediaFocalPoint&quot;:{&quot;x&quot;:0.5,&quot;y&quot;:0.5,&quot;source&quot;:3}},{&quot;title&quot;:&quot;02-source.png&quot;,&quot;originalSize&quot;:&quot;456x632&quot;,&quot;assetUrl&quot;:&quot;https://images.squarespace-cdn.com/content/v1/6914262184e7d41fe3ac8966/c0bb701c-b144-454f-bed9-b36ad56887d4/02-source.png&quot;,&quot;mediaFocalPoint&quot;:{&quot;x&quot;:0.5,&quot;y&quot;:0.5,&quot;source&quot;:3}},{&quot;title&quot;:&quot;03-source.jpg&quot;,&quot;originalSize&quot;:&quot;1080x1440&quot;,&quot;assetUrl&quot;:&quot;https://images.squarespace-cdn.com/content/v1/6914262184e7d41fe3ac8966/bc92f977-aeae-4471-8806-f54c04b3bfe1/03-source.jpg&quot;,&quot;mediaFocalPoint&quot;:{&quot;x&quot;:0.5,&quot;y&quot;:0.5,&quot;source&quot;:3}},{&quot;title&quot;:&quot;04-source.jpg&quot;,&quot;originalSize&quot;:&quot;1920x1440&quot;,&quot;assetUrl&quot;:&quot;https://images.squarespace-cdn.com/content/v1/6914262184e7d41fe3ac8966/0a4b2f13-8408-4ca2-9e29-03b4256a37ee/04-source.jpg&quot;,&quot;mediaFocalPoint&quot;:{&quot;x&quot;:0.5,&quot;y&quot;:0.5,&quot;source&quot;:3}},{&quot;title&quot;:&quot;05-source.jpg&quot;,&quot;originalSize&quot;:&quot;1920x1440&quot;,&quot;assetUrl&quot;:&quot;https://images.squarespace-cdn.com/content/v1/6914262184e7d41fe3ac8966/9c858ced-9c45-4fa3-9440-89f7458ba393/05-source.jpg&quot;,&quot;mediaFocalPoint&quot;:{&quot;x&quot;:0.5,&quot;y&quot;:0.5,&quot;source&quot;:3}}],&quot;fullUrl&quot;:&quot;/shop/p/spiral-snow-flake-christmas-tree-913491&quot;,&quot;urlSlug&quot;:&quot;spiral-snow-flake-christmas-tree-913491&quot;,&quot;qtyInStock&quot;:9223372036854775807,&quot;allowMultiplePurchase&quot;:true,&quot;scarce&quot;:false,&quot;published&quot;:true,&quot;tags&quot;:[&quot;MakerWorld&quot;,&quot;Commercial-safe&quot;,&quot;Made | https://images.squarespace-cdn.com/content/v1/6914262184e7d41fe3ac8966/bc92f977-aeae-4471-8806-f54c04b3bfe1/03-source.jpg | https://images.squarespace-cdn.com/content/v1/6914262184e7d41fe3ac8966/c0bb701c-b144-454f-bed9-b36ad56887d4/02-source.png"
"gremlins-hd-1908144","https://www.augnach.com/shop/p/gremlins-hd-1908144","200","6","Gremlins HD","https://images.squarespace-cdn.com/content/v1/6914262184e7d41fe3ac8966/190172f7-c9c1-435e-9ff3-3768f8cdc986/01-source.jpg | https://images.squarespace-cdn.com/content/v1/6914262184e7d41fe3ac8966/190172f7-c9c1-435e-9ff3-3768f8cdc986/01-source.jpg&quot;,&quot;mediaFocalPoint&quot;:{&quot;x&quot;:0.5,&quot;y&quot;:0.5,&quot;source&quot;:3}},{&quot;title&quot;:&quot;02-source.jpg&quot;,&quot;originalSize&quot;:&quot;716x955&quot;,&quot;assetUrl&quot;:&quot;https://images.squarespace-cdn.com/content/v1/6914262184e7d41fe3ac8966/d7f32a0a-398b-45db-8bf8-761f8df4e060/02-source.jpg&quot;,&quot;mediaFocalPoint&quot;:{&quot;x&quot;:0.5,&quot;y&quot;:0.5,&quot;source&quot;:3}},{&quot;title&quot;:&quot;03-source.jpg&quot;,&quot;originalSize&quot;:&quot;716x955&quot;,&quot;assetUrl&quot;:&quot;https://images.squarespace-cdn.com/content/v1/6914262184e7d41fe3ac8966/b2a01c63-ce71-4829-a75b-7a96bce3afa4/03-source.jpg&quot;,&quot;mediaFocalPoint&quot;:{&quot;x&quot;:0.5,&quot;y&quot;:0.5,&quot;source&quot;:3}},{&quot;title&quot;:&quot;04-source.jpg&quot;,&quot;originalSize&quot;:&quot;716x537&quot;,&quot;assetUrl&quot;:&quot;https://images.squarespace-cdn.com/content/v1/6914262184e7d41fe3ac8966/b62b99d3-df5d-4db6-af8b-abbfa8a5d9a2/04-source.jpg&quot;,&quot;mediaFocalPoint&quot;:{&quot;x&quot;:0.5,&quot;y&quot;:0.5,&quot;source&quot;:3}},{&quot;title&quot;:&quot;05-source.jpg&quot;,&quot;originalSize&quot;:&quot;716x954&quot;,&quot;assetUrl&quot;:&quot;https://images.squarespace-cdn.com/content/v1/6914262184e7d41fe3ac8966/b9d4f291-3a66-4497-81df-50062b610793/05-source.jpg&quot;,&quot;mediaFocalPoint&quot;:{&quot;x&quot;:0.5,&quot;y&quot;:0.5,&quot;source&quot;:3}}],&quot;fullUrl&quot;:&quot;/shop/p/gremlins-hd-1908144&quot;,&quot;urlSlug&quot;:&quot;gremlins-hd-1908144&quot;,&quot;qtyInStock&quot;:9223372036854775807,&quot;allowMultiplePurchase&quot;:true,&quot;scarce&quot;:false,&quot;published&quot;:true,&quot;tags&quot;:[&quot;MakerWorld&quot;,&quot;Commercial-safe&quot;,&quot;Made | https://images.squarespace-cdn.com/content/v1/6914262184e7d41fe3ac8966/b2a01c63-ce71-4829-a75b-7a96bce3afa4/03-source.jpg | https://images.squarespace-cdn.com/content/v1/6914262184e7d41fe3ac8966/b62b99d3-df5d-4db6-af8b-abbfa8a5d9a2/04-source.jpg | https://images.squarespace-cdn.com/content/v1/6914262184e7d41fe3ac8966/b9d4f291-3a66-4497-81df-50062b610793/05-source.jpg | https://images.squarespace-cdn.com/content/v1/6914262184e7d41fe3ac8966/d7f32a0a-398b-45db-8bf8-761f8df4e060/02-source.jpg"
"christmas-deer-874194","https://www.augnach.com/shop/p/christmas-deer-874194","200","0","Christmas Deer",""
"helmet-holder-skull-barber-1308106","https://www.augnach.com/shop/p/helmet-holder-skull-barber-1308106","200","6","Helmet Holder Skull Barber","https://images.squarespace-cdn.com/content/v1/6914262184e7d41fe3ac8966/042fde17-d699-41ab-9116-6455a816762d/02-source.jpg | https://images.squarespace-cdn.com/content/v1/6914262184e7d41fe3ac8966/07de7cb8-971b-48b9-83bf-60c51fe421a3/05-source.jpg | https://images.squarespace-cdn.com/content/v1/6914262184e7d41fe3ac8966/19b909dc-9ab2-4160-805d-81bf81e44148/03-source.jpg | https://images.squarespace-cdn.com/content/v1/6914262184e7d41fe3ac8966/244acde9-aa64-4768-a0ad-9606fad87c6b/04-source.jpg | https://images.squarespace-cdn.com/content/v1/6914262184e7d41fe3ac8966/7a16dffd-2c03-4eae-87e9-01c3bb0a6b58/01-source.jpg | https://images.squarespace-cdn.com/content/v1/6914262184e7d41fe3ac8966/7a16dffd-2c03-4eae-87e9-01c3bb0a6b58/01-source.jpg&quot;,&quot;mediaFocalPoint&quot;:{&quot;x&quot;:0.5,&quot;y&quot;:0.5,&quot;source&quot;:3}},{&quot;title&quot;:&quot;02-source.jpg&quot;,&quot;originalSize&quot;:&quot;1536x2048&quot;,&quot;assetUrl&quot;:&quot;https://images.squarespace-cdn.com/content/v1/6914262184e7d41fe3ac8966/042fde17-d699-41ab-9116-6455a816762d/02-source.jpg&quot;,&quot;mediaFocalPoint&quot;:{&quot;x&quot;:0.5,&quot;y&quot;:0.5,&quot;source&quot;:3}},{&quot;title&quot;:&quot;03-source.jpg&quot;,&quot;originalSize&quot;:&quot;1536x2048&quot;,&quot;assetUrl&quot;:&quot;https://images.squarespace-cdn.com/content/v1/6914262184e7d41fe3ac8966/19b909dc-9ab2-4160-805d-81bf81e44148/03-source.jpg&quot;,&quot;mediaFocalPoint&quot;:{&quot;x&quot;:0.5,&quot;y&quot;:0.5,&quot;source&quot;:3}},{&quot;title&quot;:&quot;04-source.jpg&quot;,&quot;originalSize&quot;:&quot;1536x2048&quot;,&quot;assetUrl&quot;:&quot;https://images.squarespace-cdn.com/content/v1/6914262184e7d41fe3ac8966/244acde9-aa64-4768-a0ad-9606fad87c6b/04-source.jpg&quot;,&quot;mediaFocalPoint&quot;:{&quot;x&quot;:0.5,&quot;y&quot;:0.5,&quot;source&quot;:3}},{&quot;title&quot;:&quot;05-source.jpg&quot;,&quot;originalSize&quot;:&quot;1536x2048&quot;,&quot;assetUrl&quot;:&quot;https://images.squarespace-cdn.com/content/v1/6914262184e7d41fe3ac8966/07de7cb8-971b-48b9-83bf-60c51fe421a3/05-source.jpg&quot;,&quot;mediaFocalPoint&quot;:{&quot;x&quot;:0.5,&quot;y&quot;:0.5,&quot;source&quot;:3}}],&quot;fullUrl&quot;:&quot;/shop/p/helmet-holder-skull-barber-1308106&quot;,&quot;urlSlug&quot;:&quot;helmet-holder-skull-barber-1308106&quot;,&quot;qtyInStock&quot;:9223372036854775807,&quot;allowMultiplePurchase&quot;:true,&quot;scarce&quot;:false,&quot;published&quot;:true,&quot;tags&quot;:[&quot;MakerWorld&quot;,&quot;Commercial-safe&quot;,&quot;Made"
"delorean-back-to-the-future-reloaded-609912","https://www.augnach.com/shop/p/delorean-back-to-the-future-reloaded-609912","200","6","Delorean - Back to the Future (RELOADED)","https://images.squarespace-cdn.com/content/v1/6914262184e7d41fe3ac8966/197868b1-157b-4cc0-a11e-bb1c0dfde302/05-source.jpg | https://images.squarespace-cdn.com/content/v1/6914262184e7d41fe3ac8966/7c4c7fa0-dd38-4c55-9c31-fe0e2a3fdf4f/02-source.jpg | https://images.squarespace-cdn.com/content/v1/6914262184e7d41fe3ac8966/a44b3ed7-c9b9-4865-842d-74b0f69b2e4c/03-source.jpg | https://images.squarespace-cdn.com/content/v1/6914262184e7d41fe3ac8966/b5fb18b1-8b38-4560-9dbb-4aab148910e7/04-source.jpg | https://images.squarespace-cdn.com/content/v1/6914262184e7d41fe3ac8966/b6db9487-b232-4d7f-88a2-5f7326ae3511/01-source.jpg | https://images.squarespace-cdn.com/content/v1/6914262184e7d41fe3ac8966/b6db9487-b232-4d7f-88a2-5f7326ae3511/01-source.jpg&quot;,&quot;mediaFocalPoint&quot;:{&quot;x&quot;:0.5,&quot;y&quot;:0.5,&quot;source&quot;:3}},{&quot;title&quot;:&quot;02-source.jpg&quot;,&quot;originalSize&quot;:&quot;1920x1515&quot;,&quot;assetUrl&quot;:&quot;https://images.squarespace-cdn.com/content/v1/6914262184e7d41fe3ac8966/7c4c7fa0-dd38-4c55-9c31-fe0e2a3fdf4f/02-source.jpg&quot;,&quot;mediaFocalPoint&quot;:{&quot;x&quot;:0.5,&quot;y&quot;:0.5,&quot;source&quot;:3}},{&quot;title&quot;:&quot;03-source.jpg&quot;,&quot;originalSize&quot;:&quot;1478x964&quot;,&quot;assetUrl&quot;:&quot;https://images.squarespace-cdn.com/content/v1/6914262184e7d41fe3ac8966/a44b3ed7-c9b9-4865-842d-74b0f69b2e4c/03-source.jpg&quot;,&quot;mediaFocalPoint&quot;:{&quot;x&quot;:0.5,&quot;y&quot;:0.5,&quot;source&quot;:3}},{&quot;title&quot;:&quot;04-source.jpg&quot;,&quot;originalSize&quot;:&quot;1532x1171&quot;,&quot;assetUrl&quot;:&quot;https://images.squarespace-cdn.com/content/v1/6914262184e7d41fe3ac8966/b5fb18b1-8b38-4560-9dbb-4aab148910e7/04-source.jpg&quot;,&quot;mediaFocalPoint&quot;:{&quot;x&quot;:0.5,&quot;y&quot;:0.5,&quot;source&quot;:3}},{&quot;title&quot;:&quot;05-source.jpg&quot;,&quot;originalSize&quot;:&quot;1920x1440&quot;,&quot;assetUrl&quot;:&quot;https://images.squarespace-cdn.com/content/v1/6914262184e7d41fe3ac8966/197868b1-157b-4cc0-a11e-bb1c0dfde302/05-source.jpg&quot;,&quot;mediaFocalPoint&quot;:{&quot;x&quot;:0.5,&quot;y&quot;:0.5,&quot;source&quot;:3}}],&quot;fullUrl&quot;:&quot;/shop/p/delorean-back-to-the-future-reloaded-609912&quot;,&quot;urlSlug&quot;:&quot;delorean-back-to-the-future-reloaded-609912&quot;,&quot;qtyInStock&quot;:9223372036854775807,&quot;allowMultiplePurchase&quot;:true,&quot;scarce&quot;:false,&quot;published&quot;:true,&quot;tags&quot;:[&quot;MakerWorld&quot;,&quot;Commercial-safe&quot;,&quot;Made"
"flexi-baby-dragon-lizard-234548","https://www.augnach.com/shop/p/flexi-baby-dragon-lizard-234548","200","6","Flexi Baby Dragon Lizard","https://images.squarespace-cdn.com/content/v1/6914262184e7d41fe3ac8966/003c4030-b09b-495c-8bac-faf28ff7882f/01-source.jpg | https://images.squarespace-cdn.com/content/v1/6914262184e7d41fe3ac8966/003c4030-b09b-495c-8bac-faf28ff7882f/01-source.jpg&quot;,&quot;mediaFocalPoint&quot;:{&quot;x&quot;:0.5,&quot;y&quot;:0.5,&quot;source&quot;:3}},{&quot;title&quot;:&quot;02-source.png&quot;,&quot;originalSize&quot;:&quot;1283x722&quot;,&quot;assetUrl&quot;:&quot;https://images.squarespace-cdn.com/content/v1/6914262184e7d41fe3ac8966/960cf27b-1df7-452e-89ff-9cf06c15d6fd/02-source.png&quot;,&quot;mediaFocalPoint&quot;:{&quot;x&quot;:0.5,&quot;y&quot;:0.5,&quot;source&quot;:3}},{&quot;title&quot;:&quot;03-source.png&quot;,&quot;originalSize&quot;:&quot;1283x722&quot;,&quot;assetUrl&quot;:&quot;https://images.squarespace-cdn.com/content/v1/6914262184e7d41fe3ac8966/47c23412-665a-442a-8ea6-320f1e992622/03-source.png&quot;,&quot;mediaFocalPoint&quot;:{&quot;x&quot;:0.5,&quot;y&quot;:0.5,&quot;source&quot;:3}},{&quot;title&quot;:&quot;04-source.jpg&quot;,&quot;originalSize&quot;:&quot;1920x1436&quot;,&quot;assetUrl&quot;:&quot;https://images.squarespace-cdn.com/content/v1/6914262184e7d41fe3ac8966/4644a525-2644-46c2-b8e8-4bfe710b4bd6/04-source.jpg&quot;,&quot;mediaFocalPoint&quot;:{&quot;x&quot;:0.5,&quot;y&quot;:0.5,&quot;source&quot;:3}},{&quot;title&quot;:&quot;05-source.jpg&quot;,&quot;originalSize&quot;:&quot;1920x1436&quot;,&quot;assetUrl&quot;:&quot;https://images.squarespace-cdn.com/content/v1/6914262184e7d41fe3ac8966/aefe3a9b-1f7e-43d5-a46d-98fcb0d3d466/05-source.jpg&quot;,&quot;mediaFocalPoint&quot;:{&quot;x&quot;:0.5,&quot;y&quot;:0.5,&quot;source&quot;:3}}],&quot;fullUrl&quot;:&quot;/shop/p/flexi-baby-dragon-lizard-234548&quot;,&quot;urlSlug&quot;:&quot;flexi-baby-dragon-lizard-234548&quot;,&quot;qtyInStock&quot;:9223372036854775807,&quot;allowMultiplePurchase&quot;:true,&quot;scarce&quot;:false,&quot;published&quot;:true,&quot;tags&quot;:[&quot;MakerWorld&quot;,&quot;Commercial-safe&quot;,&quot;Made | https://images.squarespace-cdn.com/content/v1/6914262184e7d41fe3ac8966/4644a525-2644-46c2-b8e8-4bfe710b4bd6/04-source.jpg | https://images.squarespace-cdn.com/content/v1/6914262184e7d41fe3ac8966/47c23412-665a-442a-8ea6-320f1e992622/03-source.png | https://images.squarespace-cdn.com/content/v1/6914262184e7d41fe3ac8966/960cf27b-1df7-452e-89ff-9cf06c15d6fd/02-source.png | https://images.squarespace-cdn.com/content/v1/6914262184e7d41fe3ac8966/aefe3a9b-1f7e-43d5-a46d-98fcb0d3d466/05-source.jpg"
"terminator-t-800-1564517","https://www.augnach.com/shop/p/terminator-t-800-1564517","200","11","Terminator T-800","https://images.squarespace-cdn.com/content/v1/6914262184e7d41fe3ac8966/2b4b514f-c3a0-4a21-8e0c-68e5606dd0c2/01-source.jpg | https://images.squarespace-cdn.com/content/v1/6914262184e7d41fe3ac8966/610da830-1b90-4358-95e8-01749286d455/02-source.jpg | https://images.squarespace-cdn.com/content/v1/6914262184e7d41fe3ac8966/65798870-9840-4912-9ace-dceaaa3a4f07/03-source.jpg | https://images.squarespace-cdn.com/content/v1/6914262184e7d41fe3ac8966/77d5046b-2a74-45c1-aead-b8fda6f03c6d/01-source.jpg | https://images.squarespace-cdn.com/content/v1/6914262184e7d41fe3ac8966/77d5046b-2a74-45c1-aead-b8fda6f03c6d/01-source.jpg&quot;,&quot;mediaFocalPoint&quot;:{&quot;x&quot;:0.5,&quot;y&quot;:0.5,&quot;source&quot;:3}},{&quot;title&quot;:&quot;02-source.jpg&quot;,&quot;originalSize&quot;:&quot;1694x953&quot;,&quot;assetUrl&quot;:&quot;https://images.squarespace-cdn.com/content/v1/6914262184e7d41fe3ac8966/610da830-1b90-4358-95e8-01749286d455/02-source.jpg&quot;,&quot;mediaFocalPoint&quot;:{&quot;x&quot;:0.5,&quot;y&quot;:0.5,&quot;source&quot;:3}},{&quot;title&quot;:&quot;03-source.jpg&quot;,&quot;originalSize&quot;:&quot;536x953&quot;,&quot;assetUrl&quot;:&quot;https://images.squarespace-cdn.com/content/v1/6914262184e7d41fe3ac8966/65798870-9840-4912-9ace-dceaaa3a4f07/03-source.jpg&quot;,&quot;mediaFocalPoint&quot;:{&quot;x&quot;:0.5,&quot;y&quot;:0.5,&quot;source&quot;:3}},{&quot;title&quot;:&quot;04-source.jpg&quot;,&quot;originalSize&quot;:&quot;536x402&quot;,&quot;assetUrl&quot;:&quot;https://images.squarespace-cdn.com/content/v1/6914262184e7d41fe3ac8966/deeb9385-65d9-485c-b624-18239c8b85cf/04-source.jpg&quot;,&quot;mediaFocalPoint&quot;:{&quot;x&quot;:0.5,&quot;y&quot;:0.5,&quot;source&quot;:3}},{&quot;title&quot;:&quot;05-source.jpg&quot;,&quot;originalSize&quot;:&quot;536x714&quot;,&quot;assetUrl&quot;:&quot;https://images.squarespace-cdn.com/content/v1/6914262184e7d41fe3ac8966/b97fd1a1-3bf4-4762-8b5d-3ffe62b5cf83/05-source.jpg&quot;,&quot;mediaFocalPoint&quot;:{&quot;x&quot;:0.5,&quot;y&quot;:0.5,&quot;source&quot;:3}},{&quot;title&quot;:&quot;01-source.jpg&quot;,&quot;originalSize&quot;:&quot;3000x4000&quot;,&quot;assetUrl&quot;:&quot;https://images.squarespace-cdn.com/content/v1/6914262184e7d41fe3ac8966/2b4b514f-c3a0-4a21-8e0c-68e5606dd0c2/01-source.jpg&quot;,&quot;mediaFocalPoint&quot;:{&quot;x&quot;:0.5,&quot;y&quot;:0.5,&quot;source&quot;:3}},{&quot;title&quot;:&quot;02-source.jpg&quot;,&quot;originalSize&quot;:&quot;3024x4032&quot;,&quot;assetUrl&quot;:&quot;https://images.squarespace-cdn.com/content/v1/6914262184e7d41fe3ac8966/bce8eefa-7563-4d6d-9bc0-577f3ea3d446/02-source.jpg&quot;,&quot;mediaFocalPoint&quot;:{&quot;x&quot;:0.5,&quot;y&quot;:0.5,&quot;source&quot;:3}},{&quot;title&quot;:&quot;03-source.jpg&quot;,&quot;originalSize&quot;:&quot;3024x4032&quot;,&quot;assetUrl&quot;:&quot;https://images.squarespace-cdn.com/content/v1/6914262184e7d41fe3ac8966/81ae1b05-6dfe-4a5b-b8b4-e8e4590098d2/03-source.jpg&quot;,&quot;mediaFocalPoint&quot;:{&quot;x&quot;:0.5,&quot;y&quot;:0.5,&quot;source&quot;:3}},{&quot;title&quot;:&quot;04-source.jpg&quot;,&quot;originalSize&quot;:&quot;3024x4032&quot;,&quot;assetUrl&quot;:&quot;https://images.squarespace-cdn.com/content/v1/6914262184e7d41fe3ac8966/e0b747f3-ea51-4627-95c3-9bc673dfabd7/04-source.jpg&quot;,&quot;mediaFocalPoint&quot;:{&quot;x&quot;:0.5,&quot;y&quot;:0.5,&quot;source&quot;:3}},{&quot;title&quot;:&quot;05-source.jpg&quot;,&quot;originalSize&quot;:&quot;3024x4032&quot;,&quot;assetUrl&quot;:&quot;https://images.squarespace-cdn.com/content/v1/6914262184e7d41fe3ac8966/f81bbe68-e1cf-40fe-9ad4-7e05c760484c/05-source.jpg&quot;,&quot;mediaFocalPoint&quot;:{&quot;x&quot;:0.5,&quot;y&quot;:0.5,&quot;source&quot;:3}}],&quot;fullUrl&quot;:&quot;/shop/p/terminator-t-800-1564517&quot;,&quot;urlSlug&quot;:&quot;terminator-t-800-1564517&quot;,&quot;qtyInStock&quot;:9223372036854775807,&quot;allowMultiplePurchase&quot;:true,&quot;scarce&quot;:false,&quot;published&quot;:true,&quot;tags&quot;:[&quot;MakerWorld&quot;,&quot;Commercial-safe&quot;,&quot;Made | https://images.squarespace-cdn.com/content/v1/6914262184e7d41fe3ac8966/81ae1b05-6dfe-4a5b-b8b4-e8e4590098d2/03-source.jpg | https://images.squarespace-cdn.com/content/v1/6914262184e7d41fe3ac8966/b97fd1a1-3bf4-4762-8b5d-3ffe62b5cf83/05-source.jpg | https://images.squarespace-cdn.com/content/v1/6914262184e7d41fe3ac8966/bce8eefa-7563-4d6d-9bc0-577f3ea3d446/02-source.jpg"
"human-head-mannequin-for-headphones-1920629","https://www.augnach.com/shop/p/human-head-mannequin-for-headphones-1920629","200","6","Human Head, Mannequin for Headphones","https://images.squarespace-cdn.com/content/v1/6914262184e7d41fe3ac8966/0eddd068-acbd-48d6-9fc9-aa4e6ae5eefc/01-source.jpg | https://images.squarespace-cdn.com/content/v1/6914262184e7d41fe3ac8966/0eddd068-acbd-48d6-9fc9-aa4e6ae5eefc/01-source.jpg&quot;,&quot;mediaFocalPoint&quot;:{&quot;x&quot;:0.5,&quot;y&quot;:0.5,&quot;source&quot;:3}},{&quot;title&quot;:&quot;02-source.jpg&quot;,&quot;originalSize&quot;:&quot;3000x4000&quot;,&quot;assetUrl&quot;:&quot;https://images.squarespace-cdn.com/content/v1/6914262184e7d41fe3ac8966/fd234d6c-6263-4d92-ab11-3816232e701a/02-source.jpg&quot;,&quot;mediaFocalPoint&quot;:{&quot;x&quot;:0.5,&quot;y&quot;:0.5,&quot;source&quot;:3}},{&quot;title&quot;:&quot;03-source.jpg&quot;,&quot;originalSize&quot;:&quot;3000x4000&quot;,&quot;assetUrl&quot;:&quot;https://images.squarespace-cdn.com/content/v1/6914262184e7d41fe3ac8966/9d589d53-4f11-488d-b1e7-0f96ba4e8501/03-source.jpg&quot;,&quot;mediaFocalPoint&quot;:{&quot;x&quot;:0.5,&quot;y&quot;:0.5,&quot;source&quot;:3}},{&quot;title&quot;:&quot;04-source.jpg&quot;,&quot;originalSize&quot;:&quot;3000x4000&quot;,&quot;assetUrl&quot;:&quot;https://images.squarespace-cdn.com/content/v1/6914262184e7d41fe3ac8966/b252fbc7-c63b-4df2-86a1-ad80b744b1fb/04-source.jpg&quot;,&quot;mediaFocalPoint&quot;:{&quot;x&quot;:0.5,&quot;y&quot;:0.5,&quot;source&quot;:3}},{&quot;title&quot;:&quot;05-source.jpg&quot;,&quot;originalSize&quot;:&quot;3000x4000&quot;,&quot;assetUrl&quot;:&quot;https://images.squarespace-cdn.com/content/v1/6914262184e7d41fe3ac8966/e8ab6768-da10-4a79-a821-1cf64b55237d/05-source.jpg&quot;,&quot;mediaFocalPoint&quot;:{&quot;x&quot;:0.5,&quot;y&quot;:0.5,&quot;source&quot;:3}}],&quot;fullUrl&quot;:&quot;/shop/p/human-head-mannequin-for-headphones-1920629&quot;,&quot;urlSlug&quot;:&quot;human-head-mannequin-for-headphones-1920629&quot;,&quot;qtyInStock&quot;:9223372036854775807,&quot;allowMultiplePurchase&quot;:true,&quot;scarce&quot;:false,&quot;published&quot;:true,&quot;tags&quot;:[&quot;MakerWorld&quot;,&quot;Commercial-safe&quot;,&quot;Made | https://images.squarespace-cdn.com/content/v1/6914262184e7d41fe3ac8966/9d589d53-4f11-488d-b1e7-0f96ba4e8501/03-source.jpg | https://images.squarespace-cdn.com/content/v1/6914262184e7d41fe3ac8966/b252fbc7-c63b-4df2-86a1-ad80b744b1fb/04-source.jpg | https://images.squarespace-cdn.com/content/v1/6914262184e7d41fe3ac8966/e8ab6768-da10-4a79-a821-1cf64b55237d/05-source.jpg | https://images.squarespace-cdn.com/content/v1/6914262184e7d41fe3ac8966/fd234d6c-6263-4d92-ab11-3816232e701a/02-source.jpg"
"articulated-crystal-axolotl-crystalotl-130186","https://www.augnach.com/shop/p/articulated-crystal-axolotl-crystalotl-130186","200","6","Articulated Crystal Axolotl (Crystalotl)","https://images.squarespace-cdn.com/content/v1/6914262184e7d41fe3ac8966/152b5295-721d-4abd-abb9-84eb34b91cfb/02-source.jpg | https://images.squarespace-cdn.com/content/v1/6914262184e7d41fe3ac8966/30199e92-b64d-43d2-880e-9dad440613c8/01-source.jpg | https://images.squarespace-cdn.com/content/v1/6914262184e7d41fe3ac8966/30199e92-b64d-43d2-880e-9dad440613c8/01-source.jpg&quot;,&quot;mediaFocalPoint&quot;:{&quot;x&quot;:0.5,&quot;y&quot;:0.5,&quot;source&quot;:3}},{&quot;title&quot;:&quot;02-source.jpg&quot;,&quot;originalSize&quot;:&quot;1920x1440&quot;,&quot;assetUrl&quot;:&quot;https://images.squarespace-cdn.com/content/v1/6914262184e7d41fe3ac8966/152b5295-721d-4abd-abb9-84eb34b91cfb/02-source.jpg&quot;,&quot;mediaFocalPoint&quot;:{&quot;x&quot;:0.5,&quot;y&quot;:0.5,&quot;source&quot;:3}},{&quot;title&quot;:&quot;03-source.jpg&quot;,&quot;originalSize&quot;:&quot;1080x1440&quot;,&quot;assetUrl&quot;:&quot;https://images.squarespace-cdn.com/content/v1/6914262184e7d41fe3ac8966/c4556899-bff1-413c-8057-69f9fb63c9c5/03-source.jpg&quot;,&quot;mediaFocalPoint&quot;:{&quot;x&quot;:0.5,&quot;y&quot;:0.5,&quot;source&quot;:3}},{&quot;title&quot;:&quot;04-source.jpg&quot;,&quot;originalSize&quot;:&quot;1080x1440&quot;,&quot;assetUrl&quot;:&quot;https://images.squarespace-cdn.com/content/v1/6914262184e7d41fe3ac8966/a1a9c587-0739-4b07-9f1b-102e4e92761a/04-source.jpg&quot;,&quot;mediaFocalPoint&quot;:{&quot;x&quot;:0.5,&quot;y&quot;:0.5,&quot;source&quot;:3}},{&quot;title&quot;:&quot;05-source.jpg&quot;,&quot;originalSize&quot;:&quot;1080x1440&quot;,&quot;assetUrl&quot;:&quot;https://images.squarespace-cdn.com/content/v1/6914262184e7d41fe3ac8966/52eddc4b-7475-4984-9c0e-06c3105f5854/05-source.jpg&quot;,&quot;mediaFocalPoint&quot;:{&quot;x&quot;:0.5,&quot;y&quot;:0.5,&quot;source&quot;:3}}],&quot;fullUrl&quot;:&quot;/shop/p/articulated-crystal-axolotl-crystalotl-130186&quot;,&quot;urlSlug&quot;:&quot;articulated-crystal-axolotl-crystalotl-130186&quot;,&quot;qtyInStock&quot;:9223372036854775807,&quot;allowMultiplePurchase&quot;:true,&quot;scarce&quot;:false,&quot;published&quot;:true,&quot;tags&quot;:[&quot;MakerWorld&quot;,&quot;Commercial-safe&quot;,&quot;Made | https://images.squarespace-cdn.com/content/v1/6914262184e7d41fe3ac8966/52eddc4b-7475-4984-9c0e-06c3105f5854/05-source.jpg | https://images.squarespace-cdn.com/content/v1/6914262184e7d41fe3ac8966/a1a9c587-0739-4b07-9f1b-102e4e92761a/04-source.jpg | https://images.squarespace-cdn.com/content/v1/6914262184e7d41fe3ac8966/c4556899-bff1-413c-8057-69f9fb63c9c5/03-source.jpg"
"alien-keychain-769124","https://www.augnach.com/shop/p/alien-keychain-769124","200","6","Alien Keychain","https://images.squarespace-cdn.com/content/v1/6914262184e7d41fe3ac8966/288c8f42-e633-45b2-b99c-802e857fff53/02-source.png | https://images.squarespace-cdn.com/content/v1/6914262184e7d41fe3ac8966/a6b6e64a-6fda-41cb-9bb2-ac2d44670b65/03-source.png | https://images.squarespace-cdn.com/content/v1/6914262184e7d41fe3ac8966/bb5703ad-231f-48c2-98bd-695990975653/04-source.jpg | https://images.squarespace-cdn.com/content/v1/6914262184e7d41fe3ac8966/df3d5f9a-d314-46ac-8320-a14f6349e4f5/01-source.png | https://images.squarespace-cdn.com/content/v1/6914262184e7d41fe3ac8966/df3d5f9a-d314-46ac-8320-a14f6349e4f5/01-source.png&quot;,&quot;mediaFocalPoint&quot;:{&quot;x&quot;:0.5,&quot;y&quot;:0.5,&quot;source&quot;:3}},{&quot;title&quot;:&quot;02-source.png&quot;,&quot;originalSize&quot;:&quot;1077x639&quot;,&quot;assetUrl&quot;:&quot;https://images.squarespace-cdn.com/content/v1/6914262184e7d41fe3ac8966/288c8f42-e633-45b2-b99c-802e857fff53/02-source.png&quot;,&quot;mediaFocalPoint&quot;:{&quot;x&quot;:0.5,&quot;y&quot;:0.5,&quot;source&quot;:3}},{&quot;title&quot;:&quot;03-source.png&quot;,&quot;originalSize&quot;:&quot;878x655&quot;,&quot;assetUrl&quot;:&quot;https://images.squarespace-cdn.com/content/v1/6914262184e7d41fe3ac8966/a6b6e64a-6fda-41cb-9bb2-ac2d44670b65/03-source.png&quot;,&quot;mediaFocalPoint&quot;:{&quot;x&quot;:0.5,&quot;y&quot;:0.5,&quot;source&quot;:3}},{&quot;title&quot;:&quot;04-source.jpg&quot;,&quot;originalSize&quot;:&quot;1920x1440&quot;,&quot;assetUrl&quot;:&quot;https://images.squarespace-cdn.com/content/v1/6914262184e7d41fe3ac8966/bb5703ad-231f-48c2-98bd-695990975653/04-source.jpg&quot;,&quot;mediaFocalPoint&quot;:{&quot;x&quot;:0.5,&quot;y&quot;:0.5,&quot;source&quot;:3}},{&quot;title&quot;:&quot;05-source.jpg&quot;,&quot;originalSize&quot;:&quot;1080x1440&quot;,&quot;assetUrl&quot;:&quot;https://images.squarespace-cdn.com/content/v1/6914262184e7d41fe3ac8966/e0127432-44df-4571-99c2-c6098487a622/05-source.jpg&quot;,&quot;mediaFocalPoint&quot;:{&quot;x&quot;:0.5,&quot;y&quot;:0.5,&quot;source&quot;:3}}],&quot;fullUrl&quot;:&quot;/shop/p/alien-keychain-769124&quot;,&quot;urlSlug&quot;:&quot;alien-keychain-769124&quot;,&quot;qtyInStock&quot;:9223372036854775807,&quot;allowMultiplePurchase&quot;:true,&quot;scarce&quot;:false,&quot;published&quot;:true,&quot;tags&quot;:[&quot;MakerWorld&quot;,&quot;Commercial-safe&quot;,&quot;Made | https://images.squarespace-cdn.com/content/v1/6914262184e7d41fe3ac8966/e0127432-44df-4571-99c2-c6098487a622/05-source.jpg"
"gentleman-suit-pen-holder-office-decor-organizer-2274617","https://www.augnach.com/shop/p/gentleman-suit-pen-holder-office-decor-organizer-2274617","200","6","Gentleman Suit Pen Holder - Office Decor Organizer","https://images.squarespace-cdn.com/content/v1/6914262184e7d41fe3ac8966/030d3822-efa2-4fba-8dfc-cf43ee8499f1/02-source.jpg | https://images.squarespace-cdn.com/content/v1/6914262184e7d41fe3ac8966/8de06edc-3021-4c46-8bd8-970c340efc59/03-source.png | https://images.squarespace-cdn.com/content/v1/6914262184e7d41fe3ac8966/a3e504f8-a7a0-4787-904a-addeffa3274a/04-source.jpg | https://images.squarespace-cdn.com/content/v1/6914262184e7d41fe3ac8966/bc95dd91-6536-429b-9823-edc65cb17aec/05-source.png | https://images.squarespace-cdn.com/content/v1/6914262184e7d41fe3ac8966/ec6cbbc2-167e-4511-b53c-3fca0bfeb60b/01-source.jpg | https://images.squarespace-cdn.com/content/v1/6914262184e7d41fe3ac8966/ec6cbbc2-167e-4511-b53c-3fca0bfeb60b/01-source.jpg&quot;,&quot;mediaFocalPoint&quot;:{&quot;x&quot;:0.5,&quot;y&quot;:0.5,&quot;source&quot;:3}},{&quot;title&quot;:&quot;02-source.jpg&quot;,&quot;originalSize&quot;:&quot;3024x4032&quot;,&quot;assetUrl&quot;:&quot;https://images.squarespace-cdn.com/content/v1/6914262184e7d41fe3ac8966/030d3822-efa2-4fba-8dfc-cf43ee8499f1/02-source.jpg&quot;,&quot;mediaFocalPoint&quot;:{&quot;x&quot;:0.5,&quot;y&quot;:0.5,&quot;source&quot;:3}},{&quot;title&quot;:&quot;03-source.png&quot;,&quot;originalSize&quot;:&quot;1468x1840&quot;,&quot;assetUrl&quot;:&quot;https://images.squarespace-cdn.com/content/v1/6914262184e7d41fe3ac8966/8de06edc-3021-4c46-8bd8-970c340efc59/03-source.png&quot;,&quot;mediaFocalPoint&quot;:{&quot;x&quot;:0.5,&quot;y&quot;:0.5,&quot;source&quot;:3}},{&quot;title&quot;:&quot;04-source.jpg&quot;,&quot;originalSize&quot;:&quot;3024x4032&quot;,&quot;assetUrl&quot;:&quot;https://images.squarespace-cdn.com/content/v1/6914262184e7d41fe3ac8966/a3e504f8-a7a0-4787-904a-addeffa3274a/04-source.jpg&quot;,&quot;mediaFocalPoint&quot;:{&quot;x&quot;:0.5,&quot;y&quot;:0.5,&quot;source&quot;:3}},{&quot;title&quot;:&quot;05-source.png&quot;,&quot;originalSize&quot;:&quot;2456x1958&quot;,&quot;assetUrl&quot;:&quot;https://images.squarespace-cdn.com/content/v1/6914262184e7d41fe3ac8966/bc95dd91-6536-429b-9823-edc65cb17aec/05-source.png&quot;,&quot;mediaFocalPoint&quot;:{&quot;x&quot;:0.5,&quot;y&quot;:0.5,&quot;source&quot;:3}}],&quot;fullUrl&quot;:&quot;/shop/p/gentleman-suit-pen-holder-office-decor-organizer-2274617&quot;,&quot;urlSlug&quot;:&quot;gentleman-suit-pen-holder-office-decor-organizer-2274617&quot;,&quot;qtyInStock&quot;:9223372036854775807,&quot;allowMultiplePurchase&quot;:true,&quot;scarce&quot;:false,&quot;published&quot;:true,&quot;tags&quot;:[&quot;MakerWorld&quot;,&quot;Commercial-safe&quot;,&quot;Made"
"snowflakes-3d-1907342","https://www.augnach.com/shop/p/snowflakes-3d-1907342","200","6","Snowflakes 3D","https://images.squarespace-cdn.com/content/v1/6914262184e7d41fe3ac8966/31c59ea1-5c9e-41e8-9879-16c692929488/04-source.jpg | https://images.squarespace-cdn.com/content/v1/6914262184e7d41fe3ac8966/810ceba2-048e-4c58-b502-7eec0054fcf7/01-source.jpg | https://images.squarespace-cdn.com/content/v1/6914262184e7d41fe3ac8966/810ceba2-048e-4c58-b502-7eec0054fcf7/01-source.jpg&quot;,&quot;mediaFocalPoint&quot;:{&quot;x&quot;:0.5,&quot;y&quot;:0.5,&quot;source&quot;:3}},{&quot;title&quot;:&quot;02-source.jpg&quot;,&quot;originalSize&quot;:&quot;4000x1800&quot;,&quot;assetUrl&quot;:&quot;https://images.squarespace-cdn.com/content/v1/6914262184e7d41fe3ac8966/8bdd3b12-e6f9-4214-a9bc-ff2386de4c3a/02-source.jpg&quot;,&quot;mediaFocalPoint&quot;:{&quot;x&quot;:0.5,&quot;y&quot;:0.5,&quot;source&quot;:3}},{&quot;title&quot;:&quot;03-source.jpg&quot;,&quot;originalSize&quot;:&quot;4000x1800&quot;,&quot;assetUrl&quot;:&quot;https://images.squarespace-cdn.com/content/v1/6914262184e7d41fe3ac8966/db6b361d-366d-4968-a1af-0f6ebd115cca/03-source.jpg&quot;,&quot;mediaFocalPoint&quot;:{&quot;x&quot;:0.5,&quot;y&quot;:0.5,&quot;source&quot;:3}},{&quot;title&quot;:&quot;04-source.jpg&quot;,&quot;originalSize&quot;:&quot;4000x1800&quot;,&quot;assetUrl&quot;:&quot;https://images.squarespace-cdn.com/content/v1/6914262184e7d41fe3ac8966/31c59ea1-5c9e-41e8-9879-16c692929488/04-source.jpg&quot;,&quot;mediaFocalPoint&quot;:{&quot;x&quot;:0.5,&quot;y&quot;:0.5,&quot;source&quot;:3}},{&quot;title&quot;:&quot;05-source.jpg&quot;,&quot;originalSize&quot;:&quot;1536x672&quot;,&quot;assetUrl&quot;:&quot;https://images.squarespace-cdn.com/content/v1/6914262184e7d41fe3ac8966/f77e852f-929a-436b-94cf-7c5277f3f501/05-source.jpg&quot;,&quot;mediaFocalPoint&quot;:{&quot;x&quot;:0.5,&quot;y&quot;:0.5,&quot;source&quot;:3}}],&quot;fullUrl&quot;:&quot;/shop/p/snowflakes-3d-1907342&quot;,&quot;urlSlug&quot;:&quot;snowflakes-3d-1907342&quot;,&quot;qtyInStock&quot;:9223372036854775807,&quot;allowMultiplePurchase&quot;:true,&quot;scarce&quot;:false,&quot;published&quot;:true,&quot;tags&quot;:[&quot;MakerWorld&quot;,&quot;Commercial-safe&quot;,&quot;Made | https://images.squarespace-cdn.com/content/v1/6914262184e7d41fe3ac8966/8bdd3b12-e6f9-4214-a9bc-ff2386de4c3a/02-source.jpg | https://images.squarespace-cdn.com/content/v1/6914262184e7d41fe3ac8966/db6b361d-366d-4968-a1af-0f6ebd115cca/03-source.jpg | https://images.squarespace-cdn.com/content/v1/6914262184e7d41fe3ac8966/f77e852f-929a-436b-94cf-7c5277f3f501/05-source.jpg"
"dryer-lint-trap-vacuum-attachment-and-extension-2161937","https://www.augnach.com/shop/p/dryer-lint-trap-vacuum-attachment-and-extension-2161937","200","6","Dryer Lint Trap Vacuum Attachment and Extension","https://images.squarespace-cdn.com/content/v1/6914262184e7d41fe3ac8966/0bb9f523-3c39-4c65-8d2e-48c1a978ace3/01-source.jpeg | https://images.squarespace-cdn.com/content/v1/6914262184e7d41fe3ac8966/0bb9f523-3c39-4c65-8d2e-48c1a978ace3/01-source.jpeg&quot;,&quot;mediaFocalPoint&quot;:{&quot;x&quot;:0.5,&quot;y&quot;:0.5,&quot;source&quot;:3}},{&quot;title&quot;:&quot;02-source.jpeg&quot;,&quot;originalSize&quot;:&quot;2016x1512&quot;,&quot;assetUrl&quot;:&quot;https://images.squarespace-cdn.com/content/v1/6914262184e7d41fe3ac8966/aeed368c-ee8c-460e-97b9-d03e56cf3a6d/02-source.jpeg&quot;,&quot;mediaFocalPoint&quot;:{&quot;x&quot;:0.5,&quot;y&quot;:0.5,&quot;source&quot;:3}},{&quot;title&quot;:&quot;03-source.jpeg&quot;,&quot;originalSize&quot;:&quot;2016x1512&quot;,&quot;assetUrl&quot;:&quot;https://images.squarespace-cdn.com/content/v1/6914262184e7d41fe3ac8966/d18dac80-2487-4eb4-bbbd-a97410cfd8c8/03-source.jpeg&quot;,&quot;mediaFocalPoint&quot;:{&quot;x&quot;:0.5,&quot;y&quot;:0.5,&quot;source&quot;:3}},{&quot;title&quot;:&quot;04-source.jpeg&quot;,&quot;originalSize&quot;:&quot;2016x1512&quot;,&quot;assetUrl&quot;:&quot;https://images.squarespace-cdn.com/content/v1/6914262184e7d41fe3ac8966/346924e6-36b5-4145-b3d9-c629cf7f1720/04-source.jpeg&quot;,&quot;mediaFocalPoint&quot;:{&quot;x&quot;:0.5,&quot;y&quot;:0.5,&quot;source&quot;:3}},{&quot;title&quot;:&quot;05-source.jpeg&quot;,&quot;originalSize&quot;:&quot;2016x1512&quot;,&quot;assetUrl&quot;:&quot;https://images.squarespace-cdn.com/content/v1/6914262184e7d41fe3ac8966/64f8b85d-be09-4f37-b332-53860070450e/05-source.jpeg&quot;,&quot;mediaFocalPoint&quot;:{&quot;x&quot;:0.5,&quot;y&quot;:0.5,&quot;source&quot;:3}}],&quot;fullUrl&quot;:&quot;/shop/p/dryer-lint-trap-vacuum-attachment-and-extension-2161937&quot;,&quot;urlSlug&quot;:&quot;dryer-lint-trap-vacuum-attachment-and-extension-2161937&quot;,&quot;qtyInStock&quot;:9223372036854775807,&quot;allowMultiplePurchase&quot;:true,&quot;scarce&quot;:false,&quot;published&quot;:true,&quot;tags&quot;:[&quot;MakerWorld&quot;,&quot;Commercial-safe&quot;,&quot;Made | https://images.squarespace-cdn.com/content/v1/6914262184e7d41fe3ac8966/346924e6-36b5-4145-b3d9-c629cf7f1720/04-source.jpeg | https://images.squarespace-cdn.com/content/v1/6914262184e7d41fe3ac8966/64f8b85d-be09-4f37-b332-53860070450e/05-source.jpeg | https://images.squarespace-cdn.com/content/v1/6914262184e7d41fe3ac8966/aeed368c-ee8c-460e-97b9-d03e56cf3a6d/02-source.jpeg | https://images.squarespace-cdn.com/content/v1/6914262184e7d41fe3ac8966/d18dac80-2487-4eb4-bbbd-a97410cfd8c8/03-source.jpeg"
"buste-terminator-v2-1506292","https://www.augnach.com/shop/p/buste-terminator-v2-1506292","200","6","Buste Terminator V2","https://images.squarespace-cdn.com/content/v1/6914262184e7d41fe3ac8966/30d71577-1991-4bf4-b614-9229bffb1398/terminator-bust-1492210-01.jpg | https://images.squarespace-cdn.com/content/v1/6914262184e7d41fe3ac8966/30d71577-1991-4bf4-b614-9229bffb1398/terminator-bust-1492210-01.jpg&quot;,&quot;mediaFocalPoint&quot;:{&quot;x&quot;:0.5,&quot;y&quot;:0.5,&quot;source&quot;:3}},{&quot;title&quot;:&quot;terminator-bust-1492210-02.jpg&quot;,&quot;originalSize&quot;:&quot;718x953&quot;,&quot;assetUrl&quot;:&quot;https://images.squarespace-cdn.com/content/v1/6914262184e7d41fe3ac8966/61d52f7f-a347-443c-983c-633bf9fce9e9/terminator-bust-1492210-02.jpg&quot;,&quot;mediaFocalPoint&quot;:{&quot;x&quot;:0.5,&quot;y&quot;:0.5,&quot;source&quot;:3}},{&quot;title&quot;:&quot;terminator-bust-1492210-03.jpg&quot;,&quot;originalSize&quot;:&quot;718x953&quot;,&quot;assetUrl&quot;:&quot;https://images.squarespace-cdn.com/content/v1/6914262184e7d41fe3ac8966/ecd6355d-c23c-4080-856b-02a3a2c751d2/terminator-bust-1492210-03.jpg&quot;,&quot;mediaFocalPoint&quot;:{&quot;x&quot;:0.5,&quot;y&quot;:0.5,&quot;source&quot;:3}},{&quot;title&quot;:&quot;terminator-bust-1492210-04.png&quot;,&quot;originalSize&quot;:&quot;718x538&quot;,&quot;assetUrl&quot;:&quot;https://images.squarespace-cdn.com/content/v1/6914262184e7d41fe3ac8966/4215b44a-069b-4ace-815c-e0a7e46a6ea4/terminator-bust-1492210-04.png&quot;,&quot;mediaFocalPoint&quot;:{&quot;x&quot;:0.5,&quot;y&quot;:0.5,&quot;source&quot;:3}},{&quot;title&quot;:&quot;terminator-bust-1492210-05.png&quot;,&quot;originalSize&quot;:&quot;714x953&quot;,&quot;assetUrl&quot;:&quot;https://images.squarespace-cdn.com/content/v1/6914262184e7d41fe3ac8966/441dde68-1310-49f4-90cb-6385feda7f78/terminator-bust-1492210-05.png&quot;,&quot;mediaFocalPoint&quot;:{&quot;x&quot;:0.5,&quot;y&quot;:0.5,&quot;source&quot;:3}}],&quot;fullUrl&quot;:&quot;/shop/p/buste-terminator-v2-1506292&quot;,&quot;urlSlug&quot;:&quot;buste-terminator-v2-1506292&quot;,&quot;qtyInStock&quot;:9223372036854775807,&quot;allowMultiplePurchase&quot;:true,&quot;scarce&quot;:false,&quot;published&quot;:true,&quot;tags&quot;:[&quot;MakerWorld&quot;,&quot;Commercial-safe&quot;,&quot;Made | https://images.squarespace-cdn.com/content/v1/6914262184e7d41fe3ac8966/4215b44a-069b-4ace-815c-e0a7e46a6ea4/terminator-bust-1492210-04.png | https://images.squarespace-cdn.com/content/v1/6914262184e7d41fe3ac8966/441dde68-1310-49f4-90cb-6385feda7f78/terminator-bust-1492210-05.png | https://images.squarespace-cdn.com/content/v1/6914262184e7d41fe3ac8966/61d52f7f-a347-443c-983c-633bf9fce9e9/terminator-bust-1492210-02.jpg | https://images.squarespace-cdn.com/content/v1/6914262184e7d41fe3ac8966/ecd6355d-c23c-4080-856b-02a3a2c751d2/terminator-bust-1492210-03.jpg"
"christmas-tree-with-star-82635","https://www.augnach.com/shop/p/christmas-tree-with-star-82635","200","6","Christmas Tree with Star","https://images.squarespace-cdn.com/content/v1/6914262184e7d41fe3ac8966/5806b42d-5938-41c4-adab-a55402d45eb3/05-source.jpg | https://images.squarespace-cdn.com/content/v1/6914262184e7d41fe3ac8966/5aa07398-a79f-4b46-834a-87a5886c7354/04-source.jpg | https://images.squarespace-cdn.com/content/v1/6914262184e7d41fe3ac8966/5db0c841-1b75-4f24-a86e-64b49e042834/03-source.jpg | https://images.squarespace-cdn.com/content/v1/6914262184e7d41fe3ac8966/a0074949-0d0c-43f5-8f46-9a7c1cf0c4a2/02-source.jpg | https://images.squarespace-cdn.com/content/v1/6914262184e7d41fe3ac8966/e296099d-4d64-4dd7-bff2-5f2b3f242316/01-source.jpg | https://images.squarespace-cdn.com/content/v1/6914262184e7d41fe3ac8966/e296099d-4d64-4dd7-bff2-5f2b3f242316/01-source.jpg&quot;,&quot;mediaFocalPoint&quot;:{&quot;x&quot;:0.5,&quot;y&quot;:0.5,&quot;source&quot;:3}},{&quot;title&quot;:&quot;02-source.jpg&quot;,&quot;originalSize&quot;:&quot;1080x1440&quot;,&quot;assetUrl&quot;:&quot;https://images.squarespace-cdn.com/content/v1/6914262184e7d41fe3ac8966/a0074949-0d0c-43f5-8f46-9a7c1cf0c4a2/02-source.jpg&quot;,&quot;mediaFocalPoint&quot;:{&quot;x&quot;:0.5,&quot;y&quot;:0.5,&quot;source&quot;:3}},{&quot;title&quot;:&quot;03-source.jpg&quot;,&quot;originalSize&quot;:&quot;1080x1440&quot;,&quot;assetUrl&quot;:&quot;https://images.squarespace-cdn.com/content/v1/6914262184e7d41fe3ac8966/5db0c841-1b75-4f24-a86e-64b49e042834/03-source.jpg&quot;,&quot;mediaFocalPoint&quot;:{&quot;x&quot;:0.5,&quot;y&quot;:0.5,&quot;source&quot;:3}},{&quot;title&quot;:&quot;04-source.jpg&quot;,&quot;originalSize&quot;:&quot;1080x1440&quot;,&quot;assetUrl&quot;:&quot;https://images.squarespace-cdn.com/content/v1/6914262184e7d41fe3ac8966/5aa07398-a79f-4b46-834a-87a5886c7354/04-source.jpg&quot;,&quot;mediaFocalPoint&quot;:{&quot;x&quot;:0.5,&quot;y&quot;:0.5,&quot;source&quot;:3}},{&quot;title&quot;:&quot;05-source.jpg&quot;,&quot;originalSize&quot;:&quot;1920x1440&quot;,&quot;assetUrl&quot;:&quot;https://images.squarespace-cdn.com/content/v1/6914262184e7d41fe3ac8966/5806b42d-5938-41c4-adab-a55402d45eb3/05-source.jpg&quot;,&quot;mediaFocalPoint&quot;:{&quot;x&quot;:0.5,&quot;y&quot;:0.5,&quot;source&quot;:3}}],&quot;fullUrl&quot;:&quot;/shop/p/christmas-tree-with-star-82635&quot;,&quot;urlSlug&quot;:&quot;christmas-tree-with-star-82635&quot;,&quot;qtyInStock&quot;:9223372036854775807,&quot;allowMultiplePurchase&quot;:true,&quot;scarce&quot;:false,&quot;published&quot;:true,&quot;tags&quot;:[&quot;MakerWorld&quot;,&quot;Commercial-safe&quot;,&quot;Made"
"baby-groot-controller-holder-a1-mini-2068528","https://www.augnach.com/shop/p/baby-groot-controller-holder-a1-mini-2068528","200","6","Baby Groot Controller Holder A1 Mini","https://images.squarespace-cdn.com/content/v1/6914262184e7d41fe3ac8966/0a0d0d1a-df29-40f0-aa55-b7206d477c8c/01-source.jpg | https://images.squarespace-cdn.com/content/v1/6914262184e7d41fe3ac8966/0a0d0d1a-df29-40f0-aa55-b7206d477c8c/01-source.jpg&quot;,&quot;mediaFocalPoint&quot;:{&quot;x&quot;:0.5,&quot;y&quot;:0.5,&quot;source&quot;:3}},{&quot;title&quot;:&quot;02-source.jpg&quot;,&quot;originalSize&quot;:&quot;1920x2560&quot;,&quot;assetUrl&quot;:&quot;https://images.squarespace-cdn.com/content/v1/6914262184e7d41fe3ac8966/af50b94f-a64e-4507-9cf1-42a1ddb17a3f/02-source.jpg&quot;,&quot;mediaFocalPoint&quot;:{&quot;x&quot;:0.5,&quot;y&quot;:0.5,&quot;source&quot;:3}},{&quot;title&quot;:&quot;03-source.jpg&quot;,&quot;originalSize&quot;:&quot;1920x2560&quot;,&quot;assetUrl&quot;:&quot;https://images.squarespace-cdn.com/content/v1/6914262184e7d41fe3ac8966/866f7463-664d-4a90-b085-38dc4b8ef862/03-source.jpg&quot;,&quot;mediaFocalPoint&quot;:{&quot;x&quot;:0.5,&quot;y&quot;:0.5,&quot;source&quot;:3}},{&quot;title&quot;:&quot;04-source.jpg&quot;,&quot;originalSize&quot;:&quot;1920x2560&quot;,&quot;assetUrl&quot;:&quot;https://images.squarespace-cdn.com/content/v1/6914262184e7d41fe3ac8966/a9408841-2eeb-4e38-bfcd-5291ff42eb7f/04-source.jpg&quot;,&quot;mediaFocalPoint&quot;:{&quot;x&quot;:0.5,&quot;y&quot;:0.5,&quot;source&quot;:3}},{&quot;title&quot;:&quot;05-source.jpg&quot;,&quot;originalSize&quot;:&quot;1080x810&quot;,&quot;assetUrl&quot;:&quot;https://images.squarespace-cdn.com/content/v1/6914262184e7d41fe3ac8966/4bc50a88-96e2-48bb-8267-26c8aa32d427/05-source.jpg&quot;,&quot;mediaFocalPoint&quot;:{&quot;x&quot;:0.5,&quot;y&quot;:0.5,&quot;source&quot;:3}}],&quot;fullUrl&quot;:&quot;/shop/p/baby-groot-controller-holder-a1-mini-2068528&quot;,&quot;urlSlug&quot;:&quot;baby-groot-controller-holder-a1-mini-2068528&quot;,&quot;qtyInStock&quot;:9223372036854775807,&quot;allowMultiplePurchase&quot;:true,&quot;scarce&quot;:false,&quot;published&quot;:true,&quot;tags&quot;:[&quot;MakerWorld&quot;,&quot;Commercial-safe&quot;,&quot;Made | https://images.squarespace-cdn.com/content/v1/6914262184e7d41fe3ac8966/4bc50a88-96e2-48bb-8267-26c8aa32d427/05-source.jpg | https://images.squarespace-cdn.com/content/v1/6914262184e7d41fe3ac8966/866f7463-664d-4a90-b085-38dc4b8ef862/03-source.jpg | https://images.squarespace-cdn.com/content/v1/6914262184e7d41fe3ac8966/a9408841-2eeb-4e38-bfcd-5291ff42eb7f/04-source.jpg | https://images.squarespace-cdn.com/content/v1/6914262184e7d41fe3ac8966/af50b94f-a64e-4507-9cf1-42a1ddb17a3f/02-source.jpg"
"construction-engineer-helmet-key-ring-2369435","https://www.augnach.com/shop/p/construction-engineer-helmet-key-ring-2369435","200","6","Construction/Engineer Helmet Key Ring","https://images.squarespace-cdn.com/content/v1/6914262184e7d41fe3ac8966/210b4019-296d-408a-b125-41a47efa0c03/03-source.jpg | https://images.squarespace-cdn.com/content/v1/6914262184e7d41fe3ac8966/24dc7c7a-baaf-4d81-b8df-23e4dbe932a2/01-source.jpg | https://images.squarespace-cdn.com/content/v1/6914262184e7d41fe3ac8966/24dc7c7a-baaf-4d81-b8df-23e4dbe932a2/01-source.jpg&quot;,&quot;mediaFocalPoint&quot;:{&quot;x&quot;:0.5,&quot;y&quot;:0.5,&quot;source&quot;:3}},{&quot;title&quot;:&quot;02-source.jpg&quot;,&quot;originalSize&quot;:&quot;1024x1536&quot;,&quot;assetUrl&quot;:&quot;https://images.squarespace-cdn.com/content/v1/6914262184e7d41fe3ac8966/253f12f7-a667-4f54-95e6-072927392f50/02-source.jpg&quot;,&quot;mediaFocalPoint&quot;:{&quot;x&quot;:0.5,&quot;y&quot;:0.5,&quot;source&quot;:3}},{&quot;title&quot;:&quot;03-source.jpg&quot;,&quot;originalSize&quot;:&quot;1536x2048&quot;,&quot;assetUrl&quot;:&quot;https://images.squarespace-cdn.com/content/v1/6914262184e7d41fe3ac8966/210b4019-296d-408a-b125-41a47efa0c03/03-source.jpg&quot;,&quot;mediaFocalPoint&quot;:{&quot;x&quot;:0.5,&quot;y&quot;:0.5,&quot;source&quot;:3}},{&quot;title&quot;:&quot;04-source.jpg&quot;,&quot;originalSize&quot;:&quot;1024x1536&quot;,&quot;assetUrl&quot;:&quot;https://images.squarespace-cdn.com/content/v1/6914262184e7d41fe3ac8966/4276c364-6080-4e70-adfc-17cb041a34b9/04-source.jpg&quot;,&quot;mediaFocalPoint&quot;:{&quot;x&quot;:0.5,&quot;y&quot;:0.5,&quot;source&quot;:3}},{&quot;title&quot;:&quot;05-source.jpg&quot;,&quot;originalSize&quot;:&quot;960x720&quot;,&quot;assetUrl&quot;:&quot;https://images.squarespace-cdn.com/content/v1/6914262184e7d41fe3ac8966/7933250b-7cd3-43f0-a60a-ee219759ec3d/05-source.jpg&quot;,&quot;mediaFocalPoint&quot;:{&quot;x&quot;:0.5,&quot;y&quot;:0.5,&quot;source&quot;:3}}],&quot;fullUrl&quot;:&quot;/shop/p/construction-engineer-helmet-key-ring-2369435&quot;,&quot;urlSlug&quot;:&quot;construction-engineer-helmet-key-ring-2369435&quot;,&quot;qtyInStock&quot;:9223372036854775807,&quot;allowMultiplePurchase&quot;:true,&quot;scarce&quot;:false,&quot;published&quot;:true,&quot;tags&quot;:[&quot;MakerWorld&quot;,&quot;Commercial-safe&quot;,&quot;Made | https://images.squarespace-cdn.com/content/v1/6914262184e7d41fe3ac8966/253f12f7-a667-4f54-95e6-072927392f50/02-source.jpg | https://images.squarespace-cdn.com/content/v1/6914262184e7d41fe3ac8966/4276c364-6080-4e70-adfc-17cb041a34b9/04-source.jpg | https://images.squarespace-cdn.com/content/v1/6914262184e7d41fe3ac8966/7933250b-7cd3-43f0-a60a-ee219759ec3d/05-source.jpg"
"gridfinity-cotton-pad-q-tip-dispenser-2145244","https://www.augnach.com/shop/p/gridfinity-cotton-pad-q-tip-dispenser-2145244","200","6","Gridfinity Cotton Pad & Q-Tip Dispenser","https://images.squarespace-cdn.com/content/v1/6914262184e7d41fe3ac8966/46f90129-0571-4625-8bef-4ecb8b622de3/04-source.png | https://images.squarespace-cdn.com/content/v1/6914262184e7d41fe3ac8966/6465f799-58a5-4097-9528-f46fc95397ca/03-source.png | https://images.squarespace-cdn.com/content/v1/6914262184e7d41fe3ac8966/68c64d83-ff9d-48ce-aba1-074345fc9a48/02-source.png | https://images.squarespace-cdn.com/content/v1/6914262184e7d41fe3ac8966/7a1c5d6e-be86-4294-a9d1-daedfd309b82/05-source.png | https://images.squarespace-cdn.com/content/v1/6914262184e7d41fe3ac8966/cd13e7e7-0519-4e13-bab1-7691f2002f77/01-source.png | https://images.squarespace-cdn.com/content/v1/6914262184e7d41fe3ac8966/cd13e7e7-0519-4e13-bab1-7691f2002f77/01-source.png&quot;,&quot;mediaFocalPoint&quot;:{&quot;x&quot;:0.5,&quot;y&quot;:0.5,&quot;source&quot;:3}},{&quot;title&quot;:&quot;02-source.png&quot;,&quot;originalSize&quot;:&quot;921x1231&quot;,&quot;assetUrl&quot;:&quot;https://images.squarespace-cdn.com/content/v1/6914262184e7d41fe3ac8966/68c64d83-ff9d-48ce-aba1-074345fc9a48/02-source.png&quot;,&quot;mediaFocalPoint&quot;:{&quot;x&quot;:0.5,&quot;y&quot;:0.5,&quot;source&quot;:3}},{&quot;title&quot;:&quot;03-source.png&quot;,&quot;originalSize&quot;:&quot;607x853&quot;,&quot;assetUrl&quot;:&quot;https://images.squarespace-cdn.com/content/v1/6914262184e7d41fe3ac8966/6465f799-58a5-4097-9528-f46fc95397ca/03-source.png&quot;,&quot;mediaFocalPoint&quot;:{&quot;x&quot;:0.5,&quot;y&quot;:0.5,&quot;source&quot;:3}},{&quot;title&quot;:&quot;04-source.png&quot;,&quot;originalSize&quot;:&quot;916x1157&quot;,&quot;assetUrl&quot;:&quot;https://images.squarespace-cdn.com/content/v1/6914262184e7d41fe3ac8966/46f90129-0571-4625-8bef-4ecb8b622de3/04-source.png&quot;,&quot;mediaFocalPoint&quot;:{&quot;x&quot;:0.5,&quot;y&quot;:0.5,&quot;source&quot;:3}},{&quot;title&quot;:&quot;05-source.png&quot;,&quot;originalSize&quot;:&quot;954x715&quot;,&quot;assetUrl&quot;:&quot;https://images.squarespace-cdn.com/content/v1/6914262184e7d41fe3ac8966/7a1c5d6e-be86-4294-a9d1-daedfd309b82/05-source.png&quot;,&quot;mediaFocalPoint&quot;:{&quot;x&quot;:0.5,&quot;y&quot;:0.5,&quot;source&quot;:3}}],&quot;fullUrl&quot;:&quot;/shop/p/gridfinity-cotton-pad-q-tip-dispenser-2145244&quot;,&quot;urlSlug&quot;:&quot;gridfinity-cotton-pad-q-tip-dispenser-2145244&quot;,&quot;qtyInStock&quot;:9223372036854775807,&quot;allowMultiplePurchase&quot;:true,&quot;scarce&quot;:false,&quot;published&quot;:true,&quot;tags&quot;:[&quot;MakerWorld&quot;,&quot;Commercial-safe&quot;,&quot;Made"
"racing-seat-phone-stand-with-roll-cage-76916","https://www.augnach.com/shop/p/racing-seat-phone-stand-with-roll-cage-76916","200","6","Racing Seat Phone Stand with Roll Cage","https://images.squarespace-cdn.com/content/v1/6914262184e7d41fe3ac8966/47ee7c47-8716-4a84-8854-dd37a1f7a6d5/04-source.jpg | https://images.squarespace-cdn.com/content/v1/6914262184e7d41fe3ac8966/675f19c5-f3c9-4db6-87d6-f6107e382761/03-source.jpg | https://images.squarespace-cdn.com/content/v1/6914262184e7d41fe3ac8966/bf806624-edc8-4882-8f5b-3c250e635acf/01-source.jpg | https://images.squarespace-cdn.com/content/v1/6914262184e7d41fe3ac8966/bf806624-edc8-4882-8f5b-3c250e635acf/01-source.jpg&quot;,&quot;mediaFocalPoint&quot;:{&quot;x&quot;:0.5,&quot;y&quot;:0.5,&quot;source&quot;:3}},{&quot;title&quot;:&quot;02-source.png&quot;,&quot;originalSize&quot;:&quot;459x504&quot;,&quot;assetUrl&quot;:&quot;https://images.squarespace-cdn.com/content/v1/6914262184e7d41fe3ac8966/d6760c86-cebd-4c89-86c0-94cc610bf90e/02-source.png&quot;,&quot;mediaFocalPoint&quot;:{&quot;x&quot;:0.5,&quot;y&quot;:0.5,&quot;source&quot;:3}},{&quot;title&quot;:&quot;03-source.jpg&quot;,&quot;originalSize&quot;:&quot;1532x2048&quot;,&quot;assetUrl&quot;:&quot;https://images.squarespace-cdn.com/content/v1/6914262184e7d41fe3ac8966/675f19c5-f3c9-4db6-87d6-f6107e382761/03-source.jpg&quot;,&quot;mediaFocalPoint&quot;:{&quot;x&quot;:0.5,&quot;y&quot;:0.5,&quot;source&quot;:3}},{&quot;title&quot;:&quot;04-source.jpg&quot;,&quot;originalSize&quot;:&quot;1532x2048&quot;,&quot;assetUrl&quot;:&quot;https://images.squarespace-cdn.com/content/v1/6914262184e7d41fe3ac8966/47ee7c47-8716-4a84-8854-dd37a1f7a6d5/04-source.jpg&quot;,&quot;mediaFocalPoint&quot;:{&quot;x&quot;:0.5,&quot;y&quot;:0.5,&quot;source&quot;:3}},{&quot;title&quot;:&quot;05-source.jpg&quot;,&quot;originalSize&quot;:&quot;1532x2048&quot;,&quot;assetUrl&quot;:&quot;https://images.squarespace-cdn.com/content/v1/6914262184e7d41fe3ac8966/d5a0cb79-28eb-46c7-bedd-2cc9afc462d0/05-source.jpg&quot;,&quot;mediaFocalPoint&quot;:{&quot;x&quot;:0.5,&quot;y&quot;:0.5,&quot;source&quot;:3}}],&quot;fullUrl&quot;:&quot;/shop/p/racing-seat-phone-stand-with-roll-cage-76916&quot;,&quot;urlSlug&quot;:&quot;racing-seat-phone-stand-with-roll-cage-76916&quot;,&quot;qtyInStock&quot;:9223372036854775807,&quot;allowMultiplePurchase&quot;:true,&quot;scarce&quot;:false,&quot;published&quot;:true,&quot;tags&quot;:[&quot;MakerWorld&quot;,&quot;Commercial-safe&quot;,&quot;Made | https://images.squarespace-cdn.com/content/v1/6914262184e7d41fe3ac8966/d5a0cb79-28eb-46c7-bedd-2cc9afc462d0/05-source.jpg | https://images.squarespace-cdn.com/content/v1/6914262184e7d41fe3ac8966/d6760c86-cebd-4c89-86c0-94cc610bf90e/02-source.png"
"moto-gp-calendar-support-2060595","https://www.augnach.com/shop/p/moto-gp-calendar-support-2060595","200","6","Moto GP Calendar Support","https://images.squarespace-cdn.com/content/v1/6914262184e7d41fe3ac8966/3116212f-a021-43f5-a927-945dc6623d2a/02-source.jpg | https://images.squarespace-cdn.com/content/v1/6914262184e7d41fe3ac8966/3f6356c2-ad44-4adc-af74-a401fc61fe68/01-source.jpg | https://images.squarespace-cdn.com/content/v1/6914262184e7d41fe3ac8966/3f6356c2-ad44-4adc-af74-a401fc61fe68/01-source.jpg&quot;,&quot;mediaFocalPoint&quot;:{&quot;x&quot;:0.5,&quot;y&quot;:0.5,&quot;source&quot;:3}},{&quot;title&quot;:&quot;02-source.jpg&quot;,&quot;originalSize&quot;:&quot;964x1280&quot;,&quot;assetUrl&quot;:&quot;https://images.squarespace-cdn.com/content/v1/6914262184e7d41fe3ac8966/3116212f-a021-43f5-a927-945dc6623d2a/02-source.jpg&quot;,&quot;mediaFocalPoint&quot;:{&quot;x&quot;:0.5,&quot;y&quot;:0.5,&quot;source&quot;:3}},{&quot;title&quot;:&quot;03-source.jpg&quot;,&quot;originalSize&quot;:&quot;964x1280&quot;,&quot;assetUrl&quot;:&quot;https://images.squarespace-cdn.com/content/v1/6914262184e7d41fe3ac8966/42f31d77-d7cb-44dc-8418-57ddcf83ebd1/03-source.jpg&quot;,&quot;mediaFocalPoint&quot;:{&quot;x&quot;:0.5,&quot;y&quot;:0.5,&quot;source&quot;:3}},{&quot;title&quot;:&quot;04-source.jpg&quot;,&quot;originalSize&quot;:&quot;964x1280&quot;,&quot;assetUrl&quot;:&quot;https://images.squarespace-cdn.com/content/v1/6914262184e7d41fe3ac8966/e00fd843-d18d-42a2-a126-eadd02da55f3/04-source.jpg&quot;,&quot;mediaFocalPoint&quot;:{&quot;x&quot;:0.5,&quot;y&quot;:0.5,&quot;source&quot;:3}},{&quot;title&quot;:&quot;05-source.jpg&quot;,&quot;originalSize&quot;:&quot;964x1280&quot;,&quot;assetUrl&quot;:&quot;https://images.squarespace-cdn.com/content/v1/6914262184e7d41fe3ac8966/971f42c6-7d5f-4a33-805c-c84801b8d9c1/05-source.jpg&quot;,&quot;mediaFocalPoint&quot;:{&quot;x&quot;:0.5,&quot;y&quot;:0.5,&quot;source&quot;:3}}],&quot;fullUrl&quot;:&quot;/shop/p/moto-gp-calendar-support-2060595&quot;,&quot;urlSlug&quot;:&quot;moto-gp-calendar-support-2060595&quot;,&quot;qtyInStock&quot;:9223372036854775807,&quot;allowMultiplePurchase&quot;:true,&quot;scarce&quot;:false,&quot;published&quot;:true,&quot;tags&quot;:[&quot;MakerWorld&quot;,&quot;Commercial-safe&quot;,&quot;Made | https://images.squarespace-cdn.com/content/v1/6914262184e7d41fe3ac8966/42f31d77-d7cb-44dc-8418-57ddcf83ebd1/03-source.jpg | https://images.squarespace-cdn.com/content/v1/6914262184e7d41fe3ac8966/971f42c6-7d5f-4a33-805c-c84801b8d9c1/05-source.jpg | https://images.squarespace-cdn.com/content/v1/6914262184e7d41fe3ac8966/e00fd843-d18d-42a2-a126-eadd02da55f3/04-source.jpg"
"microlab-2-mini-modular-home-server-rack-1792250","https://www.augnach.com/shop/p/microlab-2-mini-modular-home-server-rack-1792250","200","6","Microlab 2 - Mini Modular Home Server Rack","https://images.squarespace-cdn.com/content/v1/6914262184e7d41fe3ac8966/007491d4-3553-4c65-a805-96a4e0e9660d/04-source.jpg | https://images.squarespace-cdn.com/content/v1/6914262184e7d41fe3ac8966/386f1820-8ec8-4166-9bb0-fc7b4792bdcc/05-source.jpg | https://images.squarespace-cdn.com/content/v1/6914262184e7d41fe3ac8966/b927c198-49b0-4514-b656-3a5da59d4e96/01-source.jpg | https://images.squarespace-cdn.com/content/v1/6914262184e7d41fe3ac8966/b927c198-49b0-4514-b656-3a5da59d4e96/01-source.jpg&quot;,&quot;mediaFocalPoint&quot;:{&quot;x&quot;:0.5,&quot;y&quot;:0.5,&quot;source&quot;:3}},{&quot;title&quot;:&quot;02-source.jpg&quot;,&quot;originalSize&quot;:&quot;3024x4032&quot;,&quot;assetUrl&quot;:&quot;https://images.squarespace-cdn.com/content/v1/6914262184e7d41fe3ac8966/fc94a9e5-aca2-43cc-bdce-9c8435c02bd1/02-source.jpg&quot;,&quot;mediaFocalPoint&quot;:{&quot;x&quot;:0.5,&quot;y&quot;:0.5,&quot;source&quot;:3}},{&quot;title&quot;:&quot;03-source.jpg&quot;,&quot;originalSize&quot;:&quot;3024x4032&quot;,&quot;assetUrl&quot;:&quot;https://images.squarespace-cdn.com/content/v1/6914262184e7d41fe3ac8966/e818e376-b740-4a18-870d-d236b49227b5/03-source.jpg&quot;,&quot;mediaFocalPoint&quot;:{&quot;x&quot;:0.5,&quot;y&quot;:0.5,&quot;source&quot;:3}},{&quot;title&quot;:&quot;04-source.jpg&quot;,&quot;originalSize&quot;:&quot;3024x4032&quot;,&quot;assetUrl&quot;:&quot;https://images.squarespace-cdn.com/content/v1/6914262184e7d41fe3ac8966/007491d4-3553-4c65-a805-96a4e0e9660d/04-source.jpg&quot;,&quot;mediaFocalPoint&quot;:{&quot;x&quot;:0.5,&quot;y&quot;:0.5,&quot;source&quot;:3}},{&quot;title&quot;:&quot;05-source.jpg&quot;,&quot;originalSize&quot;:&quot;3024x4032&quot;,&quot;assetUrl&quot;:&quot;https://images.squarespace-cdn.com/content/v1/6914262184e7d41fe3ac8966/386f1820-8ec8-4166-9bb0-fc7b4792bdcc/05-source.jpg&quot;,&quot;mediaFocalPoint&quot;:{&quot;x&quot;:0.5,&quot;y&quot;:0.5,&quot;source&quot;:3}}],&quot;fullUrl&quot;:&quot;/shop/p/microlab-2-mini-modular-home-server-rack-1792250&quot;,&quot;urlSlug&quot;:&quot;microlab-2-mini-modular-home-server-rack-1792250&quot;,&quot;qtyInStock&quot;:9223372036854775807,&quot;allowMultiplePurchase&quot;:true,&quot;scarce&quot;:false,&quot;published&quot;:true,&quot;tags&quot;:[&quot;MakerWorld&quot;,&quot;Commercial-safe&quot;,&quot;Made | https://images.squarespace-cdn.com/content/v1/6914262184e7d41fe3ac8966/e818e376-b740-4a18-870d-d236b49227b5/03-source.jpg | https://images.squarespace-cdn.com/content/v1/6914262184e7d41fe3ac8966/fc94a9e5-aca2-43cc-bdce-9c8435c02bd1/02-source.jpg"
"cable-tidy-hole-cover-1761770","https://www.augnach.com/shop/p/cable-tidy-hole-cover-1761770","200","6","Cable Tidy Hole Cover","https://images.squarespace-cdn.com/content/v1/6914262184e7d41fe3ac8966/4b5980ae-e562-4c92-914e-98ced210d2f6/05-source.png | https://images.squarespace-cdn.com/content/v1/6914262184e7d41fe3ac8966/a3179ef7-575b-44cf-897c-3caebf6a042c/02-source.jpg | https://images.squarespace-cdn.com/content/v1/6914262184e7d41fe3ac8966/aeae0153-d488-46da-98f4-b267603d6131/04-source.png | https://images.squarespace-cdn.com/content/v1/6914262184e7d41fe3ac8966/da418443-7183-49a8-9c1f-66a2963dc4e0/03-source.jpg | https://images.squarespace-cdn.com/content/v1/6914262184e7d41fe3ac8966/e948ece4-e211-499d-a8bb-b6396ec5e7d5/01-source.jpg | https://images.squarespace-cdn.com/content/v1/6914262184e7d41fe3ac8966/e948ece4-e211-499d-a8bb-b6396ec5e7d5/01-source.jpg&quot;,&quot;mediaFocalPoint&quot;:{&quot;x&quot;:0.5,&quot;y&quot;:0.5,&quot;source&quot;:3}},{&quot;title&quot;:&quot;02-source.jpg&quot;,&quot;originalSize&quot;:&quot;3000x4000&quot;,&quot;assetUrl&quot;:&quot;https://images.squarespace-cdn.com/content/v1/6914262184e7d41fe3ac8966/a3179ef7-575b-44cf-897c-3caebf6a042c/02-source.jpg&quot;,&quot;mediaFocalPoint&quot;:{&quot;x&quot;:0.5,&quot;y&quot;:0.5,&quot;source&quot;:3}},{&quot;title&quot;:&quot;03-source.jpg&quot;,&quot;originalSize&quot;:&quot;3000x4000&quot;,&quot;assetUrl&quot;:&quot;https://images.squarespace-cdn.com/content/v1/6914262184e7d41fe3ac8966/da418443-7183-49a8-9c1f-66a2963dc4e0/03-source.jpg&quot;,&quot;mediaFocalPoint&quot;:{&quot;x&quot;:0.5,&quot;y&quot;:0.5,&quot;source&quot;:3}},{&quot;title&quot;:&quot;04-source.png&quot;,&quot;originalSize&quot;:&quot;1609x2145&quot;,&quot;assetUrl&quot;:&quot;https://images.squarespace-cdn.com/content/v1/6914262184e7d41fe3ac8966/aeae0153-d488-46da-98f4-b267603d6131/04-source.png&quot;,&quot;mediaFocalPoint&quot;:{&quot;x&quot;:0.5,&quot;y&quot;:0.5,&quot;source&quot;:3}},{&quot;title&quot;:&quot;05-source.png&quot;,&quot;originalSize&quot;:&quot;1080x810&quot;,&quot;assetUrl&quot;:&quot;https://images.squarespace-cdn.com/content/v1/6914262184e7d41fe3ac8966/4b5980ae-e562-4c92-914e-98ced210d2f6/05-source.png&quot;,&quot;mediaFocalPoint&quot;:{&quot;x&quot;:0.5,&quot;y&quot;:0.5,&quot;source&quot;:3}}],&quot;fullUrl&quot;:&quot;/shop/p/cable-tidy-hole-cover-1761770&quot;,&quot;urlSlug&quot;:&quot;cable-tidy-hole-cover-1761770&quot;,&quot;qtyInStock&quot;:9223372036854775807,&quot;allowMultiplePurchase&quot;:true,&quot;scarce&quot;:false,&quot;published&quot;:true,&quot;tags&quot;:[&quot;MakerWorld&quot;,&quot;Commercial-safe&quot;,&quot;Made"
"stranger-things-lightbox-2079555","https://www.augnach.com/shop/p/stranger-things-lightbox-2079555","200","6","Stranger Things Lightbox","https://images.squarespace-cdn.com/content/v1/6914262184e7d41fe3ac8966/360c9b7c-7fb2-4176-96ab-24f879aa2ccb/03-source.jpg | https://images.squarespace-cdn.com/content/v1/6914262184e7d41fe3ac8966/4f274fe8-d24e-4c88-8c6a-98355fa411ae/04-source.jpg | https://images.squarespace-cdn.com/content/v1/6914262184e7d41fe3ac8966/692d54e7-1dad-4a23-9756-9980af5f1722/05-source.jpg | https://images.squarespace-cdn.com/content/v1/6914262184e7d41fe3ac8966/a7039448-f11a-4954-a59d-8430362c2f21/02-source.jpg | https://images.squarespace-cdn.com/content/v1/6914262184e7d41fe3ac8966/b7a296d4-b27a-46e4-b899-df7ac9b6a15f/01-source.jpg | https://images.squarespace-cdn.com/content/v1/6914262184e7d41fe3ac8966/b7a296d4-b27a-46e4-b899-df7ac9b6a15f/01-source.jpg&quot;,&quot;mediaFocalPoint&quot;:{&quot;x&quot;:0.5,&quot;y&quot;:0.5,&quot;source&quot;:3}},{&quot;title&quot;:&quot;02-source.jpg&quot;,&quot;originalSize&quot;:&quot;3024x4032&quot;,&quot;assetUrl&quot;:&quot;https://images.squarespace-cdn.com/content/v1/6914262184e7d41fe3ac8966/a7039448-f11a-4954-a59d-8430362c2f21/02-source.jpg&quot;,&quot;mediaFocalPoint&quot;:{&quot;x&quot;:0.5,&quot;y&quot;:0.5,&quot;source&quot;:3}},{&quot;title&quot;:&quot;03-source.jpg&quot;,&quot;originalSize&quot;:&quot;3024x4032&quot;,&quot;assetUrl&quot;:&quot;https://images.squarespace-cdn.com/content/v1/6914262184e7d41fe3ac8966/360c9b7c-7fb2-4176-96ab-24f879aa2ccb/03-source.jpg&quot;,&quot;mediaFocalPoint&quot;:{&quot;x&quot;:0.5,&quot;y&quot;:0.5,&quot;source&quot;:3}},{&quot;title&quot;:&quot;04-source.jpg&quot;,&quot;originalSize&quot;:&quot;1920x1440&quot;,&quot;assetUrl&quot;:&quot;https://images.squarespace-cdn.com/content/v1/6914262184e7d41fe3ac8966/4f274fe8-d24e-4c88-8c6a-98355fa411ae/04-source.jpg&quot;,&quot;mediaFocalPoint&quot;:{&quot;x&quot;:0.5,&quot;y&quot;:0.5,&quot;source&quot;:3}},{&quot;title&quot;:&quot;05-source.jpg&quot;,&quot;originalSize&quot;:&quot;1080x1440&quot;,&quot;assetUrl&quot;:&quot;https://images.squarespace-cdn.com/content/v1/6914262184e7d41fe3ac8966/692d54e7-1dad-4a23-9756-9980af5f1722/05-source.jpg&quot;,&quot;mediaFocalPoint&quot;:{&quot;x&quot;:0.5,&quot;y&quot;:0.5,&quot;source&quot;:3}}],&quot;fullUrl&quot;:&quot;/shop/p/stranger-things-lightbox-2079555&quot;,&quot;urlSlug&quot;:&quot;stranger-things-lightbox-2079555&quot;,&quot;qtyInStock&quot;:9223372036854775807,&quot;allowMultiplePurchase&quot;:true,&quot;scarce&quot;:false,&quot;published&quot;:true,&quot;tags&quot;:[&quot;MakerWorld&quot;,&quot;Commercial-safe&quot;,&quot;Made"
"dino-squishmallow-1092555","https://www.augnach.com/shop/p/dino-squishmallow-1092555","200","6","Dino Squishmallow","https://images.squarespace-cdn.com/content/v1/6914262184e7d41fe3ac8966/63a3e194-8b61-4148-97bd-00308d1c1e7b/03-source.jpeg | https://images.squarespace-cdn.com/content/v1/6914262184e7d41fe3ac8966/6b141ce6-d65f-4be3-8fa3-0b8fee5efd75/05-source.jpeg | https://images.squarespace-cdn.com/content/v1/6914262184e7d41fe3ac8966/85068366-7f0e-494d-b671-4018de9a0bbc/02-source.jpeg | https://images.squarespace-cdn.com/content/v1/6914262184e7d41fe3ac8966/ac7cd96f-b8c8-41ea-a38b-ebe733a1a2e3/01-source.jpeg | https://images.squarespace-cdn.com/content/v1/6914262184e7d41fe3ac8966/ac7cd96f-b8c8-41ea-a38b-ebe733a1a2e3/01-source.jpeg&quot;,&quot;mediaFocalPoint&quot;:{&quot;x&quot;:0.5,&quot;y&quot;:0.5,&quot;source&quot;:3}},{&quot;title&quot;:&quot;02-source.jpeg&quot;,&quot;originalSize&quot;:&quot;1081x1440&quot;,&quot;assetUrl&quot;:&quot;https://images.squarespace-cdn.com/content/v1/6914262184e7d41fe3ac8966/85068366-7f0e-494d-b671-4018de9a0bbc/02-source.jpeg&quot;,&quot;mediaFocalPoint&quot;:{&quot;x&quot;:0.5,&quot;y&quot;:0.5,&quot;source&quot;:3}},{&quot;title&quot;:&quot;03-source.jpeg&quot;,&quot;originalSize&quot;:&quot;1081x1440&quot;,&quot;assetUrl&quot;:&quot;https://images.squarespace-cdn.com/content/v1/6914262184e7d41fe3ac8966/63a3e194-8b61-4148-97bd-00308d1c1e7b/03-source.jpeg&quot;,&quot;mediaFocalPoint&quot;:{&quot;x&quot;:0.5,&quot;y&quot;:0.5,&quot;source&quot;:3}},{&quot;title&quot;:&quot;04-source.jpeg&quot;,&quot;originalSize&quot;:&quot;1081x1440&quot;,&quot;assetUrl&quot;:&quot;https://images.squarespace-cdn.com/content/v1/6914262184e7d41fe3ac8966/dde4ea06-e7d1-45f4-93b6-de43256bf67c/04-source.jpeg&quot;,&quot;mediaFocalPoint&quot;:{&quot;x&quot;:0.5,&quot;y&quot;:0.5,&quot;source&quot;:3}},{&quot;title&quot;:&quot;05-source.jpeg&quot;,&quot;originalSize&quot;:&quot;1081x1440&quot;,&quot;assetUrl&quot;:&quot;https://images.squarespace-cdn.com/content/v1/6914262184e7d41fe3ac8966/6b141ce6-d65f-4be3-8fa3-0b8fee5efd75/05-source.jpeg&quot;,&quot;mediaFocalPoint&quot;:{&quot;x&quot;:0.5,&quot;y&quot;:0.5,&quot;source&quot;:3}}],&quot;fullUrl&quot;:&quot;/shop/p/dino-squishmallow-1092555&quot;,&quot;urlSlug&quot;:&quot;dino-squishmallow-1092555&quot;,&quot;qtyInStock&quot;:9223372036854775807,&quot;allowMultiplePurchase&quot;:true,&quot;scarce&quot;:false,&quot;published&quot;:true,&quot;tags&quot;:[&quot;MakerWorld&quot;,&quot;Commercial-safe&quot;,&quot;Made | https://images.squarespace-cdn.com/content/v1/6914262184e7d41fe3ac8966/dde4ea06-e7d1-45f4-93b6-de43256bf67c/04-source.jpeg"
"open-source-fully-printable-vacuum-turbine-set-2258847","https://www.augnach.com/shop/p/open-source-fully-printable-vacuum-turbine-set-2258847","200","6","Open Source Fully Printable Vacuum Turbine Set","https://images.squarespace-cdn.com/content/v1/6914262184e7d41fe3ac8966/13250211-457c-4cc0-aebc-067767ac4d51/03-source.jpg | https://images.squarespace-cdn.com/content/v1/6914262184e7d41fe3ac8966/594c3eac-ed02-42b1-90e7-7cffc2c02768/05-source.jpg | https://images.squarespace-cdn.com/content/v1/6914262184e7d41fe3ac8966/5e8c2e22-0ef9-44ba-8d2d-77d10bdcb550/04-source.jpg | https://images.squarespace-cdn.com/content/v1/6914262184e7d41fe3ac8966/781ec7c7-d944-4758-b8fc-18abcd9d29d1/02-source.jpg | https://images.squarespace-cdn.com/content/v1/6914262184e7d41fe3ac8966/9d4c064b-ccd3-4a57-8db5-a91adbf00a2a/01-source.jpg | https://images.squarespace-cdn.com/content/v1/6914262184e7d41fe3ac8966/9d4c064b-ccd3-4a57-8db5-a91adbf00a2a/01-source.jpg&quot;,&quot;mediaFocalPoint&quot;:{&quot;x&quot;:0.5,&quot;y&quot;:0.5,&quot;source&quot;:3}},{&quot;title&quot;:&quot;02-source.jpg&quot;,&quot;originalSize&quot;:&quot;2175x1631&quot;,&quot;assetUrl&quot;:&quot;https://images.squarespace-cdn.com/content/v1/6914262184e7d41fe3ac8966/781ec7c7-d944-4758-b8fc-18abcd9d29d1/02-source.jpg&quot;,&quot;mediaFocalPoint&quot;:{&quot;x&quot;:0.5,&quot;y&quot;:0.5,&quot;source&quot;:3}},{&quot;title&quot;:&quot;03-source.jpg&quot;,&quot;originalSize&quot;:&quot;1983x1487&quot;,&quot;assetUrl&quot;:&quot;https://images.squarespace-cdn.com/content/v1/6914262184e7d41fe3ac8966/13250211-457c-4cc0-aebc-067767ac4d51/03-source.jpg&quot;,&quot;mediaFocalPoint&quot;:{&quot;x&quot;:0.5,&quot;y&quot;:0.5,&quot;source&quot;:3}},{&quot;title&quot;:&quot;04-source.jpg&quot;,&quot;originalSize&quot;:&quot;2896x2172&quot;,&quot;assetUrl&quot;:&quot;https://images.squarespace-cdn.com/content/v1/6914262184e7d41fe3ac8966/5e8c2e22-0ef9-44ba-8d2d-77d10bdcb550/04-source.jpg&quot;,&quot;mediaFocalPoint&quot;:{&quot;x&quot;:0.5,&quot;y&quot;:0.5,&quot;source&quot;:3}},{&quot;title&quot;:&quot;05-source.jpg&quot;,&quot;originalSize&quot;:&quot;2892x2169&quot;,&quot;assetUrl&quot;:&quot;https://images.squarespace-cdn.com/content/v1/6914262184e7d41fe3ac8966/594c3eac-ed02-42b1-90e7-7cffc2c02768/05-source.jpg&quot;,&quot;mediaFocalPoint&quot;:{&quot;x&quot;:0.5,&quot;y&quot;:0.5,&quot;source&quot;:3}}],&quot;fullUrl&quot;:&quot;/shop/p/open-source-fully-printable-vacuum-turbine-set-2258847&quot;,&quot;urlSlug&quot;:&quot;open-source-fully-printable-vacuum-turbine-set-2258847&quot;,&quot;qtyInStock&quot;:9223372036854775807,&quot;allowMultiplePurchase&quot;:true,&quot;scarce&quot;:false,&quot;published&quot;:true,&quot;tags&quot;:[&quot;MakerWorld&quot;,&quot;Commercial-safe&quot;,&quot;Made"
"skadis-skydrag-holder-990793","https://www.augnach.com/shop/p/skadis-skydrag-holder-990793","200","11","Skadis Skydrag Holder","https://images.squarespace-cdn.com/content/v1/6914262184e7d41fe3ac8966/08a0beca-59f1-4cb5-94a7-61ac34c5cd57/04-source.jpg | https://images.squarespace-cdn.com/content/v1/6914262184e7d41fe3ac8966/386b62bc-29a0-4b9a-abfa-99f7effc1d13/02-source.jpg | https://images.squarespace-cdn.com/content/v1/6914262184e7d41fe3ac8966/666bd60d-b09e-4641-b31f-3d92f5d25c91/05-source.png | https://images.squarespace-cdn.com/content/v1/6914262184e7d41fe3ac8966/80147438-caf2-47ef-b69d-f7a3c37d4393/03-source.jpg | https://images.squarespace-cdn.com/content/v1/6914262184e7d41fe3ac8966/8a0fdd07-8f41-4ded-b4fb-3da6bdd63d90/03-source.png | https://images.squarespace-cdn.com/content/v1/6914262184e7d41fe3ac8966/acc0b012-83b1-45fe-98ba-63dfbf491f42/01-source.jpg | https://images.squarespace-cdn.com/content/v1/6914262184e7d41fe3ac8966/cd0941b1-1662-4548-9315-d62e07a93e30/01-source.jpg | https://images.squarespace-cdn.com/content/v1/6914262184e7d41fe3ac8966/cd0941b1-1662-4548-9315-d62e07a93e30/01-source.jpg&quot;,&quot;mediaFocalPoint&quot;:{&quot;x&quot;:0.5,&quot;y&quot;:0.5,&quot;source&quot;:3}},{&quot;title&quot;:&quot;02-source.jpg&quot;,&quot;originalSize&quot;:&quot;1080x1440&quot;,&quot;assetUrl&quot;:&quot;https://images.squarespace-cdn.com/content/v1/6914262184e7d41fe3ac8966/386b62bc-29a0-4b9a-abfa-99f7effc1d13/02-source.jpg&quot;,&quot;mediaFocalPoint&quot;:{&quot;x&quot;:0.5,&quot;y&quot;:0.5,&quot;source&quot;:3}},{&quot;title&quot;:&quot;03-source.jpg&quot;,&quot;originalSize&quot;:&quot;1080x1440&quot;,&quot;assetUrl&quot;:&quot;https://images.squarespace-cdn.com/content/v1/6914262184e7d41fe3ac8966/80147438-caf2-47ef-b69d-f7a3c37d4393/03-source.jpg&quot;,&quot;mediaFocalPoint&quot;:{&quot;x&quot;:0.5,&quot;y&quot;:0.5,&quot;source&quot;:3}},{&quot;title&quot;:&quot;04-source.jpg&quot;,&quot;originalSize&quot;:&quot;1080x1440&quot;,&quot;assetUrl&quot;:&quot;https://images.squarespace-cdn.com/content/v1/6914262184e7d41fe3ac8966/08a0beca-59f1-4cb5-94a7-61ac34c5cd57/04-source.jpg&quot;,&quot;mediaFocalPoint&quot;:{&quot;x&quot;:0.5,&quot;y&quot;:0.5,&quot;source&quot;:3}},{&quot;title&quot;:&quot;05-source.jpg&quot;,&quot;originalSize&quot;:&quot;1080x1440&quot;,&quot;assetUrl&quot;:&quot;https://images.squarespace-cdn.com/content/v1/6914262184e7d41fe3ac8966/ff84fac3-039c-441d-bcdd-2fac5c1ee80c/05-source.jpg&quot;,&quot;mediaFocalPoint&quot;:{&quot;x&quot;:0.5,&quot;y&quot;:0.5,&quot;source&quot;:3}},{&quot;title&quot;:&quot;01-source.jpg&quot;,&quot;originalSize&quot;:&quot;1113x834&quot;,&quot;assetUrl&quot;:&quot;https://images.squarespace-cdn.com/content/v1/6914262184e7d41fe3ac8966/acc0b012-83b1-45fe-98ba-63dfbf491f42/01-source.jpg&quot;,&quot;mediaFocalPoint&quot;:{&quot;x&quot;:0.5,&quot;y&quot;:0.5,&quot;source&quot;:3}},{&quot;title&quot;:&quot;02-source.png&quot;,&quot;originalSize&quot;:&quot;1445x927&quot;,&quot;assetUrl&quot;:&quot;https://images.squarespace-cdn.com/content/v1/6914262184e7d41fe3ac8966/fffab140-7bcc-4a01-b2f4-bc5487d48eed/02-source.png&quot;,&quot;mediaFocalPoint&quot;:{&quot;x&quot;:0.5,&quot;y&quot;:0.5,&quot;source&quot;:3}},{&quot;title&quot;:&quot;03-source.png&quot;,&quot;originalSize&quot;:&quot;1586x914&quot;,&quot;assetUrl&quot;:&quot;https://images.squarespace-cdn.com/content/v1/6914262184e7d41fe3ac8966/8a0fdd07-8f41-4ded-b4fb-3da6bdd63d90/03-source.png&quot;,&quot;mediaFocalPoint&quot;:{&quot;x&quot;:0.5,&quot;y&quot;:0.5,&quot;source&quot;:3}},{&quot;title&quot;:&quot;04-source.png&quot;,&quot;originalSize&quot;:&quot;1559x945&quot;,&quot;assetUrl&quot;:&quot;https://images.squarespace-cdn.com/content/v1/6914262184e7d41fe3ac8966/e389e2cb-3bea-429f-9fda-ebc43d26fb8e/04-source.png&quot;,&quot;mediaFocalPoint&quot;:{&quot;x&quot;:0.5,&quot;y&quot;:0.5,&quot;source&quot;:3}},{&quot;title&quot;:&quot;05-source.png&quot;,&quot;originalSize&quot;:&quot;434x578&quot;,&quot;assetUrl&quot;:&quot;https://images.squarespace-cdn.com/content/v1/6914262184e7d41fe3ac8966/666bd60d-b09e-4641-b31f-3d92f5d25c91/05-source.png&quot;,&quot;mediaFocalPoint&quot;:{&quot;x&quot;:0.5,&quot;y&quot;:0.5,&quot;source&quot;:3}}],&quot;fullUrl&quot;:&quot;/shop/p/skadis-skydrag-holder-990793&quot;,&quot;urlSlug&quot;:&quot;skadis-skydrag-holder-990793&quot;,&quot;qtyInStock&quot;:9223372036854775807,&quot;allowMultiplePurchase&quot;:true,&quot;scarce&quot;:false,&quot;published&quot;:true,&quot;tags&quot;:[&quot;MakerWorld&quot;,&quot;Commercial-safe&quot;,&quot;Made"
"tree-name-christmas-ornament-swivels-68818","https://www.augnach.com/shop/p/tree-name-christmas-ornament-swivels-68818","200","0","Tree - Name Christmas Ornament (Swivels)",""
"contemporary-stand-off-house-numbers-6-inch-556236","https://www.augnach.com/shop/p/contemporary-stand-off-house-numbers-6-inch-556236","200","6","Contemporary Stand-Off House Numbers - 6 INCH","https://images.squarespace-cdn.com/content/v1/6914262184e7d41fe3ac8966/1ec0afae-a022-419b-aa14-4c64f0b60663/05-source.png | https://images.squarespace-cdn.com/content/v1/6914262184e7d41fe3ac8966/62a884e4-dd06-444e-b7d8-4dcd77d50c4e/01-source.png | https://images.squarespace-cdn.com/content/v1/6914262184e7d41fe3ac8966/62a884e4-dd06-444e-b7d8-4dcd77d50c4e/01-source.png&quot;,&quot;mediaFocalPoint&quot;:{&quot;x&quot;:0.5,&quot;y&quot;:0.5,&quot;source&quot;:3}},{&quot;title&quot;:&quot;02-source.png&quot;,&quot;originalSize&quot;:&quot;505x681&quot;,&quot;assetUrl&quot;:&quot;https://images.squarespace-cdn.com/content/v1/6914262184e7d41fe3ac8966/f2585310-e550-4d1a-913e-dc92dbda62a1/02-source.png&quot;,&quot;mediaFocalPoint&quot;:{&quot;x&quot;:0.5,&quot;y&quot;:0.5,&quot;source&quot;:3}},{&quot;title&quot;:&quot;03-source.png&quot;,&quot;originalSize&quot;:&quot;563x756&quot;,&quot;assetUrl&quot;:&quot;https://images.squarespace-cdn.com/content/v1/6914262184e7d41fe3ac8966/8d5945ed-5f16-4eb7-b3d7-391e279d7933/03-source.png&quot;,&quot;mediaFocalPoint&quot;:{&quot;x&quot;:0.5,&quot;y&quot;:0.5,&quot;source&quot;:3}},{&quot;title&quot;:&quot;04-source.png&quot;,&quot;originalSize&quot;:&quot;570x670&quot;,&quot;assetUrl&quot;:&quot;https://images.squarespace-cdn.com/content/v1/6914262184e7d41fe3ac8966/a031fa83-918a-4caa-97e6-167d9aa5b27b/04-source.png&quot;,&quot;mediaFocalPoint&quot;:{&quot;x&quot;:0.5,&quot;y&quot;:0.5,&quot;source&quot;:3}},{&quot;title&quot;:&quot;05-source.png&quot;,&quot;originalSize&quot;:&quot;570x670&quot;,&quot;assetUrl&quot;:&quot;https://images.squarespace-cdn.com/content/v1/6914262184e7d41fe3ac8966/1ec0afae-a022-419b-aa14-4c64f0b60663/05-source.png&quot;,&quot;mediaFocalPoint&quot;:{&quot;x&quot;:0.5,&quot;y&quot;:0.5,&quot;source&quot;:3}}],&quot;fullUrl&quot;:&quot;/shop/p/contemporary-stand-off-house-numbers-6-inch-556236&quot;,&quot;urlSlug&quot;:&quot;contemporary-stand-off-house-numbers-6-inch-556236&quot;,&quot;qtyInStock&quot;:9223372036854775807,&quot;allowMultiplePurchase&quot;:true,&quot;scarce&quot;:false,&quot;published&quot;:true,&quot;tags&quot;:[&quot;MakerWorld&quot;,&quot;Commercial-safe&quot;,&quot;Made | https://images.squarespace-cdn.com/content/v1/6914262184e7d41fe3ac8966/8d5945ed-5f16-4eb7-b3d7-391e279d7933/03-source.png | https://images.squarespace-cdn.com/content/v1/6914262184e7d41fe3ac8966/a031fa83-918a-4caa-97e6-167d9aa5b27b/04-source.png | https://images.squarespace-cdn.com/content/v1/6914262184e7d41fe3ac8966/f2585310-e550-4d1a-913e-dc92dbda62a1/02-source.png"
"un-dead-flexi-fish-keychain-207423","https://www.augnach.com/shop/p/un-dead-flexi-fish-keychain-207423","200","0","(UN)DEAD Flexi Fish + Keychain",""
"f-caw-f-rooster-art-and-keychain-1789091","https://www.augnach.com/shop/p/f-caw-f-rooster-art-and-keychain-1789091","200","0","F-CAW-F Rooster Art and Keychain",""
"ams-paint-for-articulated-dog-thesirtiger-514283","https://www.augnach.com/shop/p/ams-paint-for-articulated-dog-thesirtiger-514283","200","0","AMS Paint for Articulated Dog (TheSirTiger)",""
"deimos-vendetta-44-rainbow-six-siege-920201","https://www.augnach.com/shop/p/deimos-vendetta-44-rainbow-six-siege-920201","200","0","Deimos Vendetta 44 Rainbow Six Siege",""
"stackable-milk-crates-with-print-in-place-pegs-2233484","https://www.augnach.com/shop/p/stackable-milk-crates-with-print-in-place-pegs-2233484","200","0","Stackable Milk Crates with Print in Place Pegs",""
"cake-topper-customizable-parametric-2331923","https://www.augnach.com/shop/p/cake-topper-customizable-parametric-2331923","200","0","Cake Topper Customizable Parametric",""
"borderlands-psycho-mask-1256437","https://www.augnach.com/shop/p/borderlands-psycho-mask-1256437","200","0","Borderlands Psycho Mask",""
"ecojack-flow-of-fright-ecoflow-rapid-pro-x-cover-1792514","https://www.augnach.com/shop/p/ecojack-flow-of-fright-ecoflow-rapid-pro-x-cover-1792514","200","0","EcoJack: Flow of Fright- EcoFlow RAPID Pro X Cover",""
"105mm-he-bottle-bunker-w-pd-fidget-fuze-2069013","https://www.augnach.com/shop/p/105mm-he-bottle-bunker-w-pd-fidget-fuze-2069013","200","0","105mm HE Bottle Bunker W/PD Fidget Fuze",""
"7-flexi-rex-christmas-edition-753695","https://www.augnach.com/shop/p/7-flexi-rex-christmas-edition-753695","200","0","7 Flexi Rex Christmas Edition",""
"shingleback-lizard-flexi-keychain-484866","https://www.augnach.com/shop/p/shingleback-lizard-flexi-keychain-484866","200","0","Shingleback Lizard Flexi Keychain",""
"krampus-cat-decoration-844983","https://www.augnach.com/shop/p/krampus-cat-decoration-844983","200","0","Krampus Cat Decoration",""
"money-box-2153007","https://www.augnach.com/shop/p/money-box-2153007","200","0","Money Box",""
"modular-modern-vase-572300","https://www.augnach.com/shop/p/modular-modern-vase-572300","200","0","Modular Modern Vase",""
"diy-printmaking-press-868931","https://www.augnach.com/shop/p/diy-printmaking-press-868931","200","0","DIY Printmaking Press",""
"cute-reindeer-flexi-print-in-place-61675","https://www.augnach.com/shop/p/cute-reindeer-flexi-print-in-place-61675","200","0","Cute Reindeer Flexi / Print in Place",""
"name-plate-generator-2064040","https://www.augnach.com/shop/p/name-plate-generator-2064040","200","0","Name Plate Generator",""
"wall-mounted-art-deco-lamp-command-strip-e26-e27-1062756","https://www.augnach.com/shop/p/wall-mounted-art-deco-lamp-command-strip-e26-e27-1062756","200","0","Wall Mounted Art Deco Lamp, Command Strip, E26/E27",""
"christmas-tree-multiparts-1956522","https://www.augnach.com/shop/p/christmas-tree-multiparts-1956522","200","0","Christmas Tree Multiparts",""
"evolution-engine-harley-chopper-137143","https://www.augnach.com/shop/p/evolution-engine-harley-chopper-137143","200","0","Evolution Engine Harley Chopper",""
"valdr-the-ruler-2322171","https://www.augnach.com/shop/p/valdr-the-ruler-2322171","200","0","VALDR the Ruler",""
"undead-king-skull-with-crown-1421903","https://www.augnach.com/shop/p/undead-king-skull-with-crown-1421903","200","0","Undead King - Skull with Crown",""
"t-nut-for-2020-profile-2069300","https://www.augnach.com/shop/p/t-nut-for-2020-profile-2069300","200","0","T-NUT for 2020 Profile",""
"yamaha-xv1600-roadstar-1219647","https://www.augnach.com/shop/p/yamaha-xv1600-roadstar-1219647","200","0","YAMAHA XV1600 ROADSTAR",""
"creepy-hallowen-demon-mask-188282","https://www.augnach.com/shop/p/creepy-hallowen-demon-mask-188282","200","0","Creepy Hallowen Demon Mask",""
"sharpie-kubotan-insert-prop-toy-2158509","https://www.augnach.com/shop/p/sharpie-kubotan-insert-prop-toy-2158509","200","0","Sharpie Kubotan Insert Prop Toy",""
"gremlins-gizmo-love-1948439","https://www.augnach.com/shop/p/gremlins-gizmo-love-1948439","200","0","Gremlins Gizmo Love",""
"dungeons-and-dragons-dice-sword-1755561","https://www.augnach.com/shop/p/dungeons-and-dragons-dice-sword-1755561","200","0","Dungeons and Dragons Dice Sword",""
"judoka-keychain-586599","https://www.augnach.com/shop/p/judoka-keychain-586599","200","0","Judoka Keychain",""
"cat-hand-keychain-pack-1602506","https://www.augnach.com/shop/p/cat-hand-keychain-pack-1602506","200","0","Cat Hand Keychain Pack",""
"bell-tealight-for-christmas-winter-decoration-1968226","https://www.augnach.com/shop/p/bell-tealight-for-christmas-winter-decoration-1968226","200","0","Bell Tealight for Christmas Winter Decoration",""
"air-brush-turntable-1912937","https://www.augnach.com/shop/p/air-brush-turntable-1912937","200","0","Air Brush Turntable",""
"dark-elf-skull-with-demonic-horns-fantasy-bust-1451631","https://www.augnach.com/shop/p/dark-elf-skull-with-demonic-horns-fantasy-bust-1451631","200","0","Dark Elf Skull with Demonic Horns - Fantasy Bust",""
"christmas-ornament-with-photo-68584","https://www.augnach.com/shop/p/christmas-ornament-with-photo-68584","200","0","Christmas Ornament with Photo",""
"chain-lube-overspray-protector-1386418","https://www.augnach.com/shop/p/chain-lube-overspray-protector-1386418","200","0","Chain Lube Overspray Protector",""
"masquerade-mask-2244262","https://www.augnach.com/shop/p/masquerade-mask-2244262","200","0","Masquerade Mask",""
"articulated-replica-fn-herstal-p90-2150487","https://www.augnach.com/shop/p/articulated-replica-fn-herstal-p90-2150487","200","0","Articulated Replica FN Herstal P90",""
"airsoft-target-with-automatic-bb-collection-tray-2216447","https://www.augnach.com/shop/p/airsoft-target-with-automatic-bb-collection-tray-2216447","200","0","Airsoft Target with Automatic BB Collection Tray",""
"a6-notepad-for-ultimate-dnd-players-kit-2242199","https://www.augnach.com/shop/p/a6-notepad-for-ultimate-dnd-players-kit-2242199","200","0","A6 Notepad for Ultimate D&D Players Kit",""
"firefighter-helmet-2165244","https://www.augnach.com/shop/p/firefighter-helmet-2165244","200","0","Firefighter Helmet",""
"nagant-m1895-2338748","https://www.augnach.com/shop/p/nagant-m1895-2338748","200","0","Nagant M1895",""
"alien-xenomorph-maintenance-hatch-display-prop-1794111","https://www.augnach.com/shop/p/alien-xenomorph-maintenance-hatch-display-prop-1794111","200","0","Alien Xenomorph Maintenance Hatch -Display Prop",""
"wwe-announce-table-2023-model-2316573","https://www.augnach.com/shop/p/wwe-announce-table-2023-model-2316573","200","0","Wwe Announce Table 2023 Model",""
"cowboy-hat-keychain-pendant-2155253","https://www.augnach.com/shop/p/cowboy-hat-keychain-pendant-2155253","200","0","Cowboy Hat Keychain/Pendant",""
"sea-dragon-116152","https://www.augnach.com/shop/p/sea-dragon-116152","200","0","Sea Dragon",""
"m821-81mm-mortar-1913206","https://www.augnach.com/shop/p/m821-81mm-mortar-1913206","200","0","M821 81mm Mortar",""
"apex-blade-r99-1742276","https://www.augnach.com/shop/p/apex-blade-r99-1742276","200","0","APEX Blade R99",""
"articulated-personalized-christmas-ornament-2039868","https://www.augnach.com/shop/p/articulated-personalized-christmas-ornament-2039868","200","0","Articulated Personalized Christmas Ornament",""
"harley-davidson-lamp-1785824","https://www.augnach.com/shop/p/harley-davidson-lamp-1785824","200","0","Harley Davidson Lamp",""
"zero-supports-snorts-new-pig-in-town-articulated-print-in-place-239285","https://www.augnach.com/shop/p/zero-supports-snorts-new-pig-in-town-articulated-print-in-place-239285","200","0","Zero Supports! ""Snorts"" New Pig in Town! Articulated Print in Place",""
"m4-airsoft-stand-467757","https://www.augnach.com/shop/p/m4-airsoft-stand-467757","200","0","M4 Airsoft Stand",""
"flexi-lazy-worm-articulated-fidget-worm-496895","https://www.augnach.com/shop/p/flexi-lazy-worm-articulated-fidget-worm-496895","200","0","Flexi Lazy Worm - Articulated Fidget Worm",""
"extension-cable-holder-696229","https://www.augnach.com/shop/p/extension-cable-holder-696229","200","0","Extension Cable Holder",""
"wall-lamp-applique-industrial-473161","https://www.augnach.com/shop/p/wall-lamp-applique-industrial-473161","200","0","Wall Lamp/Applique Industrial",""
"modern-led-lamp-1247789","https://www.augnach.com/shop/p/modern-led-lamp-1247789","200","0","Modern LED Lamp",""
"giant-heart-990842","https://www.augnach.com/shop/p/giant-heart-990842","200","0","Giant Heart",""
"colored-pencil-organizer-parametric-1903969","https://www.augnach.com/shop/p/colored-pencil-organizer-parametric-1903969","200","0","Colored Pencil Organizer [Parametric]",""
"wood-panels-for-the-thousand-sunny-model-1374886","https://www.augnach.com/shop/p/wood-panels-for-the-thousand-sunny-model-1374886","200","0","Wood Panels for the Thousand Sunny Model",""
"nativity-lithophane-bell-859348","https://www.augnach.com/shop/p/nativity-lithophane-bell-859348","200","0","Nativity Lithophane Bell",""
"140mm-angle-fan-riser-1914143","https://www.augnach.com/shop/p/140mm-angle-fan-riser-1914143","200","0","140mm Angle Fan Riser",""
"magnetic-elegoo-saturn-3-ultra-drip-mount-2057355","https://www.augnach.com/shop/p/magnetic-elegoo-saturn-3-ultra-drip-mount-2057355","200","0","(Magnetic) Elegoo Saturn 3 (Ultra) Drip Mount",""
"numbers-0-to-9-81681","https://www.augnach.com/shop/p/numbers-0-to-9-81681","200","0","Numbers 0 to 9",""
"dont-forget-me-penny-2142665","https://www.augnach.com/shop/p/dont-forget-me-penny-2142665","200","0","Dont Forget Me Penny",""
"lotus-lamp-739670","https://www.augnach.com/shop/p/lotus-lamp-739670","200","0","Lotus Lamp",""
"moon-globe-for-ceiling-light-1998098","https://www.augnach.com/shop/p/moon-globe-for-ceiling-light-1998098","200","0","Moon Globe for Ceiling Light",""
"folded-lamp-shade-1321671","https://www.augnach.com/shop/p/folded-lamp-shade-1321671","200","0","Folded Lamp Shade",""
"love-typography-vase-2285524","https://www.augnach.com/shop/p/love-typography-vase-2285524","200","0","LOVE Typography Vase",""
"boho-frame-ornaments-2053147","https://www.augnach.com/shop/p/boho-frame-ornaments-2053147","200","0","Boho Frame Ornaments",""
"xbox-controller-stand-1023460","https://www.augnach.com/shop/p/xbox-controller-stand-1023460","200","0","Xbox Controller Stand",""
"phone-stand-2272160","https://www.augnach.com/shop/p/phone-stand-2272160","200","0","Phone Stand",""
"phone-clip-for-ps4-718585","https://www.augnach.com/shop/p/phone-clip-for-ps4-718585","200","0","Phone Clip for PS4",""
"keychain-heart-love-1081032","https://www.augnach.com/shop/p/keychain-heart-love-1081032","200","0","Keychain Heart Love",""
"7-segment-display-2126033","https://www.augnach.com/shop/p/7-segment-display-2126033","200","0","7-Segment Display",""
"drone-form-business-card-holder-521546","https://www.augnach.com/shop/p/drone-form-business-card-holder-521546","200","0","Drone Form Business Card Holder",""
"heart-box-print-in-place-53543","https://www.augnach.com/shop/p/heart-box-print-in-place-53543","200","0","Heart Box ♡ Print-In-Place",""
"fake-iphone-17-1928035","https://www.augnach.com/shop/p/fake-iphone-17-1928035","200","0","Fake iPhone 17",""
"cable-gripper-wire-dispenser-filament-clutch-648292","https://www.augnach.com/shop/p/cable-gripper-wire-dispenser-filament-clutch-648292","200","0","Cable Gripper / Wire Dispenser / Filament Clutch",""
"generator-parametric-vent-and-hole-covers-2322527","https://www.augnach.com/shop/p/generator-parametric-vent-and-hole-covers-2322527","200","0","Generator - Parametric Vent and Hole Covers",""
"halo-master-chief-universal-controller-holder-2086936","https://www.augnach.com/shop/p/halo-master-chief-universal-controller-holder-2086936","200","0","Halo Master Chief Universal Controller Holder",""
"desk-organizer-sticky-notes-airpods-and-more-1138662","https://www.augnach.com/shop/p/desk-organizer-sticky-notes-airpods-and-more-1138662","200","0","Desk Organizer: Sticky Notes, Airpods and More",""
"soporte-movil-groot-115474","https://www.augnach.com/shop/p/soporte-movil-groot-115474","200","0","Soporte Movil Groot",""
"wolfclan-war-helmet-2382477","https://www.augnach.com/shop/p/wolfclan-war-helmet-2382477","200","0","Wolfclan War Helmet",""
"multi-color-name-keychain-with-ams-2128272","https://www.augnach.com/shop/p/multi-color-name-keychain-with-ams-2128272","200","0","Multi-Color Name Keychain with AMS",""
"grogu-christmas-present-light-box-4-colors-64245","https://www.augnach.com/shop/p/grogu-christmas-present-light-box-4-colors-64245","200","0","Grogu Christmas Present Light Box (4 Colors)",""
"a-10-warthog-benchy-2372120","https://www.augnach.com/shop/p/a-10-warthog-benchy-2372120","200","0","A-10 Warthog Benchy",""
"vaso-milkshake-nick-zootopia-2-2072970","https://www.augnach.com/shop/p/vaso-milkshake-nick-zootopia-2-2072970","200","0","Vaso Milkshake Nick, ZOOTOPIA 2",""
"naughty-krampus-led-tealight-collection-2065888","https://www.augnach.com/shop/p/naughty-krampus-led-tealight-collection-2065888","200","0","Naughty - Krampus LED Tealight Collection",""
"articulated-chumky-triceratops-1911842","https://www.augnach.com/shop/p/articulated-chumky-triceratops-1911842","200","0","Articulated Chumky Triceratops!",""
"led-zeppelin-keychain-718655","https://www.augnach.com/shop/p/led-zeppelin-keychain-718655","200","0","LED Zeppelin Keychain",""
"justin-led-name-sign-226569","https://www.augnach.com/shop/p/justin-led-name-sign-226569","200","0","""Justin"" LED Name Sign",""
"vw-wheel-center-hub-caps-different-sizes-v2-2076029","https://www.augnach.com/shop/p/vw-wheel-center-hub-caps-different-sizes-v2-2076029","200","0","VW Wheel Center Hub Caps (Different Sizes) (V2)",""
"handled-barrel-can-coozie-with-texture-330ml-2166856","https://www.augnach.com/shop/p/handled-barrel-can-coozie-with-texture-330ml-2166856","200","0","Handled Barrel Can Coozie with Texture - 330ml",""
"christmas-flexi-rex-santa-hat-candy-cane-edition-741241","https://www.augnach.com/shop/p/christmas-flexi-rex-santa-hat-candy-cane-edition-741241","200","0","Christmas Flexi Rex-Santa Hat & Candy Cane Edition",""
"nox-padel-racket-keychain-2131566","https://www.augnach.com/shop/p/nox-padel-racket-keychain-2131566","200","0","NOX Padel Racket Keychain",""
"woodland-cabin-succulent-planter-2354328","https://www.augnach.com/shop/p/woodland-cabin-succulent-planter-2354328","200","0","Woodland Cabin Succulent Planter",""
"door-holder-519117","https://www.augnach.com/shop/p/door-holder-519117","200","0","Door Holder",""
"countdown-til-christmas-90234","https://www.augnach.com/shop/p/countdown-til-christmas-90234","200","0","Countdown Til Christmas",""
"cyberpunk-2077-nue-tsunami-defense-systems-gun-766531","https://www.augnach.com/shop/p/cyberpunk-2077-nue-tsunami-defense-systems-gun-766531","200","0","Cyberpunk 2077 - NUE - Tsunami Defense Systems Gun",""
"starlink-gen-3-mount-2047196","https://www.augnach.com/shop/p/starlink-gen-3-mount-2047196","200","0","Starlink Gen 3 Mount",""
"vintage-indian-2-sided-gas-station-lightbox-sign-2488549","https://www.augnach.com/shop/p/vintage-indian-2-sided-gas-station-lightbox-sign-2488549","200","0","VINTAGE INDIAN - 2-Sided Gas Station Lightbox Sign",""
"tight-fit-knob-for-metric-hexagon-head-bolt-s-1750350","https://www.augnach.com/shop/p/tight-fit-knob-for-metric-hexagon-head-bolt-s-1750350","200","0","Tight Fit Knob for Metric Hexagon Head Bolt'S",""
"crystal-corridor-diorama-book-nook-2241952","https://www.augnach.com/shop/p/crystal-corridor-diorama-book-nook-2241952","200","0","Crystal Corridor Diorama / Book Nook",""
"the-best-pcb-holder-2076921","https://www.augnach.com/shop/p/the-best-pcb-holder-2076921","200","0","The Best PCB Holder",""
"golf-mk2-lightbox-1475596","https://www.augnach.com/shop/p/golf-mk2-lightbox-1475596","200","0","Golf Mk2 Lightbox",""
"mick-jagger-2165583","https://www.augnach.com/shop/p/mick-jagger-2165583","200","0","Mick Jagger",""
"cute-knitted-ghost-vase-or-pencil-holder-1916585","https://www.augnach.com/shop/p/cute-knitted-ghost-vase-or-pencil-holder-1916585","200","0","Cute Knitted Ghost Vase or Pencil Holder",""
"halloween-earrings-keyring-set-1921425","https://www.augnach.com/shop/p/halloween-earrings-keyring-set-1921425","200","0","Halloween Earrings & Keyring Set ( )",""
"the-wave-lampshade-1413711","https://www.augnach.com/shop/p/the-wave-lampshade-1413711","200","0","The Wave Lampshade",""
"keychain-whistle-221526","https://www.augnach.com/shop/p/keychain-whistle-221526","200","0","Keychain Whistle",""
"flexible-paint-station-stand-base-a4-18-clips-2166989","https://www.augnach.com/shop/p/flexible-paint-station-stand-base-a4-18-clips-2166989","200","0","Flexible Paint Station Stand Base - A4 - 18 Clips",""
"spray-nozzle-for-lead-screw-anti-splash-2071871","https://www.augnach.com/shop/p/spray-nozzle-for-lead-screw-anti-splash-2071871","200","0","Spray Nozzle for Lead Screw - Anti Splash",""
"12v-fuse-wire-connector-1904128","https://www.augnach.com/shop/p/12v-fuse-wire-connector-1904128","200","0","12v Fuse Wire Connector",""
"maltese-holding-heart-use-2366588","https://www.augnach.com/shop/p/maltese-holding-heart-use-2366588","200","0","Maltese Holding Heart ( Use)",""
"gladiator-helmet-2248152","https://www.augnach.com/shop/p/gladiator-helmet-2248152","200","0","Gladiator Helmet",""
"hildingr-the-beserker-2322032","https://www.augnach.com/shop/p/hildingr-the-beserker-2322032","200","0","Hildingr the Beserker!!!",""
"plunger-holder-stand-1750143","https://www.augnach.com/shop/p/plunger-holder-stand-1750143","200","0","Plunger Holder/Stand",""
"mini-arcade-2152075","https://www.augnach.com/shop/p/mini-arcade-2152075","200","0","Mini Arcade",""
"melitta-aromaboy-coffee-maker-keychain-721784","https://www.augnach.com/shop/p/melitta-aromaboy-coffee-maker-keychain-721784","200","0","Melitta Aromaboy Coffee Maker Keychain",""
"undaunted-contract-split-pieces-zi-que-jin-lang-2-0-phantom-1372581","https://www.augnach.com/shop/p/undaunted-contract-split-pieces-zi-que-jin-lang-2-0-phantom-1372581","200","0","Undaunted Contract Split Pieces Zi Que Jin Lang 2 0 Phantom",""
"headphone-holder-for-sony-687998","https://www.augnach.com/shop/p/headphone-holder-for-sony-687998","200","0","Headphone Holder for Sony",""
"eldritch-magma-drake-epic-dragon-bust-statuette-2124736","https://www.augnach.com/shop/p/eldritch-magma-drake-epic-dragon-bust-statuette-2124736","200","0","Eldritch Magma Drake - Epic Dragon Bust Statuette",""
"christmas-gingerbread-woman-cookie-229129","https://www.augnach.com/shop/p/christmas-gingerbread-woman-cookie-229129","200","0","Christmas Gingerbread Woman Cookie",""
"valentines-fat-cat-1010706","https://www.augnach.com/shop/p/valentines-fat-cat-1010706","200","0","Valentines Fat Cat",""
"pennywise-bust-2258301","https://www.augnach.com/shop/p/pennywise-bust-2258301","200","0","Pennywise Bust",""
"t-rminator-t-800-controller-holder-2086851","https://www.augnach.com/shop/p/t-rminator-t-800-controller-holder-2086851","200","0","T£RMINATOR T-800 Controller Holder",""
"punisher-grips-for-1911-2356753","https://www.augnach.com/shop/p/punisher-grips-for-1911-2356753","200","0","Punisher Grips for 1911",""
"lightbox-indian-motorcycle-511421","https://www.augnach.com/shop/p/lightbox-indian-motorcycle-511421","200","0","Lightbox Indian Motorcycle",""
"3d-advent-bolivia-day-25-grinch-flexi-2174568","https://www.augnach.com/shop/p/3d-advent-bolivia-day-25-grinch-flexi-2174568","200","0","3D Advent Bolivia | Day 25 Grinch Flexi",""
"mate-piston-smooth-polymer-2412280","https://www.augnach.com/shop/p/mate-piston-smooth-polymer-2412280","200","0","Mate Piston Smooth Polymer",""
"eva-ayanami-rei-by-theomega-1912586","https://www.augnach.com/shop/p/eva-ayanami-rei-by-theomega-1912586","200","0","Eva Ayanami Rei by TheOmega",""
"two-tiered-cake-and-snack-stand-serving-stand-2057570","https://www.augnach.com/shop/p/two-tiered-cake-and-snack-stand-serving-stand-2057570","200","0","Two Tiered Cake and Snack Stand, Serving Stand",""
"ferrero-rocher-christmas-ornament-2037552","https://www.augnach.com/shop/p/ferrero-rocher-christmas-ornament-2037552","200","0","Ferrero Rocher Christmas Ornament",""
"baby-grinch-holiday-special-edition-v3-2038404","https://www.augnach.com/shop/p/baby-grinch-holiday-special-edition-v3-2038404","200","0","Baby Grinch: Holiday Special Edition (V3)",""
"keychain-be-my-valentine-1016481","https://www.augnach.com/shop/p/keychain-be-my-valentine-1016481","200","0","Keychain Be My Valentine",""
"book-page-dividers-2426192","https://www.augnach.com/shop/p/book-page-dividers-2426192","200","0","Book Page Dividers",""
"krilin-exploding-lamp-1750281","https://www.augnach.com/shop/p/krilin-exploding-lamp-1750281","200","0","Krilin Exploding Lamp",""
"alphabet-number-mini-bookshelves-a-z-0-9-set-2306937","https://www.augnach.com/shop/p/alphabet-number-mini-bookshelves-a-z-0-9-set-2306937","200","0","Alphabet & Number Mini Bookshelves: A-Z & 0-9 Set",""
"under-desk-drawer-1928034","https://www.augnach.com/shop/p/under-desk-drawer-1928034","200","0","Under-Desk Drawer",""
"helmet-dead-space-2209390","https://www.augnach.com/shop/p/helmet-dead-space-2209390","200","0","Helmet Dead Space",""
"lolly-pop-pencil-holder-2337147","https://www.augnach.com/shop/p/lolly-pop-pencil-holder-2337147","200","0","Lolly Pop Pencil Holder",""
"hapata-5-fpv-drone-frame-1926243","https://www.augnach.com/shop/p/hapata-5-fpv-drone-frame-1926243","200","0","HAPATA 5 FPV Drone Frame",""
"memory-lantern-an-illuminated-lithophane-holder-454453","https://www.augnach.com/shop/p/memory-lantern-an-illuminated-lithophane-holder-454453","200","0","Memory Lantern - an Illuminated Lithophane Holder",""
"minimalistic-flexible-key-tags-51468","https://www.augnach.com/shop/p/minimalistic-flexible-key-tags-51468","200","0","Minimalistic Flexible Key Tags",""
"ac-dc-acdc-australian-rock-roll-band-icon-light-1756697","https://www.augnach.com/shop/p/ac-dc-acdc-australian-rock-roll-band-icon-light-1756697","200","0","AC/DC (ACDC) Australian Rock Roll Band Icon Light",""
"ussr-fighter-jet-1191212","https://www.augnach.com/shop/p/ussr-fighter-jet-1191212","200","0","USSR FIGHTER JET",""
"bitten-chocolate-keychain-2158279","https://www.augnach.com/shop/p/bitten-chocolate-keychain-2158279","200","0","Bitten Chocolate Keychain",""
"vase-twisted-454130","https://www.augnach.com/shop/p/vase-twisted-454130","200","0","Vase Twisted",""
"zeus-greek-mythology-with-joypad-1752249","https://www.augnach.com/shop/p/zeus-greek-mythology-with-joypad-1752249","200","0","Zeus Greek Mythology with Joypad",""
"yt-tues-miniature-dh-bike-2096899","https://www.augnach.com/shop/p/yt-tues-miniature-dh-bike-2096899","200","0","YT Tues - Miniature DH Bike",""
"vintage-triumph-2-sided-station-lightbox-sign-2488479","https://www.augnach.com/shop/p/vintage-triumph-2-sided-station-lightbox-sign-2488479","200","0","VINTAGE TRIUMPH - 2-Sided Station Lightbox Sign",""
"lampara-1342147","https://www.augnach.com/shop/p/lampara-1342147","200","0","Lampara",""
"cup-stacker-2303720","https://www.augnach.com/shop/p/cup-stacker-2303720","200","0","Cup Stacker",""
"keystone-housing-with-cable-clamp-base-2107491","https://www.augnach.com/shop/p/keystone-housing-with-cable-clamp-base-2107491","200","0","Keystone Housing with Cable Clamp Base",""
"beartoad-ez-molle-mounting-systems-2164592","https://www.augnach.com/shop/p/beartoad-ez-molle-mounting-systems-2164592","200","0","BearToad EZ Molle Mounting Systems",""
"organizer-for-sata-3-5-hard-drives-gridfinity-2142550","https://www.augnach.com/shop/p/organizer-for-sata-3-5-hard-drives-gridfinity-2142550","200","0","Organizer for SATA 3 5 Hard Drives (Gridfinity)",""
"temptress-gargoyle-can-holder-beer-mug-2423795","https://www.augnach.com/shop/p/temptress-gargoyle-can-holder-beer-mug-2423795","200","0","Temptress Gargoyle - Can Holder / Beer Mug",""
"lampe-jack-skellington-2067047","https://www.augnach.com/shop/p/lampe-jack-skellington-2067047","200","0","Lampe Jack Skellington",""
"soda-can-slicer-1946385","https://www.augnach.com/shop/p/soda-can-slicer-1946385","200","0","Soda Can Slicer",""
"christmas-ornament-tree-ball-text-edit-on-slicer-727579","https://www.augnach.com/shop/p/christmas-ornament-tree-ball-text-edit-on-slicer-727579","200","0","Christmas Ornament Tree Ball Text Edit on Slicer",""
"lighting-chandelier-775729","https://www.augnach.com/shop/p/lighting-chandelier-775729","200","0","Lighting , Chandelier",""
"shotgun-light-mount-2063961","https://www.augnach.com/shop/p/shotgun-light-mount-2063961","200","0","Shotgun Light Mount",""
"beta-fish-2352153","https://www.augnach.com/shop/p/beta-fish-2352153","200","0","Beta Fish",""
"christmas-litho-light-ball-no2-1931425","https://www.augnach.com/shop/p/christmas-litho-light-ball-no2-1931425","200","0","Christmas Litho Light Ball No2",""
"dnd-human-male-rogue-32mm-scale-2298540","https://www.augnach.com/shop/p/dnd-human-male-rogue-32mm-scale-2298540","200","0","D&D Human Male Rogue 32mm Scale",""
"christmas-balls-380835","https://www.augnach.com/shop/p/christmas-balls-380835","200","0","Christmas Balls",""
"makeup-drawer-organisers-optional-gridfinity-2219907","https://www.augnach.com/shop/p/makeup-drawer-organisers-optional-gridfinity-2219907","200","0","Makeup Drawer Organisers (Optional Gridfinity)",""
"achiles-1734794","https://www.augnach.com/shop/p/achiles-1734794","200","0","Achiles",""
"gremlin-punk-1916827","https://www.augnach.com/shop/p/gremlin-punk-1916827","200","0","Gremlin Punk",""
"sayodevice-o3c-desktop-stand-2155104","https://www.augnach.com/shop/p/sayodevice-o3c-desktop-stand-2155104","200","0","SayoDevice O3C Desktop Stand",""
"love-tealights-966233","https://www.augnach.com/shop/p/love-tealights-966233","200","0","LOVE Tealights",""
"boombox-form-business-card-holder-529523","https://www.augnach.com/shop/p/boombox-form-business-card-holder-529523","200","0","Boombox Form Business Card Holder",""
"two-keychains-with-names-on-the-back-1039741","https://www.augnach.com/shop/p/two-keychains-with-names-on-the-back-1039741","200","0","Two Keychains with Names on the Back",""
"realistic-human-skull-1350047","https://www.augnach.com/shop/p/realistic-human-skull-1350047","200","0","Realistic Human Skull",""
"main-types-of-ammunition-used-in-the-world-2248272","https://www.augnach.com/shop/p/main-types-of-ammunition-used-in-the-world-2248272","200","0","Main Types of Ammunition Used in the World",""
"iloveu-pencil-or-flower-pot-154475","https://www.augnach.com/shop/p/iloveu-pencil-or-flower-pot-154475","200","0","ILoveU Pencil or Flower Pot",""
"photo-frame-christmas-globe-76535","https://www.augnach.com/shop/p/photo-frame-christmas-globe-76535","200","0","Photo Frame Christmas Globe",""
"the-halloween-horror-door-corners-1756198","https://www.augnach.com/shop/p/the-halloween-horror-door-corners-1756198","200","0","The Halloween Horror Door Corners",""
"sir-daniel-fortesque-medievil-dan-hand-1924084","https://www.augnach.com/shop/p/sir-daniel-fortesque-medievil-dan-hand-1924084","200","0","Sir Daniel Fortesque - MediEvil - Dan-Hand",""
"valentine-s-day-i-love-you-gift-declaration-of-love-hueforge-4color-139068","https://www.augnach.com/shop/p/valentine-s-day-i-love-you-gift-declaration-of-love-hueforge-4color-139068","200","0","Valentine'S Day, I Love You , Gift, Declaration of Love HueForge 4color",""
"medusa-snake-headband-1748087","https://www.augnach.com/shop/p/medusa-snake-headband-1748087","200","0","Medusa Snake Headband",""
"heart-string-art-1018044","https://www.augnach.com/shop/p/heart-string-art-1018044","200","0","Heart String Art",""
"red-gundam-1742337","https://www.augnach.com/shop/p/red-gundam-1742337","200","0","Red Gundam",""
"mg-valve-cap-1850504","https://www.augnach.com/shop/p/mg-valve-cap-1850504","200","0","MG Valve Cap",""
"easter-bunny-decoration-with-baby-16-cm-2411201","https://www.augnach.com/shop/p/easter-bunny-decoration-with-baby-16-cm-2411201","200","0","Easter Bunny Decoration with Baby 16 Cm",""
"burnt-peanut-witness-me-2275771","https://www.augnach.com/shop/p/burnt-peanut-witness-me-2275771","200","0","Burnt Peanut WITNESS ME!",""
"capybara-led-2223389","https://www.augnach.com/shop/p/capybara-led-2223389","200","0","Capybara LED",""
"void-helm-can-holder-beer-mug-2429353","https://www.augnach.com/shop/p/void-helm-can-holder-beer-mug-2429353","200","0","Void Helm - Can Holder / Beer Mug",""
"flexi-fish-infill-swatch-23227","https://www.augnach.com/shop/p/flexi-fish-infill-swatch-23227","200","0","Flexi Fish - Infill Swatch",""
"robust-high-current-cylindrical-cell-holder-2355110","https://www.augnach.com/shop/p/robust-high-current-cylindrical-cell-holder-2355110","200","0","Robust High Current Cylindrical Cell Holder",""
"grinch-mini-can-holder-cup-2034457","https://www.augnach.com/shop/p/grinch-mini-can-holder-cup-2034457","200","0","Grinch Mini Can Holder/Cup",""
"kymco-ak550-high-detail-3d-printed-mini-model-1397085","https://www.augnach.com/shop/p/kymco-ak550-high-detail-3d-printed-mini-model-1397085","200","0","KYMCO AK550 - High Detail Mini Model",""
"money-box-piggy-bank-1922651","https://www.augnach.com/shop/p/money-box-piggy-bank-1922651","200","0","Money Box Piggy Bank",""
"pet-to-filament-converter-2055879","https://www.augnach.com/shop/p/pet-to-filament-converter-2055879","200","0","PET to Filament Converter",""
"violinist-chess-set-2169815","https://www.augnach.com/shop/p/violinist-chess-set-2169815","200","0","Violinist Chess Set",""
"cute-animal-love-decor-valentine-s-day-collection-2345237","https://www.augnach.com/shop/p/cute-animal-love-decor-valentine-s-day-collection-2345237","200","0","Cute Animal Love Decor - Valentine'S Day Collection",""
"snap-buckle-clip-2152631","https://www.augnach.com/shop/p/snap-buckle-clip-2152631","200","0","Snap Buckle Clip",""
"christmas-tree-with-options-of-tealight-or-ikea-kapplake-74097","https://www.augnach.com/shop/p/christmas-tree-with-options-of-tealight-or-ikea-kapplake-74097","200","0","Christmas Tree with Options of Tealight or IKEA Kapplake",""
"dji-mic-mini-storage-case-2278376","https://www.augnach.com/shop/p/dji-mic-mini-storage-case-2278376","200","0","DJI MIC MINI Storage Case",""
"gym-lion-throphy-2275565","https://www.augnach.com/shop/p/gym-lion-throphy-2275565","200","0","Gym Lion Trophy",""
"wiper-fluid-cap-2379259","https://www.augnach.com/shop/p/wiper-fluid-cap-2379259","200","0","Wiper Fluid Cap",""
"crosses-of-calvary-desk-decoration-2296163","https://www.augnach.com/shop/p/crosses-of-calvary-desk-decoration-2296163","200","0","Crosses of Calvary Desk Decoration",""
"modern-glare-pendant-shade-reflector-2247214","https://www.augnach.com/shop/p/modern-glare-pendant-shade-reflector-2247214","200","0","Modern Glare- Pendant Shade & Reflector",""
"arc-raiders-light-up-led-sign-gaming-display-2129490","https://www.augnach.com/shop/p/arc-raiders-light-up-led-sign-gaming-display-2129490","200","0","ARC Raiders - Light Up LED Sign - Gaming Display",""
"growling-werewolf-1925325","https://www.augnach.com/shop/p/growling-werewolf-1925325","200","0","Growling Werewolf",""
"vw-touran-cover-3rd-row-seat-locking-1108927","https://www.augnach.com/shop/p/vw-touran-cover-3rd-row-seat-locking-1108927","200","0","VW Touran Cover 3rd Row Seat Locking",""
"musical-decorative-object-with-name-1922696","https://www.augnach.com/shop/p/musical-decorative-object-with-name-1922696","200","0","MUSICAL DECORATIVE OBJECT with NAME",""
"cute-panda-holding-bamboo-2155566","https://www.augnach.com/shop/p/cute-panda-holding-bamboo-2155566","200","0","Cute Panda Holding Bamboo",""
"ventilation-pipe-rain-cover-110-mm-vent-cap-2072286","https://www.augnach.com/shop/p/ventilation-pipe-rain-cover-110-mm-vent-cap-2072286","200","0","Ventilation Pipe Rain Cover (110 Mm Vent Cap)",""
"cute-ghost-keychain-use-1924705","https://www.augnach.com/shop/p/cute-ghost-keychain-use-1924705","200","0","Cute Ghost Keychain - Use",""
"m9-bayonet-1745465","https://www.augnach.com/shop/p/m9-bayonet-1745465","200","0","M9 Bayonet",""
"lotr-sting-sword-with-leds-2313755","https://www.augnach.com/shop/p/lotr-sting-sword-with-leds-2313755","200","0","LOTR Sting Sword with LEDs",""
"valentines-love-ornament-with-flower-1031789","https://www.augnach.com/shop/p/valentines-love-ornament-with-flower-1031789","200","0","Valentines Love Ornament with Flower",""
"santa-christmas-bell-807645","https://www.augnach.com/shop/p/santa-christmas-bell-807645","200","0","Santa Christmas Bell",""
"magic-50cm-scepter-staff-inpired-by-fantasy-world-2226161","https://www.augnach.com/shop/p/magic-50cm-scepter-staff-inpired-by-fantasy-world-2226161","200","0","Magic 50cm Scepter Staff Inpired by Fantasy World",""
"cotton-pad-plus-q-tip-holder-2047875","https://www.augnach.com/shop/p/cotton-pad-plus-q-tip-holder-2047875","200","0","Cotton Pad Plus Q-Tip Holder",""
"1-10-touring-car-wheel-box-1914087","https://www.augnach.com/shop/p/1-10-touring-car-wheel-box-1914087","200","0","1:10 Touring Car Wheel Box",""
"ghosts-in-love-valentine-s-day-2269628","https://www.augnach.com/shop/p/ghosts-in-love-valentine-s-day-2269628","200","0","Ghosts in Love (Valentine'S Day)",""
"gridfinity-verstegen-spice-bottle-holder-1750247","https://www.augnach.com/shop/p/gridfinity-verstegen-spice-bottle-holder-1750247","200","0","Gridfinity Verstegen Spice Bottle Holder",""
"spooky-baby-frankenstein-halloween-toy-keychain-1926389","https://www.augnach.com/shop/p/spooky-baby-frankenstein-halloween-toy-keychain-1926389","200","0","Spooky Baby Frankenstein Halloween Toy & Keychain",""
"robocop-universal-controller-holder-2086551","https://www.augnach.com/shop/p/robocop-universal-controller-holder-2086551","200","0","Robocop Universal Controller Holder",""
"skull-ghostbusters-ghostbusters-1906121","https://www.augnach.com/shop/p/skull-ghostbusters-ghostbusters-1906121","200","0","Skull Ghostbusters (Ghostbusters)",""
"bike-mount-1744610","https://www.augnach.com/shop/p/bike-mount-1744610","200","0","Bike Mount",""
"cute-swan-bbw-soap-bottle-holder-2361373","https://www.augnach.com/shop/p/cute-swan-bbw-soap-bottle-holder-2361373","200","0","Cute Swan BBW Soap Bottle Holder",""
"fallen-soldier-1937708","https://www.augnach.com/shop/p/fallen-soldier-1937708","200","0","Fallen Soldier",""
"business-card-display-with-pen-holders-1743182","https://www.augnach.com/shop/p/business-card-display-with-pen-holders-1743182","200","0","Business Card Display with Pen Holders",""
"valentine-s-day-earrings-2327553","https://www.augnach.com/shop/p/valentine-s-day-earrings-2327553","200","0","Valentine'S Day Earrings",""
"mm93-keychain-518384","https://www.augnach.com/shop/p/mm93-keychain-518384","200","0","MM93 Keychain",""
"pen-vault-1-0-1042326","https://www.augnach.com/shop/p/pen-vault-1-0-1042326","200","0","Pen Vault 1 0",""
"lamboringhi-huracan-sto-style-end-plate-2050166","https://www.augnach.com/shop/p/lamboringhi-huracan-sto-style-end-plate-2050166","200","0","Lamboringhi Huracan STO Style End Plate",""
"master-sword-mount-1943692","https://www.augnach.com/shop/p/master-sword-mount-1943692","200","0","Master Sword Mount",""
"3-piece-pc-case-1918881","https://www.augnach.com/shop/p/3-piece-pc-case-1918881","200","0","3 Piece PC Case",""
"mailbox-flag-1099806","https://www.augnach.com/shop/p/mailbox-flag-1099806","200","0","Mailbox Flag",""
"mushroom-house-garden-2260292","https://www.augnach.com/shop/p/mushroom-house-garden-2260292","200","0","Mushroom House Garden",""
"practical-stand-for-coffee-to-go-accessories-1762984","https://www.augnach.com/shop/p/practical-stand-for-coffee-to-go-accessories-1762984","200","0","Practical Stand for Coffee-To-Go Accessories",""
"modular-customizable-hex-bit-holder-with-labels-1751583","https://www.augnach.com/shop/p/modular-customizable-hex-bit-holder-with-labels-1751583","200","0","Modular Customizable Hex Bit Holder with Labels",""
"golf-ball-display-holder-2327550","https://www.augnach.com/shop/p/golf-ball-display-holder-2327550","200","0","Golf Ball Display/Holder",""
"pc-wall-case-2279860","https://www.augnach.com/shop/p/pc-wall-case-2279860","200","0","PC WALL CASE",""
"2020-christmas-ornament-sled-with-presents-68580","https://www.augnach.com/shop/p/2020-christmas-ornament-sled-with-presents-68580","200","0","2020 Christmas Ornament (Sled with Presents)",""
"support-for-ams-lite-vertical-stand-2161927","https://www.augnach.com/shop/p/support-for-ams-lite-vertical-stand-2161927","200","0","Support for AMS Lite Vertical Stand",""
"happy-easter-banner-sign-with-carrots-2421311","https://www.augnach.com/shop/p/happy-easter-banner-sign-with-carrots-2421311","200","0","Happy Easter Banner Sign with Carrots",""
"henry-creel-vecna-stranger-things-2368928","https://www.augnach.com/shop/p/henry-creel-vecna-stranger-things-2368928","200","0","Henry Creel Vecna Stranger Things",""
"gta-online-cayo-perico-pink-diamond-prop-2333463","https://www.augnach.com/shop/p/gta-online-cayo-perico-pink-diamond-prop-2333463","200","0","GTA Online Cayo Perico Pink Diamond Prop",""
"valentine-s-day-teddy-bear-with-heart-1008380","https://www.augnach.com/shop/p/valentine-s-day-teddy-bear-with-heart-1008380","200","0","Valentine'S Day Teddy Bear with Heart",""
"wall-protector-patch-door-bumper-2155012","https://www.augnach.com/shop/p/wall-protector-patch-door-bumper-2155012","200","0","Wall Protector/Patch/Door Bumper",""
"greek-soldier-2101274","https://www.augnach.com/shop/p/greek-soldier-2101274","200","0","Greek Soldier",""
"round-heart-gift-box-450449","https://www.augnach.com/shop/p/round-heart-gift-box-450449","200","0","Round Heart Gift Box",""
"lamborghini-sian-high-detail-one-piece-2304981","https://www.augnach.com/shop/p/lamborghini-sian-high-detail-one-piece-2304981","200","0","Lamborghini SiáN - High Detail One-Piece",""
"embroidery-spool-stand-for-sewing-machine-2374779","https://www.augnach.com/shop/p/embroidery-spool-stand-for-sewing-machine-2374779","200","0","Embroidery Spool Stand for Sewing Machine",""
"the-superhero-unicorn-keychain-design-2158321","https://www.augnach.com/shop/p/the-superhero-unicorn-keychain-design-2158321","200","0","The Superhero Unicorn Keychain - Design",""
"fantasy-horse-2318524","https://www.augnach.com/shop/p/fantasy-horse-2318524","200","0","Fantasy Horse",""
"1701-tos-case-for-supercon-9-communicator-badge-1935908","https://www.augnach.com/shop/p/1701-tos-case-for-supercon-9-communicator-badge-1935908","200","0","1701 TOS Case for Supercon 9 Communicator Badge",""
"small-heart-with-knit-look-for-valentine-s-day-2333953","https://www.augnach.com/shop/p/small-heart-with-knit-look-for-valentine-s-day-2333953","200","0","Small Heart with Knit Look for Valentine'S Day",""
"ammunition-display-2286569","https://www.augnach.com/shop/p/ammunition-display-2286569","200","0","Ammunition Display",""
"jamonero-ham-holder-1940048","https://www.augnach.com/shop/p/jamonero-ham-holder-1940048","200","0","Jamonero / Ham Holder",""
"keyboard-feet-1919071","https://www.augnach.com/shop/p/keyboard-feet-1919071","200","0","Keyboard Feet",""
"cute-halloween-bat-paintable-1759947","https://www.augnach.com/shop/p/cute-halloween-bat-paintable-1759947","200","0","Cute Halloween Bat - Paintable",""
"globe-with-heart-in-hands-71872","https://www.augnach.com/shop/p/globe-with-heart-in-hands-71872","200","0","Globe with Heart in Hands",""
"love-shadow-box-2221525","https://www.augnach.com/shop/p/love-shadow-box-2221525","200","0","Love Shadow Box",""
"new-year-glass-marker-2170486","https://www.augnach.com/shop/p/new-year-glass-marker-2170486","200","0","New Year Glass Marker",""
"3d-filament-hermetic-dehumidifying-drybox-2066354","https://www.augnach.com/shop/p/3d-filament-hermetic-dehumidifying-drybox-2066354","200","0","3D Filament Hermetic Dehumidifying Drybox",""
"adorable-kitten-keychains-2272767","https://www.augnach.com/shop/p/adorable-kitten-keychains-2272767","200","0","Adorable Kitten Keychains",""
"heartbound-sloth-2292697","https://www.augnach.com/shop/p/heartbound-sloth-2292697","200","0","Heartbound Sloth",""
"curved-flange-with-gate-valve-75mm-pipe-diameter-2278833","https://www.augnach.com/shop/p/curved-flange-with-gate-valve-75mm-pipe-diameter-2278833","200","0","Curved Flange with Gate Valve, 75mm Pipe Diameter",""
"sweet-sheep-with-heart-1050895","https://www.augnach.com/shop/p/sweet-sheep-with-heart-1050895","200","0","Sweet Sheep with Heart",""
"betafpv-cetus-x-with-batteries-case-2057672","https://www.augnach.com/shop/p/betafpv-cetus-x-with-batteries-case-2057672","200","0","BetaFPV Cetus X with Batteries Case",""
"nfc-keychain-nfc-keyring-1204056","https://www.augnach.com/shop/p/nfc-keychain-nfc-keyring-1204056","200","0","NFC Keychain - NFC Keyring",""
"4080-aluminum-cross-adapter-plate-2296374","https://www.augnach.com/shop/p/4080-aluminum-cross-adapter-plate-2296374","200","0","4080 Aluminum Cross Adapter Plate",""
"adjustable-tissue-box-holder-for-skadis-2356172","https://www.augnach.com/shop/p/adjustable-tissue-box-holder-for-skadis-2356172","200","0","Adjustable Tissue Box Holder for SKADIS",""
"columnar-candlestick-2151067","https://www.augnach.com/shop/p/columnar-candlestick-2151067","200","0","Columnar Candlestick",""
"cute-witch-cat-on-a-stool-great-for-cauldron-1911469","https://www.augnach.com/shop/p/cute-witch-cat-on-a-stool-great-for-cauldron-1911469","200","0","Cute Witch Cat on a Stool - Great for Cauldron",""
"racing-wheel-style-realme-gt8-deco-cover-2134505","https://www.augnach.com/shop/p/racing-wheel-style-realme-gt8-deco-cover-2134505","200","0","Racing Wheel Style Realme Gt8 Deco Cover",""
"laser-engraver-2075642","https://www.augnach.com/shop/p/laser-engraver-2075642","200","0","Laser Engraver",""
"minotaur-chibi-style-1733865","https://www.augnach.com/shop/p/minotaur-chibi-style-1733865","200","0","Minotaur Chibi Style",""
"spice-drawer-organizer-2137578","https://www.augnach.com/shop/p/spice-drawer-organizer-2137578","200","0","Spice Drawer Organizer",""
"modern-meets-vintage-clock-577167","https://www.augnach.com/shop/p/modern-meets-vintage-clock-577167","200","0","Modern Meets Vintage Clock",""
"cup-holder-and-bottle-opener-2393000","https://www.augnach.com/shop/p/cup-holder-and-bottle-opener-2393000","200","0","Cup Holder and Bottle Opener",""
"adjustable-feet-2034801","https://www.augnach.com/shop/p/adjustable-feet-2034801","200","0","Adjustable Feet",""
"historical-bismarck-battleship-from-1940-1826142","https://www.augnach.com/shop/p/historical-bismarck-battleship-from-1940-1826142","200","0","Historical Bismarck Battleship From 1940",""
"bust-of-a-woman-for-displaying-jewelry-2314109","https://www.augnach.com/shop/p/bust-of-a-woman-for-displaying-jewelry-2314109","200","0","Bust of a Woman - for Displaying Jewelry",""
"table-lamp-2050296","https://www.augnach.com/shop/p/table-lamp-2050296","200","0","Table Lamp",""
"t-rex-soft-dart-blaster-buttstock-sniper-bipod-2034503","https://www.augnach.com/shop/p/t-rex-soft-dart-blaster-buttstock-sniper-bipod-2034503","200","0","T-Rex Soft Dart Blaster Buttstock Sniper Bipod",""
"dainese-keychain-1933349","https://www.augnach.com/shop/p/dainese-keychain-1933349","200","0","Dainese Keychain",""
"spinning-photo-booth-1925826","https://www.augnach.com/shop/p/spinning-photo-booth-1925826","200","0","Spinning Photo Booth!",""
"pabda-stuff-holder-musa-2383564","https://www.augnach.com/shop/p/pabda-stuff-holder-musa-2383564","200","0","Pabda - Stuff Holder - Musa",""
"bloodline-elephant-2090089","https://www.augnach.com/shop/p/bloodline-elephant-2090089","200","0","Bloodline Elephant",""
"the-coolest-crossbow-with-scope-2088962","https://www.augnach.com/shop/p/the-coolest-crossbow-with-scope-2088962","200","0","The Coolest Crossbow - with Scope!",""
"snowball-christmas-house-2070912","https://www.augnach.com/shop/p/snowball-christmas-house-2070912","200","0","Snowball Christmas House",""
"tamiya-vw-golf-mk2-mf-01x-magnet-body-mount-1171319","https://www.augnach.com/shop/p/tamiya-vw-golf-mk2-mf-01x-magnet-body-mount-1171319","200","0","TAMIYA VW Golf Mk2 MF-01X - Magnet Body Mount",""
"adjustable-watch-holder-for-ikea-skadis-deskstand-1835776","https://www.augnach.com/shop/p/adjustable-watch-holder-for-ikea-skadis-deskstand-1835776","200","0","Adjustable Watch Holder for IKEA SkåDis /Deskstand",""
"brick-man-layered-wall-art-no-ams-needed-2037211","https://www.augnach.com/shop/p/brick-man-layered-wall-art-no-ams-needed-2037211","200","0","Brick Man Layered Wall Art (No AMS Needed)",""
"death-skull-with-tongue-out-key-bowl-halloween-1896628","https://www.augnach.com/shop/p/death-skull-with-tongue-out-key-bowl-halloween-1896628","200","0","Death Skull with Tongue Out - Key Bowl Halloween",""
"zombie-head-halloween-sweets-bowl-1749285","https://www.augnach.com/shop/p/zombie-head-halloween-sweets-bowl-1749285","200","0","Zombie Head Halloween Sweets Bowl",""
"purity-seal-of-the-blood-ravens-2409501","https://www.augnach.com/shop/p/purity-seal-of-the-blood-ravens-2409501","200","0","Purity Seal of the Blood Ravens",""
"wolf-led-2327129","https://www.augnach.com/shop/p/wolf-led-2327129","200","0","Wolf LED",""
"love-letter-card-tray-heart-2310698","https://www.augnach.com/shop/p/love-letter-card-tray-heart-2310698","200","0","Love Letter Card Tray - Heart",""
"chopstick-helper-assister-2047731","https://www.augnach.com/shop/p/chopstick-helper-assister-2047731","200","0","Chopstick Helper/Assister",""
"check-valve-backdraft-damper-2423255","https://www.augnach.com/shop/p/check-valve-backdraft-damper-2423255","200","0","Check Valve - Backdraft Damper",""
"princess-2-2344249","https://www.augnach.com/shop/p/princess-2-2344249","200","0","Princess 2",""
"ox-warrior-dagger-2131640","https://www.augnach.com/shop/p/ox-warrior-dagger-2131640","200","0","Ox Warrior Dagger",""
"customizable-christmas-tree-ornaments-2039387","https://www.augnach.com/shop/p/customizable-christmas-tree-ornaments-2039387","200","0","Customizable Christmas Tree Ornaments",""
"human-paladin-for-dnd-2279729","https://www.augnach.com/shop/p/human-paladin-for-dnd-2279729","200","0","Human Paladin for D&D",""
"govee-rgbic-floor-lamp-basic-base-shroud-2342975","https://www.augnach.com/shop/p/govee-rgbic-floor-lamp-basic-base-shroud-2342975","200","0","Govee RGBIC Floor Lamp Basic Base Shroud",""
"1-20-nissan-gt-r-functional-wheels-transmission-2331004","https://www.augnach.com/shop/p/1-20-nissan-gt-r-functional-wheels-transmission-2331004","200","0","1:20 Nissan GT-R Functional Wheels + Transmission",""
"sega-kleenex-tissue-cover-w-clicky-conttollers-2200153","https://www.augnach.com/shop/p/sega-kleenex-tissue-cover-w-clicky-conttollers-2200153","200","0","SEGA Kleenex Tissue Cover W/ Clicky Conttollers",""
"airsoft-whizzbanger-40mm-2046780","https://www.augnach.com/shop/p/airsoft-whizzbanger-40mm-2046780","200","0","Airsoft Whizzbanger 40mm",""
"witch-flamingo-1760517","https://www.augnach.com/shop/p/witch-flamingo-1760517","200","0","Witch Flamingo",""
"mjx-12212-front-shock-tower-mjx-p12170-2341911","https://www.augnach.com/shop/p/mjx-12212-front-shock-tower-mjx-p12170-2341911","200","0","MJX-12212 Front Shock Tower MJX P12170",""
"cat-keychains-744614","https://www.augnach.com/shop/p/cat-keychains-744614","200","0","Cat Keychains",""
"goldfish-big-eyes-2352140","https://www.augnach.com/shop/p/goldfish-big-eyes-2352140","200","0","Goldfish Big Eyes",""
"profiled-iso-nordic-keycaps-2279310","https://www.augnach.com/shop/p/profiled-iso-nordic-keycaps-2279310","200","0","Profiled ISO Nordic KeyCaps",""
"customizable-hook-ikea-skadis-2150245","https://www.augnach.com/shop/p/customizable-hook-ikea-skadis-2150245","200","0","Customizable Hook IKEA Skadis",""
"rosen-and-guns-2126700","https://www.augnach.com/shop/p/rosen-and-guns-2126700","200","0","Rosen and Guns",""
"plisse-modern-vase-2413835","https://www.augnach.com/shop/p/plisse-modern-vase-2413835","200","0","Plisse - Modern Vase",""
"valentine-s-day-heart-shaped-bolt-nut-couple-1062643","https://www.augnach.com/shop/p/valentine-s-day-heart-shaped-bolt-nut-couple-1062643","200","0","Valentine'S Day Heart-Shaped Bolt & Nut Couple",""
"worx-20v-battery-ikea-skadis-mount-2162100","https://www.augnach.com/shop/p/worx-20v-battery-ikea-skadis-mount-2162100","200","0","Worx 20V Battery IKEA Skadis Mount",""
"screw-jack-drill-attachment-2094991","https://www.augnach.com/shop/p/screw-jack-drill-attachment-2094991","200","0","Screw Jack Drill Attachment",""
"arc-raiders-keychain-2427035","https://www.augnach.com/shop/p/arc-raiders-keychain-2427035","200","0","Arc Raiders - Keychain",""
"prop-nunchucks-display-cosplay-model-2170586","https://www.augnach.com/shop/p/prop-nunchucks-display-cosplay-model-2170586","200","0","Prop Nunchucks - Display / Cosplay Model",""
"marshall-law-tekken-2337573","https://www.augnach.com/shop/p/marshall-law-tekken-2337573","200","0","Marshall Law Tekken",""
"120mm-fan-to-100mm-duct-magnetic-adapter-1919015","https://www.augnach.com/shop/p/120mm-fan-to-100mm-duct-magnetic-adapter-1919015","200","0","120mm Fan to 100mm Duct Magnetic Adapter",""
"dagger-1756612","https://www.augnach.com/shop/p/dagger-1756612","200","0","Dagger",""
"rugged-stackable-boxes-with-labelholder-enhanced-1751633","https://www.augnach.com/shop/p/rugged-stackable-boxes-with-labelholder-enhanced-1751633","200","0","Rugged Stackable Boxes with Labelholder - Enhanced",""
"crash-bandicoot-statue-2325536","https://www.augnach.com/shop/p/crash-bandicoot-statue-2325536","200","0","Crash Bandicoot Statue",""
"donkey-angel-led-2175371","https://www.augnach.com/shop/p/donkey-angel-led-2175371","200","0","Donkey Angel LED",""
"fantasy-christmas-ornament-2123382","https://www.augnach.com/shop/p/fantasy-christmas-ornament-2123382","200","0","Fantasy Christmas Ornament",""
"christmas-tree-for-4-baubles-2061847","https://www.augnach.com/shop/p/christmas-tree-for-4-baubles-2061847","200","0","Christmas Tree for 4 Baubles",""
"mr-hyde-with-bloody-teeth-1904960","https://www.augnach.com/shop/p/mr-hyde-with-bloody-teeth-1904960","200","0","Mr Hyde with Bloody Teeth",""
"easter-egg-chick-bowl-2419659","https://www.augnach.com/shop/p/easter-egg-chick-bowl-2419659","200","0","Easter Egg Chick Bowl",""
"lamp-225697","https://www.augnach.com/shop/p/lamp-225697","200","0","Lamp",""
"metal-slug-pixelated-soldier-2343492","https://www.augnach.com/shop/p/metal-slug-pixelated-soldier-2343492","200","0","METAL SLUG PIXELATED SOLDIER",""
"cable-management-box-star-trek-inspired-2151783","https://www.augnach.com/shop/p/cable-management-box-star-trek-inspired-2151783","200","0","Cable Management Box - Star Trek Inspired",""
"eastern-temple-2321577","https://www.augnach.com/shop/p/eastern-temple-2321577","200","0","Eastern Temple",""
"heart-with-hearts-easter-egg-156075","https://www.augnach.com/shop/p/heart-with-hearts-easter-egg-156075","200","0","Heart with Hearts Easter Egg",""
"hearts-headphones-stand-3dp-749415","https://www.augnach.com/shop/p/hearts-headphones-stand-3dp-749415","200","0","Hearts Headphones Stand 3DP",""
"character-from-the-movie-avatar-2276230","https://www.augnach.com/shop/p/character-from-the-movie-avatar-2276230","200","0","Character From the Movie Avatar",""
"knitted-christmas-gift-box-no-ams-required-2088059","https://www.augnach.com/shop/p/knitted-christmas-gift-box-no-ams-required-2088059","200","0","Knitted Christmas Gift Box (No AMS Required)",""
"capybara-holding-a-heart-rights-1938846","https://www.augnach.com/shop/p/capybara-holding-a-heart-rights-1938846","200","0","Capybara Holding a Heart - Rights",""
"easy-interchangeable-lightbox-1756392","https://www.augnach.com/shop/p/easy-interchangeable-lightbox-1756392","200","0","Easy Interchangeable Lightbox",""
"samsung-remote-holder-1064550","https://www.augnach.com/shop/p/samsung-remote-holder-1064550","200","0","Samsung Remote Holder",""
"princess-3-2344311","https://www.augnach.com/shop/p/princess-3-2344311","200","0","Princess 3",""
"fire-demon-can-holder-beer-mug-two-types-2260294","https://www.augnach.com/shop/p/fire-demon-can-holder-beer-mug-two-types-2260294","200","0","Fire Demon Can Holder / Beer Mug (Two Types)",""
"hannya-cosplay-mask-2315982","https://www.augnach.com/shop/p/hannya-cosplay-mask-2315982","200","0","Hannya - Cosplay Mask",""
"santa-pet-arms-nomad-sculpt-2102412","https://www.augnach.com/shop/p/santa-pet-arms-nomad-sculpt-2102412","200","0","Santa Pet Arms - Nomad Sculpt",""
"christmas-hat-magnet-10x3-2071256","https://www.augnach.com/shop/p/christmas-hat-magnet-10x3-2071256","200","0","Christmas Hat Magnet 10x3",""
"ceiling-shop-light-mount-for-skadis-pegboard-1732966","https://www.augnach.com/shop/p/ceiling-shop-light-mount-for-skadis-pegboard-1732966","200","0","Ceiling- Shop Light Mount for SKÅDIS Pegboard",""
"usb-hub-holder-2145909","https://www.augnach.com/shop/p/usb-hub-holder-2145909","200","0","USB Hub Holder",""
"maine-coon-cat-statue-2074126","https://www.augnach.com/shop/p/maine-coon-cat-statue-2074126","200","0","Maine Coon Cat Statue",""
"princess-2343393","https://www.augnach.com/shop/p/princess-2343393","200","0","Princess",""
"american-mcgee-s-alice-cat-led-light-2129510","https://www.augnach.com/shop/p/american-mcgee-s-alice-cat-led-light-2129510","200","0","American McGee'S Alice & Cat LED Light",""
"double-heart-2325101","https://www.augnach.com/shop/p/double-heart-2325101","200","0","Double Heart",""
"sticker-dispenser-1934491","https://www.augnach.com/shop/p/sticker-dispenser-1934491","200","0","Sticker Dispenser",""
"earring-holder-1911274","https://www.augnach.com/shop/p/earring-holder-1911274","200","0","Earring Holder",""
"cute-halloween-cat-easy-print-1911904","https://www.augnach.com/shop/p/cute-halloween-cat-easy-print-1911904","200","0","“Cute Halloween Cat /Easy Print”",""
"heartfelt-greetings-531716","https://www.augnach.com/shop/p/heartfelt-greetings-531716","200","0","Heartfelt Greetings",""
"4-slot-remote-control-holder-storage-compartment-2429139","https://www.augnach.com/shop/p/4-slot-remote-control-holder-storage-compartment-2429139","200","0","4-Slot Remote Control Holder + Storage Compartment",""
"worlds-smallest-airsoft-sniper-v-2-l96a1-working-2344063","https://www.augnach.com/shop/p/worlds-smallest-airsoft-sniper-v-2-l96a1-working-2344063","200","0","Worlds Smallest Airsoft Sniper (V 2) (L96A1) (Working)",""
"snowman-2043943","https://www.augnach.com/shop/p/snowman-2043943","200","0","Snowman",""
"cute-valentine-bunny-2340383","https://www.augnach.com/shop/p/cute-valentine-bunny-2340383","200","0","Cute Valentine Bunny",""
"chamber-heater-for-flashforge-5m-2170753","https://www.augnach.com/shop/p/chamber-heater-for-flashforge-5m-2170753","200","0","Chamber Heater for FlashForge 5m",""
"charizard-light-box-2154337","https://www.augnach.com/shop/p/charizard-light-box-2154337","200","0","Charizard Light Box",""
"customizable-xmas-volleyball-trophy-gadget-2098059","https://www.augnach.com/shop/p/customizable-xmas-volleyball-trophy-gadget-2098059","200","0","Customizable XMAS Volleyball Trophy/Gadget",""
"miniature-toy-safe-with-ornate-decoration-2077883","https://www.augnach.com/shop/p/miniature-toy-safe-with-ornate-decoration-2077883","200","0","Miniature Toy Safe with Ornate Decoration",""
"christmas-hats-1925213","https://www.augnach.com/shop/p/christmas-hats-1925213","200","0","Christmas Hats",""
"highland-cow-sitting-patiently-ai-generated-2435216","https://www.augnach.com/shop/p/highland-cow-sitting-patiently-ai-generated-2435216","200","0","Highland Cow Sitting Patiently AI Generated",""
"low-poly-sleeping-crescent-moon-2333884","https://www.augnach.com/shop/p/low-poly-sleeping-crescent-moon-2333884","200","7","Low Poly Sleeping Crescent Moon","https://images.squarespace-cdn.com/content/v1/6914262184e7d41fe3ac8966/5208d2ee-11bd-4f12-b79c-7ebc83a87f4e/03-source.png | https://images.squarespace-cdn.com/content/v1/6914262184e7d41fe3ac8966/97dd5e75-75c9-4eab-a094-d2a0569a0c74/05-source.png | https://images.squarespace-cdn.com/content/v1/6914262184e7d41fe3ac8966/97dd5e75-75c9-4eab-a094-d2a0569a0c74/05-source.png&quot;,&quot;mediaFocalPoint&quot;:{&quot;x&quot;:0.5,&quot;y&quot;:0.5,&quot;source&quot;:3}},&quot;fullUrl&quot;:&quot;/shop/p/low-poly-sleeping-crescent-moon-2333884&quot;,&quot;urlSlug&quot;:&quot;low-poly-sleeping-crescent-moon-2333884&quot;,&quot;qtyInStock&quot;:9223372036854775807,&quot;allowMultiplePurchase&quot;:true,&quot;scarce&quot;:false,&quot;published&quot;:true,&quot;tags&quot;:[&quot;MakerWorld&quot;,&quot;Commercial-safe&quot;,&quot;Made | https://images.squarespace-cdn.com/content/v1/6914262184e7d41fe3ac8966/a4c5b0c4-26d9-4d72-a10c-1da27e3eba09/02-source.png | https://images.squarespace-cdn.com/content/v1/6914262184e7d41fe3ac8966/c8768c58-2d2d-45f2-b124-c815007352de/01-source.png | https://images.squarespace-cdn.com/content/v1/6914262184e7d41fe3ac8966/c8768c58-2d2d-45f2-b124-c815007352de/01-source.png&quot;,&quot;mediaFocalPoint&quot;:{&quot;x&quot;:0.5,&quot;y&quot;:0.5,&quot;source&quot;:3}},{&quot;title&quot;:&quot;02-source.png&quot;,&quot;originalSize&quot;:&quot;690x695&quot;,&quot;assetUrl&quot;:&quot;https://images.squarespace-cdn.com/content/v1/6914262184e7d41fe3ac8966/a4c5b0c4-26d9-4d72-a10c-1da27e3eba09/02-source.png&quot;,&quot;mediaFocalPoint&quot;:{&quot;x&quot;:0.5,&quot;y&quot;:0.5,&quot;source&quot;:3}},{&quot;title&quot;:&quot;03-source.png&quot;,&quot;originalSize&quot;:&quot;656x615&quot;,&quot;assetUrl&quot;:&quot;https://images.squarespace-cdn.com/content/v1/6914262184e7d41fe3ac8966/5208d2ee-11bd-4f12-b79c-7ebc83a87f4e/03-source.png&quot;,&quot;mediaFocalPoint&quot;:{&quot;x&quot;:0.5,&quot;y&quot;:0.5,&quot;source&quot;:3}},{&quot;title&quot;:&quot;04-source.png&quot;,&quot;originalSize&quot;:&quot;589x673&quot;,&quot;assetUrl&quot;:&quot;https://images.squarespace-cdn.com/content/v1/6914262184e7d41fe3ac8966/d4ba14aa-ed4e-4f7f-9818-946c76fad406/04-source.png&quot;,&quot;mediaFocalPoint&quot;:{&quot;x&quot;:0.5,&quot;y&quot;:0.5,&quot;source&quot;:3}},{&quot;title&quot;:&quot;05-source.png&quot;,&quot;originalSize&quot;:&quot;1365x1024&quot;,&quot;assetUrl&quot;:&quot;https://images.squarespace-cdn.com/content/v1/6914262184e7d41fe3ac8966/97dd5e75-75c9-4eab-a094-d2a0569a0c74/05-source.png&quot;,&quot;mediaFocalPoint&quot;:{&quot;x&quot;:0.5,&quot;y&quot;:0.5,&quot;source&quot;:3}}],&quot;mainImage&quot;:{&quot;title&quot;:&quot;Low | https://images.squarespace-cdn.com/content/v1/6914262184e7d41fe3ac8966/d4ba14aa-ed4e-4f7f-9818-946c76fad406/04-source.png"
"solar-cable-grommet-thru-caravan-roof-45mm-to-65mm-2161640","https://www.augnach.com/shop/p/solar-cable-grommet-thru-caravan-roof-45mm-to-65mm-2161640","200","7","Solar Cable Grommet Thru Caravan Roof 45mm to 65mm","https://images.squarespace-cdn.com/content/v1/6914262184e7d41fe3ac8966/228a0d20-4f16-4afa-95b5-25f027e55ed8/05-source.jpg | https://images.squarespace-cdn.com/content/v1/6914262184e7d41fe3ac8966/a82ee22d-0ef1-4674-b3c0-dc4abe7f8c18/01-source.jpg | https://images.squarespace-cdn.com/content/v1/6914262184e7d41fe3ac8966/a82ee22d-0ef1-4674-b3c0-dc4abe7f8c18/01-source.jpg&quot;,&quot;mediaFocalPoint&quot;:{&quot;x&quot;:0.5,&quot;y&quot;:0.5,&quot;source&quot;:3}},&quot;fullUrl&quot;:&quot;/shop/p/solar-cable-grommet-thru-caravan-roof-45mm-to-65mm-2161640&quot;,&quot;urlSlug&quot;:&quot;solar-cable-grommet-thru-caravan-roof-45mm-to-65mm-2161640&quot;,&quot;qtyInStock&quot;:9223372036854775807,&quot;allowMultiplePurchase&quot;:true,&quot;scarce&quot;:false,&quot;published&quot;:true,&quot;tags&quot;:[&quot;MakerWorld&quot;,&quot;Commercial-safe&quot;,&quot;Made | https://images.squarespace-cdn.com/content/v1/6914262184e7d41fe3ac8966/a82ee22d-0ef1-4674-b3c0-dc4abe7f8c18/01-source.jpg&quot;,&quot;mediaFocalPoint&quot;:{&quot;x&quot;:0.5,&quot;y&quot;:0.5,&quot;source&quot;:3}},{&quot;title&quot;:&quot;02-source.jpg&quot;,&quot;originalSize&quot;:&quot;4000x3000&quot;,&quot;assetUrl&quot;:&quot;https://images.squarespace-cdn.com/content/v1/6914262184e7d41fe3ac8966/d5fa1dc2-b1fa-4dce-a46f-064f999165e8/02-source.jpg&quot;,&quot;mediaFocalPoint&quot;:{&quot;x&quot;:0.5,&quot;y&quot;:0.5,&quot;source&quot;:3}},{&quot;title&quot;:&quot;03-source.jpg&quot;,&quot;originalSize&quot;:&quot;4000x3000&quot;,&quot;assetUrl&quot;:&quot;https://images.squarespace-cdn.com/content/v1/6914262184e7d41fe3ac8966/d1dec1a3-8c13-45ad-8a10-08c607aa4433/03-source.jpg&quot;,&quot;mediaFocalPoint&quot;:{&quot;x&quot;:0.5,&quot;y&quot;:0.5,&quot;source&quot;:3}},{&quot;title&quot;:&quot;04-source.jpg&quot;,&quot;originalSize&quot;:&quot;4000x3000&quot;,&quot;assetUrl&quot;:&quot;https://images.squarespace-cdn.com/content/v1/6914262184e7d41fe3ac8966/d2ae79bc-ec94-4701-b129-4a02fd1b9428/04-source.jpg&quot;,&quot;mediaFocalPoint&quot;:{&quot;x&quot;:0.5,&quot;y&quot;:0.5,&quot;source&quot;:3}},{&quot;title&quot;:&quot;05-source.jpg&quot;,&quot;originalSize&quot;:&quot;4000x3000&quot;,&quot;assetUrl&quot;:&quot;https://images.squarespace-cdn.com/content/v1/6914262184e7d41fe3ac8966/228a0d20-4f16-4afa-95b5-25f027e55ed8/05-source.jpg&quot;,&quot;mediaFocalPoint&quot;:{&quot;x&quot;:0.5,&quot;y&quot;:0.5,&quot;source&quot;:3}}],&quot;mainImage&quot;:{&quot;title&quot;:&quot;Solar | https://images.squarespace-cdn.com/content/v1/6914262184e7d41fe3ac8966/d1dec1a3-8c13-45ad-8a10-08c607aa4433/03-source.jpg | https://images.squarespace-cdn.com/content/v1/6914262184e7d41fe3ac8966/d2ae79bc-ec94-4701-b129-4a02fd1b9428/04-source.jpg | https://images.squarespace-cdn.com/content/v1/6914262184e7d41fe3ac8966/d5fa1dc2-b1fa-4dce-a46f-064f999165e8/02-source.jpg"
"low-poly-sleeping-bear-2159789","https://www.augnach.com/shop/p/low-poly-sleeping-bear-2159789","200","7","Low Poly Sleeping Bear","https://images.squarespace-cdn.com/content/v1/6914262184e7d41fe3ac8966/1b2fa8c9-be3c-4759-a971-7c45dc658f1d/05-source.png | https://images.squarespace-cdn.com/content/v1/6914262184e7d41fe3ac8966/6d9f3e55-5fad-4bf0-89fa-c2c284dfce7e/03-source.png | https://images.squarespace-cdn.com/content/v1/6914262184e7d41fe3ac8966/6d9f3e55-5fad-4bf0-89fa-c2c284dfce7e/03-source.png&quot;,&quot;mediaFocalPoint&quot;:{&quot;x&quot;:0.5,&quot;y&quot;:0.5,&quot;source&quot;:3}},&quot;fullUrl&quot;:&quot;/shop/p/low-poly-sleeping-bear-2159789&quot;,&quot;urlSlug&quot;:&quot;low-poly-sleeping-bear-2159789&quot;,&quot;qtyInStock&quot;:9223372036854775807,&quot;allowMultiplePurchase&quot;:true,&quot;scarce&quot;:false,&quot;published&quot;:true,&quot;tags&quot;:[&quot;MakerWorld&quot;,&quot;Commercial-safe&quot;,&quot;Made | https://images.squarespace-cdn.com/content/v1/6914262184e7d41fe3ac8966/85ca618c-036c-4825-a8a3-cc1839faa802/02-source.png | https://images.squarespace-cdn.com/content/v1/6914262184e7d41fe3ac8966/d825df1d-ef8b-4c8e-8854-b1be12a7aef5/04-source.png | https://images.squarespace-cdn.com/content/v1/6914262184e7d41fe3ac8966/f905e7da-7302-4827-ad5d-73f6a75a2cdc/01-source.png | https://images.squarespace-cdn.com/content/v1/6914262184e7d41fe3ac8966/f905e7da-7302-4827-ad5d-73f6a75a2cdc/01-source.png&quot;,&quot;mediaFocalPoint&quot;:{&quot;x&quot;:0.5,&quot;y&quot;:0.5,&quot;source&quot;:3}},{&quot;title&quot;:&quot;02-source.png&quot;,&quot;originalSize&quot;:&quot;1536x1024&quot;,&quot;assetUrl&quot;:&quot;https://images.squarespace-cdn.com/content/v1/6914262184e7d41fe3ac8966/85ca618c-036c-4825-a8a3-cc1839faa802/02-source.png&quot;,&quot;mediaFocalPoint&quot;:{&quot;x&quot;:0.5,&quot;y&quot;:0.5,&quot;source&quot;:3}},{&quot;title&quot;:&quot;03-source.png&quot;,&quot;originalSize&quot;:&quot;600x357&quot;,&quot;assetUrl&quot;:&quot;https://images.squarespace-cdn.com/content/v1/6914262184e7d41fe3ac8966/6d9f3e55-5fad-4bf0-89fa-c2c284dfce7e/03-source.png&quot;,&quot;mediaFocalPoint&quot;:{&quot;x&quot;:0.5,&quot;y&quot;:0.5,&quot;source&quot;:3}},{&quot;title&quot;:&quot;04-source.png&quot;,&quot;originalSize&quot;:&quot;744x395&quot;,&quot;assetUrl&quot;:&quot;https://images.squarespace-cdn.com/content/v1/6914262184e7d41fe3ac8966/d825df1d-ef8b-4c8e-8854-b1be12a7aef5/04-source.png&quot;,&quot;mediaFocalPoint&quot;:{&quot;x&quot;:0.5,&quot;y&quot;:0.5,&quot;source&quot;:3}},{&quot;title&quot;:&quot;05-source.png&quot;,&quot;originalSize&quot;:&quot;1365x1024&quot;,&quot;assetUrl&quot;:&quot;https://images.squarespace-cdn.com/content/v1/6914262184e7d41fe3ac8966/1b2fa8c9-be3c-4759-a971-7c45dc658f1d/05-source.png&quot;,&quot;mediaFocalPoint&quot;:{&quot;x&quot;:0.5,&quot;y&quot;:0.5,&quot;source&quot;:3}}],&quot;mainImage&quot;:{&quot;title&quot;:&quot;Low"
"backhammer-plr-16-bullpup-kit-1922042","https://www.augnach.com/shop/p/backhammer-plr-16-bullpup-kit-1922042","200","0","Backhammer PLR-16 Bullpup Kit",""
"i-love-you-bookmark-2408098","https://www.augnach.com/shop/p/i-love-you-bookmark-2408098","200","0","I Love You Bookmark",""
"the-seven-deadly-sins-greed-2260833","https://www.augnach.com/shop/p/the-seven-deadly-sins-greed-2260833","200","0","The Seven Deadly Sins - Greed",""
"hellish-warrior-2415744","https://www.augnach.com/shop/p/hellish-warrior-2415744","200","0","Hellish Warrior",""
"tippy-the-dachshund-2380711","https://www.augnach.com/shop/p/tippy-the-dachshund-2380711","200","0","Tippy the Dachshund!",""
"forever-yours-lithophane-frame-with-3-roses-2338025","https://www.augnach.com/shop/p/forever-yours-lithophane-frame-with-3-roses-2338025","200","0","Forever Yours Lithophane Frame with 3 Roses",""
"valentine-day-heart-name-love-name-2346531","https://www.augnach.com/shop/p/valentine-day-heart-name-love-name-2346531","200","0","VALENTINE DAY HEART (NAME Love NAME)",""
"viking-woman-2293540","https://www.augnach.com/shop/p/viking-woman-2293540","200","0","Viking Woman",""
"rocket-puzzle-2422905","https://www.augnach.com/shop/p/rocket-puzzle-2422905","200","0","Rocket Puzzle",""
"v-slot-2020-external-corner-connector-l-bracket-2330491","https://www.augnach.com/shop/p/v-slot-2020-external-corner-connector-l-bracket-2330491","200","0","V-Slot 2020 External Corner Connector (L-Bracket)",""
"crankshaft-1761180","https://www.augnach.com/shop/p/crankshaft-1761180","200","0","CRANKSHAFT",""
"screwdriver-hook-for-ikea-skadis-pegboard-2430034","https://www.augnach.com/shop/p/screwdriver-hook-for-ikea-skadis-pegboard-2430034","200","0","Screwdriver Hook for IKEA SKADIS Pegboard",""
"biochemical-helmet-personalized-luminous-ornament-2170874","https://www.augnach.com/shop/p/biochemical-helmet-personalized-luminous-ornament-2170874","200","0","Biochemical Helmet Personalized Luminous Ornament",""
"tool-storage-pen-holder-2036202","https://www.augnach.com/shop/p/tool-storage-pen-holder-2036202","200","0","Tool Storage Pen Holder",""
"chibi-octopus-2416846","https://www.augnach.com/shop/p/chibi-octopus-2416846","200","0","Chibi Octopus",""
"jesus-cross-tealight-candle-1931387","https://www.augnach.com/shop/p/jesus-cross-tealight-candle-1931387","200","0","Jesus Cross Tealight Candle",""
"love-decor-gift-1343925","https://www.augnach.com/shop/p/love-decor-gift-1343925","200","0","Love Decor Gift",""
"headphone-stand-raised-desktop-mount-249227","https://www.augnach.com/shop/p/headphone-stand-raised-desktop-mount-249227","200","0","Headphone Stand - Raised Desktop Mount",""
"biber-stuff-holder-musa-2383651","https://www.augnach.com/shop/p/biber-stuff-holder-musa-2383651","200","0","Biber - Stuff Holder - Musa",""
"skadis-universal-3-drawer-parts-cabinet-2075131","https://www.augnach.com/shop/p/skadis-universal-3-drawer-parts-cabinet-2075131","200","0","Skadis Universal 3 Drawer Parts Cabinet",""
"stackable-3d-printed-gearbox-1942349","https://www.augnach.com/shop/p/stackable-3d-printed-gearbox-1942349","200","0","STACKABLE 3D-PRINTED GEARBOX",""
"led-cube-cpu-monitor-1750184","https://www.augnach.com/shop/p/led-cube-cpu-monitor-1750184","200","0","LED Cube CPU Monitor",""
"spider-christmas-bauble-ornament-2105685","https://www.augnach.com/shop/p/spider-christmas-bauble-ornament-2105685","200","0","Spider Christmas Bauble Ornament",""
"minimalistic-swan-2149910","https://www.augnach.com/shop/p/minimalistic-swan-2149910","200","0","Minimalistic Swan",""
"sanding-block-2044701","https://www.augnach.com/shop/p/sanding-block-2044701","200","0","Sanding Block",""
"table-leg-extender-1947945","https://www.augnach.com/shop/p/table-leg-extender-1947945","200","0","Table Leg Extender",""
"chibi-ghost-chilling-1928180","https://www.augnach.com/shop/p/chibi-ghost-chilling-1928180","200","7","Chibi Ghost Chilling","https://images.squarespace-cdn.com/content/v1/6914262184e7d41fe3ac8966/2671397c-9578-47ac-b693-a38f1d2d26ad/chibi-ghost-chilling-1928180-02.png | https://images.squarespace-cdn.com/content/v1/6914262184e7d41fe3ac8966/2adcbe1a-e14d-4088-a05a-fc1f1acac88a/chibi-ghost-chilling-1928180-05.png | https://images.squarespace-cdn.com/content/v1/6914262184e7d41fe3ac8966/6d325a19-96f9-4bf7-9f80-ad57ec808754/chibi-ghost-chilling-1928180-03.png | https://images.squarespace-cdn.com/content/v1/6914262184e7d41fe3ac8966/8ba70c09-eb40-4d61-9a1f-c8f9d1c4864d/chibi-ghost-chilling-1928180-04.png | https://images.squarespace-cdn.com/content/v1/6914262184e7d41fe3ac8966/e589bcbb-aac4-4687-b10c-049156961f92/chibi-ghost-chilling-1928180-01.png | https://images.squarespace-cdn.com/content/v1/6914262184e7d41fe3ac8966/e589bcbb-aac4-4687-b10c-049156961f92/chibi-ghost-chilling-1928180-01.png&quot;,&quot;mediaFocalPoint&quot;:{&quot;x&quot;:0.5,&quot;y&quot;:0.5,&quot;source&quot;:3}},&quot;fullUrl&quot;:&quot;/shop/p/chibi-ghost-chilling-1928180&quot;,&quot;urlSlug&quot;:&quot;chibi-ghost-chilling-1928180&quot;,&quot;qtyInStock&quot;:9223372036854775807,&quot;allowMultiplePurchase&quot;:true,&quot;scarce&quot;:false,&quot;published&quot;:true,&quot;tags&quot;:[&quot;MakerWorld&quot;,&quot;Commercial-safe&quot;,&quot;Made | https://images.squarespace-cdn.com/content/v1/6914262184e7d41fe3ac8966/e589bcbb-aac4-4687-b10c-049156961f92/chibi-ghost-chilling-1928180-01.png&quot;,&quot;mediaFocalPoint&quot;:{&quot;x&quot;:0.5,&quot;y&quot;:0.5,&quot;source&quot;:3}},{&quot;title&quot;:&quot;chibi-ghost-chilling-1928180-02.png&quot;,&quot;originalSize&quot;:&quot;1254x1254&quot;,&quot;assetUrl&quot;:&quot;https://images.squarespace-cdn.com/content/v1/6914262184e7d41fe3ac8966/2671397c-9578-47ac-b693-a38f1d2d26ad/chibi-ghost-chilling-1928180-02.png&quot;,&quot;mediaFocalPoint&quot;:{&quot;x&quot;:0.5,&quot;y&quot;:0.5,&quot;source&quot;:3}},{&quot;title&quot;:&quot;chibi-ghost-chilling-1928180-03.png&quot;,&quot;originalSize&quot;:&quot;1254x1254&quot;,&quot;assetUrl&quot;:&quot;https://images.squarespace-cdn.com/content/v1/6914262184e7d41fe3ac8966/6d325a19-96f9-4bf7-9f80-ad57ec808754/chibi-ghost-chilling-1928180-03.png&quot;,&quot;mediaFocalPoint&quot;:{&quot;x&quot;:0.5,&quot;y&quot;:0.5,&quot;source&quot;:3}},{&quot;title&quot;:&quot;chibi-ghost-chilling-1928180-04.png&quot;,&quot;originalSize&quot;:&quot;1254x1254&quot;,&quot;assetUrl&quot;:&quot;https://images.squarespace-cdn.com/content/v1/6914262184e7d41fe3ac8966/8ba70c09-eb40-4d61-9a1f-c8f9d1c4864d/chibi-ghost-chilling-1928180-04.png&quot;,&quot;mediaFocalPoint&quot;:{&quot;x&quot;:0.5,&quot;y&quot;:0.5,&quot;source&quot;:3}},{&quot;title&quot;:&quot;chibi-ghost-chilling-1928180-05.png&quot;,&quot;originalSize&quot;:&quot;1254x1254&quot;,&quot;assetUrl&quot;:&quot;https://images.squarespace-cdn.com/content/v1/6914262184e7d41fe3ac8966/2adcbe1a-e14d-4088-a05a-fc1f1acac88a/chibi-ghost-chilling-1928180-05.png&quot;,&quot;mediaFocalPoint&quot;:{&quot;x&quot;:0.5,&quot;y&quot;:0.5,&quot;source&quot;:3}}],&quot;mainImage&quot;:{&quot;title&quot;:&quot;Chibi"
"dragon-chained-to-a-rock-2323889","https://www.augnach.com/shop/p/dragon-chained-to-a-rock-2323889","200","6","Dragon Chained to a Rock","https://images.squarespace-cdn.com/content/v1/6914262184e7d41fe3ac8966/31412e78-c7f3-44e1-93a8-93bfac854b2e/dragon-chained-to-a-rock-2323889-02.png | https://images.squarespace-cdn.com/content/v1/6914262184e7d41fe3ac8966/be9ba1e0-bc8f-444e-a440-05c634b4a02d/dragon-chained-to-a-rock-2323889-05.png | https://images.squarespace-cdn.com/content/v1/6914262184e7d41fe3ac8966/d26aee87-fa15-44af-a106-849de74a5bcf/dragon-chained-to-a-rock-2323889-03.png | https://images.squarespace-cdn.com/content/v1/6914262184e7d41fe3ac8966/f64b83e5-c34c-4f30-89f7-fd78f09730a0/dragon-chained-to-a-rock-2323889-04.png | https://images.squarespace-cdn.com/content/v1/6914262184e7d41fe3ac8966/f8e2405a-8c1b-4765-8f10-34bed81b035b/dragon-chained-to-a-rock-2323889-01.png | https://images.squarespace-cdn.com/content/v1/6914262184e7d41fe3ac8966/f8e2405a-8c1b-4765-8f10-34bed81b035b/dragon-chained-to-a-rock-2323889-01.png&quot;,&quot;mediaFocalPoint&quot;:{&quot;x&quot;:0.5,&quot;y&quot;:0.5,&quot;source&quot;:3}},{&quot;title&quot;:&quot;dragon-chained-to-a-rock-2323889-02.png&quot;,&quot;originalSize&quot;:&quot;1254x1254&quot;,&quot;assetUrl&quot;:&quot;https://images.squarespace-cdn.com/content/v1/6914262184e7d41fe3ac8966/31412e78-c7f3-44e1-93a8-93bfac854b2e/dragon-chained-to-a-rock-2323889-02.png&quot;,&quot;mediaFocalPoint&quot;:{&quot;x&quot;:0.5,&quot;y&quot;:0.5,&quot;source&quot;:3}},{&quot;title&quot;:&quot;dragon-chained-to-a-rock-2323889-03.png&quot;,&quot;originalSize&quot;:&quot;1254x1254&quot;,&quot;assetUrl&quot;:&quot;https://images.squarespace-cdn.com/content/v1/6914262184e7d41fe3ac8966/d26aee87-fa15-44af-a106-849de74a5bcf/dragon-chained-to-a-rock-2323889-03.png&quot;,&quot;mediaFocalPoint&quot;:{&quot;x&quot;:0.5,&quot;y&quot;:0.5,&quot;source&quot;:3}},{&quot;title&quot;:&quot;dragon-chained-to-a-rock-2323889-04.png&quot;,&quot;originalSize&quot;:&quot;1254x1254&quot;,&quot;assetUrl&quot;:&quot;https://images.squarespace-cdn.com/content/v1/6914262184e7d41fe3ac8966/f64b83e5-c34c-4f30-89f7-fd78f09730a0/dragon-chained-to-a-rock-2323889-04.png&quot;,&quot;mediaFocalPoint&quot;:{&quot;x&quot;:0.5,&quot;y&quot;:0.5,&quot;source&quot;:3}},{&quot;title&quot;:&quot;dragon-chained-to-a-rock-2323889-05.png&quot;,&quot;originalSize&quot;:&quot;1254x1254&quot;,&quot;assetUrl&quot;:&quot;https://images.squarespace-cdn.com/content/v1/6914262184e7d41fe3ac8966/be9ba1e0-bc8f-444e-a440-05c634b4a02d/dragon-chained-to-a-rock-2323889-05.png&quot;,&quot;mediaFocalPoint&quot;:{&quot;x&quot;:0.5,&quot;y&quot;:0.5,&quot;source&quot;:3}}],&quot;fullUrl&quot;:&quot;/shop/p/dragon-chained-to-a-rock-2323889&quot;,&quot;urlSlug&quot;:&quot;dragon-chained-to-a-rock-2323889&quot;,&quot;qtyInStock&quot;:9223372036854775807,&quot;allowMultiplePurchase&quot;:true,&quot;scarce&quot;:false,&quot;published&quot;:true,&quot;tags&quot;:[&quot;MakerWorld&quot;,&quot;Commercial-safe&quot;,&quot;Made"
"dragon-chained-to-a-rock-2-2323908","https://www.augnach.com/shop/p/dragon-chained-to-a-rock-2-2323908","200","6","Dragon Chained to a Rock 2","https://images.squarespace-cdn.com/content/v1/6914262184e7d41fe3ac8966/4693e9ed-c306-4e4d-8ef1-feeed29e3b72/dragon-chained-to-a-rock-2-2323908-03.png | https://images.squarespace-cdn.com/content/v1/6914262184e7d41fe3ac8966/6ca36683-649b-4876-b7a0-c037092c3a74/dragon-chained-to-a-rock-2-2323908-01.png | https://images.squarespace-cdn.com/content/v1/6914262184e7d41fe3ac8966/6ca36683-649b-4876-b7a0-c037092c3a74/dragon-chained-to-a-rock-2-2323908-01.png&quot;,&quot;mediaFocalPoint&quot;:{&quot;x&quot;:0.5,&quot;y&quot;:0.5,&quot;source&quot;:3}},{&quot;title&quot;:&quot;dragon-chained-to-a-rock-2-2323908-02.png&quot;,&quot;originalSize&quot;:&quot;1254x1254&quot;,&quot;assetUrl&quot;:&quot;https://images.squarespace-cdn.com/content/v1/6914262184e7d41fe3ac8966/ff0bc724-aee1-47dd-8370-126460f887ad/dragon-chained-to-a-rock-2-2323908-02.png&quot;,&quot;mediaFocalPoint&quot;:{&quot;x&quot;:0.5,&quot;y&quot;:0.5,&quot;source&quot;:3}},{&quot;title&quot;:&quot;dragon-chained-to-a-rock-2-2323908-03.png&quot;,&quot;originalSize&quot;:&quot;1254x1254&quot;,&quot;assetUrl&quot;:&quot;https://images.squarespace-cdn.com/content/v1/6914262184e7d41fe3ac8966/4693e9ed-c306-4e4d-8ef1-feeed29e3b72/dragon-chained-to-a-rock-2-2323908-03.png&quot;,&quot;mediaFocalPoint&quot;:{&quot;x&quot;:0.5,&quot;y&quot;:0.5,&quot;source&quot;:3}},{&quot;title&quot;:&quot;dragon-chained-to-a-rock-2-2323908-04.png&quot;,&quot;originalSize&quot;:&quot;1254x1254&quot;,&quot;assetUrl&quot;:&quot;https://images.squarespace-cdn.com/content/v1/6914262184e7d41fe3ac8966/b73d5d4b-d665-439f-8cdb-74504a168ff1/dragon-chained-to-a-rock-2-2323908-04.png&quot;,&quot;mediaFocalPoint&quot;:{&quot;x&quot;:0.5,&quot;y&quot;:0.5,&quot;source&quot;:3}},{&quot;title&quot;:&quot;dragon-chained-to-a-rock-2-2323908-05.png&quot;,&quot;originalSize&quot;:&quot;1254x1254&quot;,&quot;assetUrl&quot;:&quot;https://images.squarespace-cdn.com/content/v1/6914262184e7d41fe3ac8966/a9b6ccc8-4919-4c45-99b6-dfe9c831d235/dragon-chained-to-a-rock-2-2323908-05.png&quot;,&quot;mediaFocalPoint&quot;:{&quot;x&quot;:0.5,&quot;y&quot;:0.5,&quot;source&quot;:3}}],&quot;fullUrl&quot;:&quot;/shop/p/dragon-chained-to-a-rock-2-2323908&quot;,&quot;urlSlug&quot;:&quot;dragon-chained-to-a-rock-2-2323908&quot;,&quot;qtyInStock&quot;:9223372036854775807,&quot;allowMultiplePurchase&quot;:true,&quot;scarce&quot;:false,&quot;published&quot;:true,&quot;tags&quot;:[&quot;MakerWorld&quot;,&quot;Commercial-safe&quot;,&quot;Made | https://images.squarespace-cdn.com/content/v1/6914262184e7d41fe3ac8966/a9b6ccc8-4919-4c45-99b6-dfe9c831d235/dragon-chained-to-a-rock-2-2323908-05.png | https://images.squarespace-cdn.com/content/v1/6914262184e7d41fe3ac8966/b73d5d4b-d665-439f-8cdb-74504a168ff1/dragon-chained-to-a-rock-2-2323908-04.png | https://images.squarespace-cdn.com/content/v1/6914262184e7d41fe3ac8966/ff0bc724-aee1-47dd-8370-126460f887ad/dragon-chained-to-a-rock-2-2323908-02.png"
