"Product URL","Title","Description","Price","Sale Price","Categories","Tags","Visible","Hosted Image URLs"
"redtee2-8pgh6","Christmas Tree - Festive PLA Decoration","<p style=""white-space:pre-wrap;"" data-rte-preserve-empty=""true"">Bring holiday cheer to any space with this locally made 3D printed Christmas tree. Crafted from eco-friendly PLA plastic right here in the Bay Area, it’s lightweight, durable, and perfect for decorating desks, shelves, or holiday tables. Each piece is printed with care and finished by hand for a smooth, festive look. Great for gifting or adding a touch of holiday spirit to your own home.</p>","52.49","44.49","/holiday-seasonal","","No","https://images.squarespace-cdn.com/content/v1/6914262184e7d41fe3ac8966/d10dc420-f57b-4aa4-8bba-6c5045a673e2/IMG_5533.jpg https://images.squarespace-cdn.com/content/v1/6914262184e7d41fe3ac8966/ab802786-c343-4ddc-a89b-f6718ea5d596/IMG_5535.jpg https://images.squarespace-cdn.com/content/v1/6914262184e7d41fe3ac8966/f77782ac-9759-42c6-a2d3-13970586aeda/IMG_5536.jpg https://images.squarespace-cdn.com/content/v1/6914262184e7d41fe3ac8966/47372cf4-d7f1-4a03-b787-dd62abf3d9e0/IMG_5537.jpg https://images.squarespace-cdn.com/content/v1/6914262184e7d41fe3ac8966/9cf9be49-008c-494e-9850-2499ab2b14fa/IMG_5538.jpg"
"redtee2-8pgh6-e9hl7","Dino Buddy - Brachio Toy","<p style=""white-space:pre-wrap;"" data-rte-preserve-empty=""true"">Bring prehistoric charm to your desk or shelf with <strong>Dino Buddy</strong>, a 3D printed miniature inspired by the gentle giants of the Jurassic era. Crafted with smooth precision, this little dinosaur adds a playful touch to any space — perfect as a collectible, desk companion, or gift for dinosaur lovers and 3D printing enthusiasts.</p><p style=""white-space:pre-wrap;"" data-rte-preserve-empty=""true"">Each Dino Buddy is <strong>3D printed with eco-friendly PLA</strong>, featuring a lightweight and durable design that highlights the texture and detail of modern 3D craftsmanship.</p>","18.49","15.99","/toys-figures","","No","https://images.squarespace-cdn.com/content/v1/6914262184e7d41fe3ac8966/9bbd3aa5-9f49-4a05-9170-b9adfe44ce5f/IMG_5540.jpeg https://images.squarespace-cdn.com/content/v1/6914262184e7d41fe3ac8966/a4550e68-17f6-47a5-ad98-26b7fcc701ba/IMG_5539.jpeg https://images.squarespace-cdn.com/content/v1/6914262184e7d41fe3ac8966/cba0ce0e-7402-42c9-8bdc-3e51ef9e64af/IMG_5542.jpeg https://images.squarespace-cdn.com/content/v1/6914262184e7d41fe3ac8966/fad508ac-6877-4ebe-abcc-2cd621e10bdd/IMG_5541.jpeg"
"","","","18.49","15.99","","","",""
"","","","18.49","15.99","","","",""
"","","","18.49","15.99","","","",""
"","","","18.49","15.99","","","",""
"","","","18.49","15.99","","","",""
"3d-printed-dragon-dice-tower-with-matching-dice-fantasy-tabletop-accessory","Dragon Dice Tower with Matching Dice - Fantasy Tabletop Accessory","<p style=""white-space:pre-wrap;"" data-rte-preserve-empty=""true"">Add a touch of fantasy to your tabletop games with this 3D printed <strong>Dragon Dice Tower</strong>, complete with a matching dice. A detailed dragon perches at the top of the tower, giving it a bold and magical look that fits perfectly with D&amp;D, RPG adventures, and board game nights.</p><p style=""white-space:pre-wrap;"" data-rte-preserve-empty=""true"">Locally 3D printed in the Bay Area using durable PLA, this tower delivers <strong>smooth, consistent dice rolls</strong> while keeping everything contained and easy to read. It’s lightweight, sturdy, and compact enough to travel with — making it great for home sessions, meetups, or conventions.</p>","51.99","43.99","/toys-figures","","No","https://images.squarespace-cdn.com/content/v1/6914262184e7d41fe3ac8966/99df6a23-1c58-4d33-9ecc-afaaf404378c/IMG_5560.jpeg https://images.squarespace-cdn.com/content/v1/6914262184e7d41fe3ac8966/81276343-cc09-429b-89c5-0a53efa54567/IMG_5551.jpeg https://images.squarespace-cdn.com/content/v1/6914262184e7d41fe3ac8966/dd7b406c-e444-4cd3-b555-662d40b558f7/IMG_5550.jpeg https://images.squarespace-cdn.com/content/v1/6914262184e7d41fe3ac8966/d63b57d5-ffe7-47cd-b26d-e977439f90da/IMG_5546.jpeg https://images.squarespace-cdn.com/content/v1/6914262184e7d41fe3ac8966/a64db712-c4d5-473c-bfab-5c065f73d4d2/IMG_5547.jpeg https://images.squarespace-cdn.com/content/v1/6914262184e7d41fe3ac8966/193818f7-bdfa-48a2-9889-1aa0be7781da/IMG_5548.jpeg https://images.squarespace-cdn.com/content/v1/6914262184e7d41fe3ac8966/1ea9e8f7-5079-4ebc-8ee3-b5c1067db64b/IMG_5549.jpeg https://images.squarespace-cdn.com/content/v1/6914262184e7d41fe3ac8966/e81fb83a-b754-43b6-9841-f29de988d178/IMG_5552.jpeg https://images.squarespace-cdn.com/content/v1/6914262184e7d41fe3ac8966/8c6720d6-b678-458a-a4e2-de9f5e6ea158/IMG_5553.jpeg https://images.squarespace-cdn.com/content/v1/6914262184e7d41fe3ac8966/35f028f1-64ef-4c4e-a8dd-befe7d969eb3/IMG_5554.jpeg https://images.squarespace-cdn.com/content/v1/6914262184e7d41fe3ac8966/a2d5ef65-eb8a-4268-95b0-9078a21e8928/IMG_5555.jpeg https://images.squarespace-cdn.com/content/v1/6914262184e7d41fe3ac8966/07adb7d5-02fb-4e9d-94bf-1926082ee0d7/IMG_5556.jpeg https://images.squarespace-cdn.com/content/v1/6914262184e7d41fe3ac8966/b5d8b13b-b98d-4ac5-833e-4aca314361d6/IMG_5557.jpeg https://images.squarespace-cdn.com/content/v1/6914262184e7d41fe3ac8966/1167ac27-8f65-4024-83b0-2c6a98a6d937/IMG_5558.jpeg https://images.squarespace-cdn.com/content/v1/6914262184e7d41fe3ac8966/9b9a64cc-b207-4cc0-907a-d380d1022864/IMG_5559.jpeg https://images.squarespace-cdn.com/content/v1/6914262184e7d41fe3ac8966/8d20331f-7926-4365-aebd-41841097d897/IMG_5561.jpeg"
"","","","51.99","43.99","","","",""
"","","","51.99","43.99","","","",""
"3d-printed-articulated-dragon-flexible-fidget-toy-desk-display","Articulated Dragon - Flexible Fidget Toy & Desk Display","<p style=""white-space:pre-wrap;"" data-rte-preserve-empty=""true"">Bring a touch of fantasy to your desk, shelf, or game setup with this fully articulated 3D printed dragon. Designed with segmented joints that bend and move smoothly, this dragon is both a fun fidget toy and a striking decorative piece.</p><p style=""white-space:pre-wrap;"" data-rte-preserve-empty=""true"">Each dragon is locally 3D printed in the Bay Area using durable PLA and finished with clean detail. Lightweight, flexible, and satisfying to pose, it makes a great gift for dragon lovers, gamers, fidget fans, or anyone who appreciates eye-catching 3D printed creations.</p>","15.99","13.99","/toys-figures","","No","https://images.squarespace-cdn.com/content/v1/6914262184e7d41fe3ac8966/ad77553f-7eb5-4cd9-ab28-ade7901b87e3/IMG_5565.jpeg https://images.squarespace-cdn.com/content/v1/6914262184e7d41fe3ac8966/4e017214-c9bf-4452-bce2-4d306dcc3487/IMG_5563.jpeg https://images.squarespace-cdn.com/content/v1/6914262184e7d41fe3ac8966/19c6139f-300e-40de-b585-17a116a93e7d/IMG_5564.jpeg https://images.squarespace-cdn.com/content/v1/6914262184e7d41fe3ac8966/4bf3ee54-808e-49c5-ae54-4a23c555f78d/IMG_5566.jpeg https://images.squarespace-cdn.com/content/v1/6914262184e7d41fe3ac8966/60935726-d721-457e-b534-39eebbcbcfe6/IMG_5567.jpeg https://images.squarespace-cdn.com/content/v1/6914262184e7d41fe3ac8966/6d5a7625-4a00-4f91-a374-aaa0a5af1322/IMG_5568.jpeg https://images.squarespace-cdn.com/content/v1/6914262184e7d41fe3ac8966/2661ee2d-a257-4c04-ac46-2ed169226cb1/IMG_5571.jpeg https://images.squarespace-cdn.com/content/v1/6914262184e7d41fe3ac8966/87fa9cef-858b-4fc2-be85-ae097e9c3734/IMG_5569.jpeg https://images.squarespace-cdn.com/content/v1/6914262184e7d41fe3ac8966/61785b82-1c62-413f-a847-9f224eda728d/IMG_5570.jpeg"
"","","","15.99","13.99","","","",""
"","","","15.99","13.99","","","",""
"","","","15.99","13.99","","","",""
"","","","15.99","13.99","","","",""
"3d-printed-acorn-storage-container-lift-off-lid-mini-holder","Acorn Storage Container - Lift-Off Lid Mini Holder","<p style=""white-space:pre-wrap;"" data-rte-preserve-empty=""true"">This acorn-shaped storage container keeps small items organized while adding a woodland touch to a desk, shelf, or game table. The lift-off lid gives quick access for dice, jewelry, office supplies, small toys, or keepsakes. Printed in durable PLA and checked before shipping.</p>","21.99","18.49","/home-organization","","No","https://images.squarespace-cdn.com/content/v1/6914262184e7d41fe3ac8966/85d6423b-045e-48b7-925b-c1ccbf8941b2/IMG_5580.jpeg https://images.squarespace-cdn.com/content/v1/6914262184e7d41fe3ac8966/d46539e2-0f03-40c5-86a4-5ebba921789f/IMG_5581.jpeg https://images.squarespace-cdn.com/content/v1/6914262184e7d41fe3ac8966/f8070950-f01d-4004-a66d-b7e25d7c83f8/IMG_5582.jpeg https://images.squarespace-cdn.com/content/v1/6914262184e7d41fe3ac8966/e58df535-64de-46a6-92c4-09b4db64ae1d/IMG_5583.jpeg https://images.squarespace-cdn.com/content/v1/6914262184e7d41fe3ac8966/66423f34-0fbc-4ca7-812e-804073464376/IMG_5579.jpeg"
"3d-printed-santa-claus-treat-bowl-holiday-candy-or-snack-holder","Santa Claus Treat Bowl - Holiday Candy or Snack Holder","<p style=""white-space:pre-wrap;"" data-rte-preserve-empty=""true"">Bring holiday cheer to your home with this festive 3D printed <strong>Santa Claus treat bowl</strong>. Featuring a cheerful Santa figure holding a rounded bowl, this piece is perfect for serving candies, small snacks, mints, or holiday goodies. It also works great as a decorative holder for keys, coins, or small items during the Christmas season.</p><p style=""white-space:pre-wrap;"" data-rte-preserve-empty=""true"">Locally 3D printed in the Bay Area using durable PLA, this Santa bowl is lightweight, sturdy, and designed to add a warm, festive touch to any table, desk, or countertop. A fun addition to holiday décor and a great gift for kids and Christmas lovers.</p><p style=""white-space:pre-wrap;"" data-rte-preserve-empty=""true""><strong>Details:</strong></p><ul data-rte-list=""true""><li><p style=""white-space:pre-wrap;"" data-rte-preserve-empty=""true"">Material: PLA (eco-friendly thermoplastic)</p></li><li><p style=""white-space:pre-wrap;"" data-rte-preserve-empty=""true"">Features Santa figure holding a bowl</p></li><li><p style=""white-space:pre-wrap;"" data-rte-preserve-empty=""true"">Ideal for candy, snacks, keys, or small trinkets</p></li><li><p style=""white-space:pre-wrap;"" data-rte-preserve-empty=""true"">Festive tabletop décor for the holiday season</p></li><li><p style=""white-space:pre-wrap;"" data-rte-preserve-empty=""true"">Locally 3D printed in the Bay Area, California</p></li><li><p style=""white-space:pre-wrap;"" data-rte-preserve-empty=""true"">Ships safely packaged</p></li></ul>","41.49","35.49","/holiday-seasonal","","No","https://images.squarespace-cdn.com/content/v1/6914262184e7d41fe3ac8966/bf43b41d-1575-4ed4-85ab-2f69a1ffbf6f/IMG_5584.jpeg https://images.squarespace-cdn.com/content/v1/6914262184e7d41fe3ac8966/5fd8a9be-420c-4677-820d-69b5eab306f7/IMG_5585.jpeg https://images.squarespace-cdn.com/content/v1/6914262184e7d41fe3ac8966/3c0cb3bf-6d52-4617-b9c1-e3bb0846ad27/IMG_5586.jpeg"
"3d-printed-holiday-wreath-ornament-door-window-hanging-decor","Holiday Wreath Ornament - Door & Window Hanging Decor","<p style=""white-space:pre-wrap;"" data-rte-preserve-empty=""true"">Add a touch of elegance to your holiday décor with this beautifully detailed 3D printed <strong>Holiday Wreath Ornament</strong>. Featuring layered holly leaves and berries with a metallic finish, this festive wreath is perfect for hanging on doors, windows, walls, or Christmas displays.</p><p style=""white-space:pre-wrap;"" data-rte-preserve-empty=""true"">Lightweight and durable, it’s easy to hang using the built-in loop at the top. Each wreath is locally 3D printed in the Bay Area using high-quality PLA and finished with a two-tone color design for a decorative, eye-catching look. A great seasonal accent for homes, offices, and gift-giving.</p><p style=""white-space:pre-wrap;"" data-rte-preserve-empty=""true""><strong>Details:</strong></p><ul data-rte-list=""true""><li><p style=""white-space:pre-wrap;"" data-rte-preserve-empty=""true"">Material: PLA (eco-friendly thermoplastic)</p></li><li><p style=""white-space:pre-wrap;"" data-rte-preserve-empty=""true"">Built-in hanging loop for easy display</p></li><li><p style=""white-space:pre-wrap;"" data-rte-preserve-empty=""true"">Features holly leaves and berry detailing</p></li><li><p style=""white-space:pre-wrap;"" data-rte-preserve-empty=""true"">Ideal for doors, windows, walls, or holiday setups</p></li><li><p style=""white-space:pre-wrap;"" data-rte-preserve-empty=""true"">Lightweight and durable</p></li><li><p style=""white-space:pre-wrap;"" data-rte-preserve-empty=""true"">Locally 3D printed in the Bay Area, California</p></li><li><p style=""white-space:pre-wrap;"" data-rte-preserve-empty=""true"">Ships safely packaged</p></li></ul>","17.49","15.49","/holiday-seasonal","","No","https://images.squarespace-cdn.com/content/v1/6914262184e7d41fe3ac8966/4873bf49-6d18-4923-abcb-ad3a50bd54a1/IMG_5587.jpeg https://images.squarespace-cdn.com/content/v1/6914262184e7d41fe3ac8966/96adc44e-9dae-442c-be70-c94919cbc8e6/IMG_5588.jpeg https://images.squarespace-cdn.com/content/v1/6914262184e7d41fe3ac8966/3d4b469e-4893-455a-add4-9a532681f6fb/IMG_5590.jpeg https://images.squarespace-cdn.com/content/v1/6914262184e7d41fe3ac8966/3332fc59-7660-45dd-8dfb-ece4d3b3f599/IMG_5591.jpeg"
"3d-printed-spiral-cone-fidget-rainbow-metallic-stress-relief-toy","Spiral Cone Fidget - Rainbow Metallic Stress-Relief Toy","<p style=""white-space:pre-wrap;"" data-rte-preserve-empty=""true"">This 3D printed <strong>Spiral Cone Fidget</strong> is a smooth, tactile stress-relief toy designed for satisfying fingertip play. Its swirling ridges and glossy rainbow metallic finish make it both fun to fidget with and beautiful to display on a desk or shelf.</p><p style=""white-space:pre-wrap;"" data-rte-preserve-empty=""true"">Locally 3D printed in the Bay Area using durable PLA, the spiral cone has a comfortable shape that fits naturally in the hand. Spin it, roll it between your fingers, or simply enjoy the shifting colors — it’s great for kids, teens, and adults who like sensory fidgets or unique 3D printed toys.</p><p style=""white-space:pre-wrap;"" data-rte-preserve-empty=""true""><strong>Details:</strong></p><ul data-rte-list=""true""><li><p style=""white-space:pre-wrap;"" data-rte-preserve-empty=""true"">Material: PLA (eco-friendly thermoplastic)</p></li><li><p style=""white-space:pre-wrap;"" data-rte-preserve-empty=""true"">Designed for tactile fidgeting and smooth handling</p></li><li><p style=""white-space:pre-wrap;"" data-rte-preserve-empty=""true"">Spiral ridges for sensory play</p></li><li><p style=""white-space:pre-wrap;"" data-rte-preserve-empty=""true"">Metallic rainbow gradient finish</p></li><li><p style=""white-space:pre-wrap;"" data-rte-preserve-empty=""true"">Great for stress relief, desk play, or gifting</p></li><li><p style=""white-space:pre-wrap;"" data-rte-preserve-empty=""true"">Locally 3D printed in the Bay Area, California</p></li><li><p style=""white-space:pre-wrap;"" data-rte-preserve-empty=""true"">Ships safely packaged</p></li></ul>","21.99","18.49","/toys-figures","","No","https://images.squarespace-cdn.com/content/v1/6914262184e7d41fe3ac8966/93593b63-96c1-4805-92e7-2a2559f712aa/IMG_5592.jpeg https://images.squarespace-cdn.com/content/v1/6914262184e7d41fe3ac8966/328b7907-41e2-4ab9-a60b-df1ca7fdb839/IMG_5593.jpeg https://images.squarespace-cdn.com/content/v1/6914262184e7d41fe3ac8966/891214d9-7b2e-4507-a2d8-2d2182b675ec/IMG_5594.jpeg"
"3d-printed-expanding-star-fidget-collapsible-stress-relief-toy","Expanding Star Fidget - Collapsible Stress-Relief Toy","<p style=""white-space:pre-wrap;"" data-rte-preserve-empty=""true"">This mesmerizing <strong>Expanding Star Fidget</strong> is a tactile, collapsible toy that opens, closes, and transforms with a smooth, satisfying motion. Made from durable gold PLA, it features layered geometric rings that fold outward like a star and collapse back into a compact dome shape.</p><p style=""white-space:pre-wrap;"" data-rte-preserve-empty=""true"">Perfect for kids, teens, and adults, this fidget is great for stress relief, sensory play, desk entertainment, or gifting. Its unique expandable design makes it both fun to play with and beautiful to display.</p><p style=""white-space:pre-wrap;"" data-rte-preserve-empty=""true""><strong>Details:</strong></p><ul data-rte-list=""true""><li><p style=""white-space:pre-wrap;"" data-rte-preserve-empty=""true"">Material: PLA (eco-friendly thermoplastic)</p></li><li><p style=""white-space:pre-wrap;"" data-rte-preserve-empty=""true"">Expands and collapses with smooth motion</p></li><li><p style=""white-space:pre-wrap;"" data-rte-preserve-empty=""true"">Layered star-shaped geometry</p></li><li><p style=""white-space:pre-wrap;"" data-rte-preserve-empty=""true"">Great for stress relief and sensory fidgeting</p></li><li><p style=""white-space:pre-wrap;"" data-rte-preserve-empty=""true"">Lightweight and durable</p></li><li><p style=""white-space:pre-wrap;"" data-rte-preserve-empty=""true"">Locally 3D printed in the Bay Area, California</p></li><li><p style=""white-space:pre-wrap;"" data-rte-preserve-empty=""true"">Ships safely packaged</p></li></ul>","16.49","13.99","/toys-figures","","No","https://images.squarespace-cdn.com/content/v1/6914262184e7d41fe3ac8966/6c980d81-d8cd-4002-bff2-b117bc36bcf7/IMG_5597.jpeg https://images.squarespace-cdn.com/content/v1/6914262184e7d41fe3ac8966/1fb43f88-2e9c-4483-97fc-6793f224f145/IMG_5598.jpeg https://images.squarespace-cdn.com/content/v1/6914262184e7d41fe3ac8966/9c388b98-0734-4fc8-8069-1744cf6a4d30/IMG_5599.jpeg https://images.squarespace-cdn.com/content/v1/6914262184e7d41fe3ac8966/3aaa06fa-12c8-4a8a-94c5-9011317106f8/IMG_5600.jpeg"
"","","","16.49","13.99","","","",""
"","","","16.49","13.99","","","",""
"","","","16.49","13.99","","","",""
"","","","16.49","13.99","","","",""
"","","","16.49","13.99","","","",""
"3d-printed-piano-music-box-hand-crank-miniature-instrument","Piano Music Box - Hand-Crank Miniature Instrument","<p style=""white-space:pre-wrap;"" data-rte-preserve-empty=""true"">Bring music and charm to any space with this beautifully crafted <strong>3D printed Piano Music Box</strong>. Designed to look like a miniature upright piano, this piece includes detailed keys, pedals, and a functional <strong>hand-crank mechanism</strong> that plays a tune when turned.</p><p style=""white-space:pre-wrap;"" data-rte-preserve-empty=""true"">Locally 3D printed in the Bay Area using durable PLA, it's both a decorative piece and a delightful musical gift. Perfect for music lovers, collectors, kids, and anyone who enjoys unique handmade items. Display it on your desk, shelf, or holiday setup for a touch of playful elegance.</p><p style=""white-space:pre-wrap;"" data-rte-preserve-empty=""true""><strong>Details:</strong></p><ul data-rte-list=""true""><li><p style=""white-space:pre-wrap;"" data-rte-preserve-empty=""true"">Material: PLA (eco-friendly thermoplastic)</p></li><li><p style=""white-space:pre-wrap;"" data-rte-preserve-empty=""true"">Functional hand-crank music mechanism</p></li><li><p style=""white-space:pre-wrap;"" data-rte-preserve-empty=""true"">Detailed miniature piano design</p></li><li><p style=""white-space:pre-wrap;"" data-rte-preserve-empty=""true"">Great as a gift, collectible, or décor piece</p></li><li><p style=""white-space:pre-wrap;"" data-rte-preserve-empty=""true"">Locally 3D printed in the Bay Area, California</p></li><li><p style=""white-space:pre-wrap;"" data-rte-preserve-empty=""true"">Ships safely packaged</p></li></ul>","29.99","25.99","/toys-figures","","No","https://images.squarespace-cdn.com/content/v1/6914262184e7d41fe3ac8966/5ff2388c-604f-4d65-aee0-1da8967ee9d8/IMG_5604.jpeg https://images.squarespace-cdn.com/content/v1/6914262184e7d41fe3ac8966/e89aa722-db5a-4e5b-a311-0cdb4c351fbb/IMG_5601.jpeg https://images.squarespace-cdn.com/content/v1/6914262184e7d41fe3ac8966/9a593be4-48d9-4c7a-8e27-4ff2f9f4b9ba/IMG_5602.jpeg https://images.squarespace-cdn.com/content/v1/6914262184e7d41fe3ac8966/4eb2a169-5b32-4676-9df3-ddad7c524833/IMG_5603.jpeg"
"3d-printed-piano-music-box-wind-up-mini-instrument","Piano Music Box - Wind-Up Mini Instrument","<p style=""white-space:pre-wrap;"" data-rte-preserve-empty=""true"">Bring classic charm to any room with this elegant <strong>3D Printed Piano Music Box</strong>. Shaped like a miniature upright piano, this piece features realistic details—keys, pedals, and a smooth matte-black finish. This version features a <strong>wind-up music mechanism</strong>. Simply turn the notch and the piano will continue playing the melody on its own — no need to keep cranking. It’s smooth, convenient, and great for display or gifting.</p><p style=""white-space:pre-wrap;"" data-rte-preserve-empty=""true"">Locally 3D printed in the Bay Area with durable PLA, it’s perfect for music lovers, collectors, and anyone who enjoys unique handmade gifts. Display it on a desk, shelf, or holiday setup for a touch of musical warmth.</p><p style=""white-space:pre-wrap;"" data-rte-preserve-empty=""true""><strong>Details:</strong></p><ul data-rte-list=""true""><li><p style=""white-space:pre-wrap;"" data-rte-preserve-empty=""true"">Material: PLA (eco-friendly thermoplastic)</p></li><li><p style=""white-space:pre-wrap;"" data-rte-preserve-empty=""true"">Wind-up music mechanism</p></li><li><p style=""white-space:pre-wrap;"" data-rte-preserve-empty=""true"">Classic upright piano design</p></li><li><p style=""white-space:pre-wrap;"" data-rte-preserve-empty=""true"">Durable and lightweight</p></li><li><p style=""white-space:pre-wrap;"" data-rte-preserve-empty=""true"">Great as a gift or décor piece</p></li><li><p style=""white-space:pre-wrap;"" data-rte-preserve-empty=""true"">Locally 3D printed in the Bay Area, California</p></li></ul>","33.49","28.49","/home-organization","","No","https://images.squarespace-cdn.com/content/v1/6914262184e7d41fe3ac8966/53521c40-6c16-482e-96dc-5ebb899ad857/IMG_5607.jpeg https://images.squarespace-cdn.com/content/v1/6914262184e7d41fe3ac8966/0a7205c4-2bd9-4288-ab96-aa3a7a42292c/IMG_5608.jpeg https://images.squarespace-cdn.com/content/v1/6914262184e7d41fe3ac8966/b1bd7d7c-a36f-4484-b129-698e4a37a38b/IMG_5606.jpeg https://images.squarespace-cdn.com/content/v1/6914262184e7d41fe3ac8966/97916cc8-5386-478e-bec8-78832ed0bda4/IMG_5609.jpeg"
"standpro-spinner","Standpro Spinner","<p style=""white-space:pre-wrap;"" data-rte-preserve-empty=""true""><span>3D-printed mechanical spinner features, creating a fun fidgeting experience. Made from lightweight PLA in a golden, black, grey and red, on its handle there are drawing for you to put them together. and gift for kids who love to enjoy times with friend will be great to fight each other’s.</span></p>","21.49","18.49","/toys-figures","","No","https://images.squarespace-cdn.com/content/v1/6914262184e7d41fe3ac8966/e451f3e5-1f96-42f1-934e-2fbdf19f5c76/IMG_1821.jpeg https://images.squarespace-cdn.com/content/v1/6914262184e7d41fe3ac8966/043e1adb-abf1-42be-ade0-eeed10b26351/Screenshot+2025-11-26+at+13.48.34.png https://images.squarespace-cdn.com/content/v1/6914262184e7d41fe3ac8966/40dbc953-f477-4a8f-960f-c83179670781/Screenshot+2025-11-26+at+13.48.11.png https://images.squarespace-cdn.com/content/v1/6914262184e7d41fe3ac8966/e8a3154f-be04-49a9-bb1f-00c12823491b/IMG_1819.jpeg https://images.squarespace-cdn.com/content/v1/6914262184e7d41fe3ac8966/4c6f1eee-de37-44a8-9ce7-8687c25cefc8/IMG_1820.jpeg https://images.squarespace-cdn.com/content/v1/6914262184e7d41fe3ac8966/0f1dfd29-4f0b-46a6-a3ad-0732d763d597/IMG_1822.jpeg"
"dogpro-robot-dog","Dog'pro Robot Dog","<p style=""white-space:pre-wrap;"" data-rte-preserve-empty=""true""><span>New high tech look! 3D-printed dog’pro robot dog stands on four articulated legs with a bold, metallic armor-like panels, full of moveable part. And this little robo-pup is a unique and eye-catching addition to any space, fun to look and play.</span></p>","18.49","","/toys-figures","","No","https://images.squarespace-cdn.com/content/v1/6914262184e7d41fe3ac8966/95a7b975-9422-4dde-983c-c92e3db1b152/IMG_1844.jpeg https://images.squarespace-cdn.com/content/v1/6914262184e7d41fe3ac8966/30d5c9ec-5ad1-4151-a2c0-76f052306dbe/IMG_1845.jpeg https://images.squarespace-cdn.com/content/v1/6914262184e7d41fe3ac8966/dba6b96d-d339-4425-a92c-8e1b1b04b0a6/IMG_1846.jpeg https://images.squarespace-cdn.com/content/v1/6914262184e7d41fe3ac8966/33ed03ec-7669-4c43-900e-3e1797b209c6/IMG_1842.jpeg"
"mystic-aurora-articulated-dragon","Celestial Amethyst Dragon - Articulated Display Piece","<p style=""white-space:pre-wrap;"" data-rte-preserve-empty=""true""><strong>A mythical piece brought to life.</strong><br>The <em>Celestial Amethyst Dragon</em> is a premium 3D-printed articulated creature designed to flow naturally across your hand, desk, or display shelf. Its shimmering amethyst body and gold-detailed claws create a radiant, fantasy-inspired centerpiece you can pose, flex, and admire from every angle.</p><p style=""white-space:pre-wrap;"" data-rte-preserve-empty=""true"">Each segment moves independently, giving the dragon a smooth, lifelike motion. Printed with high-shine silk PLA, it delivers a metallic finish that elevates any collection. Whether for décor, gifting, or fidgeting, this dragon adds a touch of magic to your space.</p><p style=""white-space:pre-wrap;"" data-rte-preserve-empty=""true"">Handcrafted. Flexible. Mesmerizing.</p>","27.49","23.99","/toys-figures","","No","https://images.squarespace-cdn.com/content/v1/6914262184e7d41fe3ac8966/e94308f6-6db8-44bd-8fb3-f02459e34539/%E5%BE%AE%E4%BF%A1%E5%9B%BE%E7%89%87_20251127211101_1_64.jpg https://images.squarespace-cdn.com/content/v1/6914262184e7d41fe3ac8966/befb7397-2ee1-4867-863d-063b7b8bbc56/%E5%BE%AE%E4%BF%A1%E5%9B%BE%E7%89%87_20251127211102_2_64.jpg https://images.squarespace-cdn.com/content/v1/6914262184e7d41fe3ac8966/c28c7504-5562-4a74-82f8-2fc43514cac9/%E5%BE%AE%E4%BF%A1%E5%9B%BE%E7%89%87_20251127211103_3_64.jpg"
"honeycore-mini-snapcase-vented-hex-storage-box-3d-printed","HoneyCore Mini SnapCase - Vented Hex Storage Box (3D Printed)","<p style=""white-space:pre-wrap;"" data-rte-preserve-empty=""true"">A compact vented storage case with a honeycomb-inspired shell and snap-fit closure. Use it for small tools, crafting parts, gaming accessories, cables, or travel items. The lightweight 3D-printed body is easy to carry and checked before shipping.</p>","31.99","27.49","/home-organization","","No","https://images.squarespace-cdn.com/content/v1/6914262184e7d41fe3ac8966/29c1ba74-032d-41d0-a766-9de2cf1609c2/%E5%BE%AE%E4%BF%A1%E5%9B%BE%E7%89%87_20251127212451_165_64.jpg https://images.squarespace-cdn.com/content/v1/6914262184e7d41fe3ac8966/1919eb7a-1f6d-4dfd-b9a4-04bfa4341166/%E5%BE%AE%E4%BF%A1%E5%9B%BE%E7%89%87_20251127212452_166_64.jpg https://images.squarespace-cdn.com/content/v1/6914262184e7d41fe3ac8966/b7177605-7708-4dab-a6b1-3bcdf86f85ca/%E5%BE%AE%E4%BF%A1%E5%9B%BE%E7%89%87_20251127212453_167_64.jpg"
"orbital-kinetic-spinner","Orbital Kinetic Spinner","<p style=""white-space:pre-wrap;"" data-rte-preserve-empty=""true"">A precision 3D-printed kinetic spinner designed for smooth tabletop motion and satisfying focus breaks. Its orbital form makes it a striking desk piece, fidget object, or small gift for fans of mechanical design. Each spinner is printed after purchase and checked before shipping.</p>","16.49","13.99","/toys-figures","","No","https://images.squarespace-cdn.com/content/v1/6914262184e7d41fe3ac8966/e0c13a71-4eb2-425c-98e2-6f053f3f5eec/%E5%BE%AE%E4%BF%A1%E5%9B%BE%E7%89%87_20251127211246_105_64.jpg https://images.squarespace-cdn.com/content/v1/6914262184e7d41fe3ac8966/a2d0eef7-6d91-4285-ba19-0f244ae21edf/%E5%BE%AE%E4%BF%A1%E5%9B%BE%E7%89%87_20251127211247_106_64.jpg https://images.squarespace-cdn.com/content/v1/6914262184e7d41fe3ac8966/b9e5ea12-64fc-4be7-bed4-af21c86e2910/%E5%BE%AE%E4%BF%A1%E5%9B%BE%E7%89%87_20251127211248_107_64.jpg"
"tri-slot-desk-organizer","Tri-Slot Desk Organizer","<p style=""white-space:pre-wrap;"" data-rte-preserve-empty=""true"">A compact 3-slot desk organizer for pens, tools, brushes, crafting supplies, remotes, and small workbench items. The sturdy 3D-printed body keeps gear separated and easy to reach without taking over the desk. Printed after purchase and checked before shipping.</p>","33.99","29.49","/home-organization","","No","https://images.squarespace-cdn.com/content/v1/6914262184e7d41fe3ac8966/b49b2378-df19-4999-9d77-7dae763b66b1/%E5%BE%AE%E4%BF%A1%E5%9B%BE%E7%89%87_20251127212429_141_64.jpg https://images.squarespace-cdn.com/content/v1/6914262184e7d41fe3ac8966/a7c90c8a-4c4e-48fd-b342-56827df9b5b2/%E5%BE%AE%E4%BF%A1%E5%9B%BE%E7%89%87_20251127212430_142_64.jpg https://images.squarespace-cdn.com/content/v1/6914262184e7d41fe3ac8966/9f7e7e4f-5abd-41b2-aa9e-dce308b3713e/%E5%BE%AE%E4%BF%A1%E5%9B%BE%E7%89%87_20251127212431_143_64.jpg"
"orbitgear-kinetic-ring","OrbitGear Kinetic Ring","<p style=""white-space:pre-wrap;"" data-rte-preserve-empty=""true"">A 3D-printed kinetic ring with an open gear-inspired form and a satisfying mechanical feel. Use it as a desk fidget, focus aid, or small display piece for fans of clever printed mechanisms. Each ring is printed after purchase and checked before shipping.</p>","21.49","18.49","/functional-parts-tools","","No","https://images.squarespace-cdn.com/content/v1/6914262184e7d41fe3ac8966/a7c09730-729a-4ce5-9c07-0955739bd5c2/%E5%BE%AE%E4%BF%A1%E5%9B%BE%E7%89%87_20251127211259_118_64.jpg https://images.squarespace-cdn.com/content/v1/6914262184e7d41fe3ac8966/c6bde580-3090-4b97-9f31-8943e91d514f/%E5%BE%AE%E4%BF%A1%E5%9B%BE%E7%89%87_20251127211300_119_64.jpg https://images.squarespace-cdn.com/content/v1/6914262184e7d41fe3ac8966/b17a9828-847a-4018-870c-373cf0a347a2/%E5%BE%AE%E4%BF%A1%E5%9B%BE%E7%89%87_20251127211301_120_64.jpg"
"neuroform-brain-sculpture","NeuroForm Brain Sculpture","<p style=""white-space:pre-wrap;"" data-rte-preserve-empty=""true"">A striking 3D printed art sculpture inspired by the intricate structure of the human brain. Designed with deep, flowing folds and an organic surface texture, the NeuroForm Brain Sculpture captures the complexity of neural form in a compact, display-ready piece.</p><p style=""white-space:pre-wrap;"" data-rte-preserve-empty=""true"">Its layered shape creates a soft, tactile feel that makes it as engaging to hold as it is to display. Perfect for creative spaces, scientific environments, or collectors who enjoy anatomical or abstract art, this piece brings a unique visual presence to any desk or shelf. Crafted with precision, it stands as a fusion of modern fabrication and natural design.</p>","27.99","23.99","/decor-art","","No","https://images.squarespace-cdn.com/content/v1/6914262184e7d41fe3ac8966/f5da595d-0a23-4e31-be5c-696086a8c5cb/%E5%BE%AE%E4%BF%A1%E5%9B%BE%E7%89%87_20251127211240_99_64%281%29.jpg https://images.squarespace-cdn.com/content/v1/6914262184e7d41fe3ac8966/f82d9705-d81b-4f46-997f-8fc81e3085bb/%E5%BE%AE%E4%BF%A1%E5%9B%BE%E7%89%87_20251127211240_99_64.jpg https://images.squarespace-cdn.com/content/v1/6914262184e7d41fe3ac8966/5c8083ef-50f0-469d-8fc8-54ab033f6856/%E5%BE%AE%E4%BF%A1%E5%9B%BE%E7%89%87_20251127211241_100_64%281%29.jpg https://images.squarespace-cdn.com/content/v1/6914262184e7d41fe3ac8966/4bd92bae-a33a-4b03-bcde-82d1011c741c/%E5%BE%AE%E4%BF%A1%E5%9B%BE%E7%89%87_20251127211241_100_64.jpg https://images.squarespace-cdn.com/content/v1/6914262184e7d41fe3ac8966/6c4234ce-f394-44e9-8d39-79353deda63c/%E5%BE%AE%E4%BF%A1%E5%9B%BE%E7%89%87_20251127211242_101_64.jpg"
"spireclaw-warrior-figurine","Spireclaw Warrior Figurine","<p style=""white-space:pre-wrap;"" data-rte-preserve-empty=""true"">A striking 3D printed fantasy model designed with dramatic sculpted armor, angular spikes, and a powerful stance. The Spireclaw Warrior brings detailed texture and character to any display surface, making it ideal for collectors, tabletop players, or fans of fantasy-themed art.</p><p style=""white-space:pre-wrap;"" data-rte-preserve-empty=""true"">The layered construction creates depth and dimension across the armor and body, giving the figure a bold, sculptural presence. Lightweight yet visually intense, it stands as a unique decorative piece—perfect for desktops, shelves, or creative environments where imaginative art thrives.</p><p style=""white-space:pre-wrap;"" data-rte-preserve-empty=""true"">Crafted with precision, this figurine blends fantasy design with modern 3D printing artistry.</p>","21.49","18.49","/toys-figures","","No","https://images.squarespace-cdn.com/content/v1/6914262184e7d41fe3ac8966/e85acdd6-ec96-45af-ad58-37e5a540164a/%E5%BE%AE%E4%BF%A1%E5%9B%BE%E7%89%87_20251127211203_59_64.jpg https://images.squarespace-cdn.com/content/v1/6914262184e7d41fe3ac8966/4619f64c-7fd8-4a01-b7f5-2d5d68a5f9c3/%E5%BE%AE%E4%BF%A1%E5%9B%BE%E7%89%87_20251127211204_60_64.jpg https://images.squarespace-cdn.com/content/v1/6914262184e7d41fe3ac8966/fcc29fb3-83f8-4c28-9237-9025213dbc6f/%E5%BE%AE%E4%BF%A1%E5%9B%BE%E7%89%87_20251127211205_61_64.jpg"
"serpentspire-articulated-dragon","SerpentSpire Articulated Dragon","<p style=""white-space:pre-wrap;"" data-rte-preserve-empty=""true"">A beautifully sculpted 3D printed dragon designed with a fully articulated body, allowing smooth motion from head to tail. Each segment is individually jointed, creating a fluid, serpentine movement that makes the dragon feel alive in your hands.</p><p style=""white-space:pre-wrap;"" data-rte-preserve-empty=""true"">The sculpted scales, angular forms, and elongated body give it a bold presence as both a display piece and a tactile fidget model. Perfect for fantasy enthusiasts, collectors, or anyone who enjoys detailed mythical creatures, the SerpentSpire brings a blend of artistry and motion to any desk or shelf.</p><p style=""white-space:pre-wrap;"" data-rte-preserve-empty=""true"">Lightweight, flexible, and crafted with precision—this dragon is made to be posed, handled, and admired.</p>","30.49","25.99","/toys-figures","","No","https://images.squarespace-cdn.com/content/v1/6914262184e7d41fe3ac8966/1eabc33b-54a3-4d7f-967d-28efaec013af/%E5%BE%AE%E4%BF%A1%E5%9B%BE%E7%89%87_20251127211146_41_64.jpg https://images.squarespace-cdn.com/content/v1/6914262184e7d41fe3ac8966/10f66cc1-5fd4-48e4-8e4b-711145d89761/%E5%BE%AE%E4%BF%A1%E5%9B%BE%E7%89%87_20251127211147_42_64.jpg https://images.squarespace-cdn.com/content/v1/6914262184e7d41fe3ac8966/435b3263-a42f-4ab1-a164-239c4db8379a/%E5%BE%AE%E4%BF%A1%E5%9B%BE%E7%89%87_20251127211148_43_64.jpg"
"geofacet-display-bowl","GeoFacet Display Bowl","<p style=""white-space:pre-wrap;"" data-rte-preserve-empty=""true"">A modern, faceted 3D printed bowl designed with sharp geometric planes and a smooth interior curve. The GeoFacet Bowl brings clean architectural form to any desk, shelf, or living space, making it ideal for holding small items, accessories, or decorative pieces.</p><p style=""white-space:pre-wrap;"" data-rte-preserve-empty=""true"">Its lightweight structure and polished angles give it a sculptural presence, blending utility with modern design. Whether used for organization or as a standalone art object, this bowl adds a refined, contemporary touch to your environment.</p><p style=""white-space:pre-wrap;"" data-rte-preserve-empty=""true"">Thoughtfully crafted for those who appreciate minimalistic geometry and 3D printed craftsmanship.</p>","35.49","29.99","/home-organization","","No","https://images.squarespace-cdn.com/content/v1/6914262184e7d41fe3ac8966/d6ae679b-d217-4e56-881e-9a3f45533ab6/%E5%BE%AE%E4%BF%A1%E5%9B%BE%E7%89%87_20251127212448_162_64.jpg https://images.squarespace-cdn.com/content/v1/6914262184e7d41fe3ac8966/a9e1b0f4-36dd-46a0-bd59-d227a88c457f/%E5%BE%AE%E4%BF%A1%E5%9B%BE%E7%89%87_20251127212449_163_64.jpg https://images.squarespace-cdn.com/content/v1/6914262184e7d41fe3ac8966/e61046c0-2390-47da-97cf-af8cbba2040b/%E5%BE%AE%E4%BF%A1%E5%9B%BE%E7%89%87_20251127212450_164_64.jpg"
"ridgecrest-mini-dragon","RidgeCrest Mini Dragon","<p style=""white-space:pre-wrap;"" data-rte-preserve-empty=""true"">A compact articulated dragon designed with textured ridges, expressive detailing, and smooth segmented motion. The RidgeCrest Mini Dragon bends, twists, and curls naturally, making it ideal for posing, fidgeting, or displaying as a fantasy-themed d&eacute;cor piece.</p><p style=""white-space:pre-wrap;"" data-rte-preserve-empty=""true"">Its sculpted body features layered organic forms that give the creature a striking presence despite its smaller size. Lightweight and flexible, it’s perfect for collectors, desk setups, or anyone who enjoys mythical creatures brought to life through precision 3D printing.</p><p style=""white-space:pre-wrap;"" data-rte-preserve-empty=""true"">A tactile, display-ready creature with character and movement in every segment.</p>","20.49","17.99","/toys-figures","","No","https://images.squarespace-cdn.com/content/v1/6914262184e7d41fe3ac8966/bd3e0340-84b4-45fd-939a-b20790ad87c8/%E5%BE%AE%E4%BF%A1%E5%9B%BE%E7%89%87_20251127211107_7_64.jpg https://images.squarespace-cdn.com/content/v1/6914262184e7d41fe3ac8966/1f36aa24-5e81-460f-b822-9ef70f34fb62/%E5%BE%AE%E4%BF%A1%E5%9B%BE%E7%89%87_20251127211108_8_64.jpg https://images.squarespace-cdn.com/content/v1/6914262184e7d41fe3ac8966/94060589-a392-4e99-9563-0145cc396d6a/%E5%BE%AE%E4%BF%A1%E5%9B%BE%E7%89%87_20251127211110_9_64.jpg"
"wyrmspire-dice-tower","Wyrmspire Dice Tower","<p style=""white-space:pre-wrap;"" data-rte-preserve-empty=""true"">A fantasy-themed 3D printed dice tower built for tabletop immersion and dramatic presentation. The Wyrmspire Dice Tower features a tall, fortified structure with a spiral chute that guides dice smoothly to the base tray. At the top rests a sculpted dragon guardian, adding an iconic centerpiece to any game table.</p><p style=""white-space:pre-wrap;"" data-rte-preserve-empty=""true"">The wide base provides stability while keeping rolled dice contained and visible. Designed for RPG sessions, board games, or collectors who appreciate functional fantasy art, this tower brings atmosphere and utility together in one display-ready piece.</p><p style=""white-space:pre-wrap;"" data-rte-preserve-empty=""true"">Crafted with precision, durability, and attention to detail—made for adventurers who want more from their tabletop gear.</p>","40.49","34.49","/toys-figures","","No","https://images.squarespace-cdn.com/content/v1/6914262184e7d41fe3ac8966/eadcde2a-58c6-47c0-921d-679c76e5eefb/%E5%BE%AE%E4%BF%A1%E5%9B%BE%E7%89%87_20251127212418_130_64.jpg https://images.squarespace-cdn.com/content/v1/6914262184e7d41fe3ac8966/d9ab2c77-17a2-4105-8ce0-c1d545b14a4f/%E5%BE%AE%E4%BF%A1%E5%9B%BE%E7%89%87_20251127212419_131_64.jpg https://images.squarespace-cdn.com/content/v1/6914262184e7d41fe3ac8966/7c248a61-9bb0-468f-af84-241bd91399aa/%E5%BE%AE%E4%BF%A1%E5%9B%BE%E7%89%87_20251127212420_132_64.jpg https://images.squarespace-cdn.com/content/v1/6914262184e7d41fe3ac8966/92ac5e8e-8106-438b-af4c-823d30fa0e69/%E5%BE%AE%E4%BF%A1%E5%9B%BE%E7%89%87_20251127212421_133_64.jpg https://images.squarespace-cdn.com/content/v1/6914262184e7d41fe3ac8966/710bad31-2a21-471d-9b7d-cf2379d488a9/%E5%BE%AE%E4%BF%A1%E5%9B%BE%E7%89%87_20251127212422_134_64.jpg"
"wati6e4bz12tvnidus3va2rghkrfk8","Mystery Mini Critters Set(Please Go to Fill the Form to Select Which One You Want)","<p style=""white-space:pre-wrap;"" data-rte-preserve-empty=""true"">A collection of tiny 3D printed mini creatures designed for endless fun, collecting, and fidgeting. Each figure features a unique character style with detailed shapes that feel great in the hand and look awesome on display.</p><p style=""white-space:pre-wrap;"" data-rte-preserve-empty=""true"">Perfect for trading, rewards, desk toys, party gifts, or building your own mini army of critters. These small collectibles are lightweight, durable, and packed with personality—making them hard to stop picking up and playing with.</p><p style=""white-space:pre-wrap;"" data-rte-preserve-empty=""true"">(Please go to fill the form to select which one you want)</p>","13.99","11.99","/toys-figures","","No","https://images.squarespace-cdn.com/content/v1/6914262184e7d41fe3ac8966/f357b40f-c1d3-4567-9f9a-25829ab45a93/IMG_20260117_122022.jpg https://images.squarespace-cdn.com/content/v1/6914262184e7d41fe3ac8966/d0fd6f72-72eb-4639-a417-1b542ccf0668/IMG_20260117_121930.jpg https://images.squarespace-cdn.com/content/v1/6914262184e7d41fe3ac8966/db051fcf-e72c-4317-ad09-bf08be579f4f/IMG_20260117_121320.jpg"
"custom-45-rpm-vinyl-record-adapter","Custom 45 RPM Vinyl Record Adapter","<p style=""white-space:pre-wrap;"" data-rte-preserve-empty=""true"">A lightweight 3D-printed 45 RPM vinyl record adapter for turntables. Made to order in PLA with a simple low-profile shape that helps singles sit centered on the platter. Each adapter is printed after purchase and checked before shipping.</p>","17.99","","/functional-parts-tools","","No","https://images.squarespace-cdn.com/content/v1/6914262184e7d41fe3ac8966/192836fc-d699-4a7b-afe0-80d01ad4c3dc/01-hero.jpg https://images.squarespace-cdn.com/content/v1/6914262184e7d41fe3ac8966/67674fba-6682-4b4b-8ea0-bb399222ca79/02-lifestyle.jpg https://images.squarespace-cdn.com/content/v1/6914262184e7d41fe3ac8966/b11bb873-2f2a-4d90-bbff-08c2dd7ea45f/03-detail.jpg https://images.squarespace-cdn.com/content/v1/6914262184e7d41fe3ac8966/4a8003b9-e9c9-42fd-86b8-30c305494451/04-use-case.jpg https://images.squarespace-cdn.com/content/v1/6914262184e7d41fe3ac8966/9d734c17-6ed2-48b6-a946-d118991f37e4/05-material-options.jpg"
"wide-eyed-husky-desk-figurine","Wide-Eyed Husky Desk Figurine","<p style=""white-space:pre-wrap;"" data-rte-preserve-empty=""true"">A small desk-size wide-eyed animal figurine with a rounded collectible look and simple playful styling. Printed to order in PLA and finished as a display piece for desks, shelves, or gift boxes. Each piece is checked before shipping, with small layer lines normal for FDM 3D printing.</p>","19.99","","/toys-figures","","Yes","https://images.squarespace-cdn.com/content/v1/6914262184e7d41fe3ac8966/2ec8e7c4-e59a-4282-b673-75b1671eff69/03-scale.jpg https://images.squarespace-cdn.com/content/v1/6914262184e7d41fe3ac8966/83f7de24-fe96-4e43-be3e-a32cde3c3b34/02-lifestyle.jpg https://images.squarespace-cdn.com/content/v1/6914262184e7d41fe3ac8966/322d8422-8fd9-4715-b251-c2721628e93f/03-scale.jpg https://images.squarespace-cdn.com/content/v1/6914262184e7d41fe3ac8966/33d4b6b5-8448-4c4b-b826-027443e8f7de/04-detail.jpg https://images.squarespace-cdn.com/content/v1/6914262184e7d41fe3ac8966/37bcfaa7-2f99-4155-99f4-5d16c3a23a3b/05-color.jpg"
"screw-set-m3-m4-m5-m6-m7-m8-m10-iso-4017-70851","Screw Set M3 M4 M5 M6 M7 M8 M10, ISO 4017","<p><strong>Screw Set M3 M4 M5 M6 M7 M8 M10, ISO 4017</strong> is a made-to-order PLA print based on the MakerWorld model <em>Screw Set M3 M4 M5 M6 M7 M8 M10, ISO 4017</em> by Jerryie.</p><p>Useful as a practical desk, home, gift, or hobby accessory, it is printed after purchase in your selected color: Black, Yellow, White, Red. Each print is checked before shipping, with small layer lines normal for FDM 3D printing.</p><p>Made to order in the Bay Area. Processing time is typically 3-5 business days, and supply is unlimited because items are printed on demand.</p><p>Gallery images are MakerWorld creator images and/or rendered previews of the actual model, not photos of this exact made-to-order print.</p><p>Care: keep away from high heat, dishwashers, candles, and small children where parts may present a choking risk.</p><p>Attribution: Screw Set M3 M4 M5 M6 M7 M8 M10, ISO 4017 by Jerryie (@Jerryie), MakerWorld model 70851, license CC0, source https://makerworld.com/en/models/70851-screw-set-m3-m4-m5-m6-m7-m8-m10-iso-4017</p>","19.99","","/functional-parts-tools","MakerWorld, Commercial-safe, Made to order, PLA, 3D print","No","https://images.squarespace-cdn.com/content/v1/6914262184e7d41fe3ac8966/29086a72-5248-499a-ae0a-0257764066d9/screw-set-m3-m4-m5-m6-m7-m8-m10-iso-4017-70851-01.png https://images.squarespace-cdn.com/content/v1/6914262184e7d41fe3ac8966/9bb97e25-fc9d-49ec-9de2-01a7fb0db437/screw-set-m3-m4-m5-m6-m7-m8-m10-iso-4017-70851-02.png https://images.squarespace-cdn.com/content/v1/6914262184e7d41fe3ac8966/fa5f718e-2de2-40ed-b995-1a2ef8e2dd01/screw-set-m3-m4-m5-m6-m7-m8-m10-iso-4017-70851-03.png https://images.squarespace-cdn.com/content/v1/6914262184e7d41fe3ac8966/c0a1943e-a248-41f6-afdb-26c891ade519/screw-set-m3-m4-m5-m6-m7-m8-m10-iso-4017-70851-04.png https://images.squarespace-cdn.com/content/v1/6914262184e7d41fe3ac8966/901544a2-ce95-48a7-9d10-2646a94c092d/screw-set-m3-m4-m5-m6-m7-m8-m10-iso-4017-70851-05.png"
"","","","19.99","","","","",""
"","","","19.99","","","","",""
"","","","19.99","","","","",""
"beautiful-rose-w-stem-international-woman-s-day-89698","Beautiful Rose W Stem - International Woman'S Day","<p><strong>Beautiful Rose W Stem - International Woman’S Day</strong> is a made-to-order PLA print based on the MakerWorld model <em>Beautiful Rose w Stem - International Woman’s Day</em> by soukup273.</p><p>Useful as a practical desk, home, gift, or hobby accessory, it is printed after purchase in your selected color: Black, Yellow, White, Red. Each print is checked before shipping, with small layer lines normal for FDM 3D printing.</p><p>Made to order in the Bay Area. Processing time is typically 3-5 business days, and supply is unlimited because items are printed on demand.</p><p>Gallery images are MakerWorld creator images and/or rendered previews of the actual model, not photos of this exact made-to-order print.</p><p>Care: keep away from high heat, dishwashers, candles, and small children where parts may present a choking risk.</p><p>Attribution: Beautiful Rose w Stem - International Woman’s Day by soukup273 (@soukup273), MakerWorld model 89698, license BY, source https://makerworld.com/en/models/89698-beautiful-rose-w-stem-international-woman-s-day</p>","11.99","","/decor-art","MakerWorld, Commercial-safe, Made to order, PLA, 3D print","No","https://images.squarespace-cdn.com/content/v1/6914262184e7d41fe3ac8966/80899c01-69a6-4200-b2a6-c7018bd8aff8/beautiful-rose-w-stem-international-woman-s-day-89698-01.jpg https://images.squarespace-cdn.com/content/v1/6914262184e7d41fe3ac8966/b25131a3-9f30-4883-92eb-06160b1f10bc/beautiful-rose-w-stem-international-woman-s-day-89698-02.jpg https://images.squarespace-cdn.com/content/v1/6914262184e7d41fe3ac8966/fca8bb5b-371c-46cc-8cea-6ef9053f350f/beautiful-rose-w-stem-international-woman-s-day-89698-03.jpg https://images.squarespace-cdn.com/content/v1/6914262184e7d41fe3ac8966/6168fb1a-a889-490e-8ea0-967bd7297252/beautiful-rose-w-stem-international-woman-s-day-89698-04.jpg https://images.squarespace-cdn.com/content/v1/6914262184e7d41fe3ac8966/1695d279-374c-48d0-86d1-98bfffe9039e/beautiful-rose-w-stem-international-woman-s-day-89698-05.png"
"","","","11.99","","","","",""
"","","","11.99","","","","",""
"","","","11.99","","","","",""
"voronoi-holiday-christmas-deer-86094","Voronoi Holiday Christmas Deer","<p><strong>Voronoi Holiday Christmas Deer</strong> is a made-to-order PLA print based on the MakerWorld model <em>Voronoi Holiday Christmas Deer</em> by Št&iacute;stk&aacute;č.</p><p>Useful as a practical desk, home, gift, or hobby accessory, it is printed after purchase in your selected color: Black, Yellow, White, Red. Each print is checked before shipping, with small layer lines normal for FDM 3D printing.</p><p>Made to order in the Bay Area. Processing time is typically 3-5 business days, and supply is unlimited because items are printed on demand.</p><p>Gallery images are MakerWorld creator images and/or rendered previews of the actual model, not photos of this exact made-to-order print.</p><p>Care: keep away from high heat, dishwashers, candles, and small children where parts may present a choking risk.</p><p>Attribution: Voronoi Holiday Christmas Deer by Št&iacute;stk&aacute;č (@stistkac), MakerWorld model 86094, license BY-SA, source https://makerworld.com/en/models/86094-voronoi-holiday-christmas-deer</p>","12.99","","/holiday-seasonal","MakerWorld, Commercial-safe, Made to order, PLA, 3D print","No","https://images.squarespace-cdn.com/content/v1/6914262184e7d41fe3ac8966/42f444fe-5d1e-4de3-8f57-1b7d1321ef41/voronoi-holiday-christmas-deer-86094-01.png https://images.squarespace-cdn.com/content/v1/6914262184e7d41fe3ac8966/1f7f817a-bae5-4e2a-86e3-0c4ffda5b454/voronoi-holiday-christmas-deer-86094-02.png https://images.squarespace-cdn.com/content/v1/6914262184e7d41fe3ac8966/6e8bce49-b8b3-4ceb-a4bd-23edead7100b/voronoi-holiday-christmas-deer-86094-03.png https://images.squarespace-cdn.com/content/v1/6914262184e7d41fe3ac8966/b075a6da-c539-4649-9fca-6992b6b5a03a/voronoi-holiday-christmas-deer-86094-04.png https://images.squarespace-cdn.com/content/v1/6914262184e7d41fe3ac8966/41eaf261-5ce0-49dd-b880-ad4ffcfacd32/voronoi-holiday-christmas-deer-86094-05.png"
"","","","12.99","","","","",""
"","","","12.99","","","","",""
"","","","12.99","","","","",""
"weight-plate-keychain-do-you-even-lift-bro-1061353","Weight Plate Keychain - Do You Even Lift Bro?","<p><strong>Weight Plate Keychain - Do You Even Lift Bro?</strong> is a made-to-order PLA print based on the MakerWorld model <em>Weight Plate Keychain - Do You Even Lift Bro?</em> by Rusty Tractor.</p><p>Useful as a practical desk, home, gift, or hobby accessory, it is printed after purchase in your selected color: Black, Yellow, White, Red. Each print is checked before shipping, with small layer lines normal for FDM 3D printing.</p><p>Made to order in the Bay Area. Processing time is typically 3-5 business days, and supply is unlimited because items are printed on demand.</p><p>Gallery images are MakerWorld creator images and/or rendered previews of the actual model, not photos of this exact made-to-order print.</p><p>Care: keep away from high heat, dishwashers, candles, and small children where parts may present a choking risk.</p><p>Attribution: Weight Plate Keychain - Do You Even Lift Bro? by Rusty Tractor (@RustyTractor), MakerWorld model 1061353, license BY-ND, source https://makerworld.com/en/models/1061353-weight-plate-keychain-do-you-even-lift-bro</p>","11.49","","/keychains-charms","MakerWorld, Commercial-safe, Made to order, PLA, 3D print","No","https://images.squarespace-cdn.com/content/v1/6914262184e7d41fe3ac8966/420f93ff-b0fb-4de2-92c7-3032329ea2b1/weight-plate-keychain-do-you-even-lift-bro-1061353-01.png https://images.squarespace-cdn.com/content/v1/6914262184e7d41fe3ac8966/50051822-ffa1-4132-b71a-e41c05e98350/weight-plate-keychain-do-you-even-lift-bro-1061353-02.png https://images.squarespace-cdn.com/content/v1/6914262184e7d41fe3ac8966/3bcf6fec-c4d0-4004-8405-e261c9cb713b/weight-plate-keychain-do-you-even-lift-bro-1061353-03.png https://images.squarespace-cdn.com/content/v1/6914262184e7d41fe3ac8966/02bdf241-a5b9-4610-bc84-1b9a64288967/weight-plate-keychain-do-you-even-lift-bro-1061353-04.png https://images.squarespace-cdn.com/content/v1/6914262184e7d41fe3ac8966/35234080-b192-41e2-b5cc-92e0762fb5bf/weight-plate-keychain-do-you-even-lift-bro-1061353-05.png"
"","","","11.49","","","","",""
"","","","11.49","","","","",""
"","","","11.49","","","","",""
"articulated-shrimp-993671","Articulated Shrimp","<p><strong>Articulated Shrimp</strong> is a made-to-order PLA print based on the MakerWorld model <em>Articulated Shrimp</em> by Mattes3D.</p><p>Useful as a practical desk, home, gift, or hobby accessory, it is printed after purchase in your selected color: Black, Yellow, White, Red. Each print is checked before shipping, with small layer lines normal for FDM 3D printing.</p><p>Made to order in the Bay Area. Processing time is typically 3-5 business days, and supply is unlimited because items are printed on demand.</p><p>Gallery images are MakerWorld creator images and/or rendered previews of the actual model, not photos of this exact made-to-order print.</p><p>Care: keep away from high heat, dishwashers, candles, and small children where parts may present a choking risk.</p><p>Attribution: Articulated Shrimp by Mattes3D (@mattes3d), MakerWorld model 993671, license BY-SA, source https://makerworld.com/en/models/993671-articulated-shrimp</p>","12.49","","/toys-figures","MakerWorld, Commercial-safe, Made to order, PLA, 3D print","No","https://images.squarespace-cdn.com/content/v1/6914262184e7d41fe3ac8966/3b880914-6eb9-41cc-a966-c1353dec27b0/articulated-shrimp-993671-01.png https://images.squarespace-cdn.com/content/v1/6914262184e7d41fe3ac8966/f78e873f-9763-4c7b-ade8-1c5f10593a00/articulated-shrimp-993671-02.png https://images.squarespace-cdn.com/content/v1/6914262184e7d41fe3ac8966/8cb3d7c6-a4ff-4ac6-ab1c-009a2cb908f8/articulated-shrimp-993671-03.png https://images.squarespace-cdn.com/content/v1/6914262184e7d41fe3ac8966/213dcf1f-30e1-45c6-8249-4b2275f202ce/articulated-shrimp-993671-04.png https://images.squarespace-cdn.com/content/v1/6914262184e7d41fe3ac8966/2bd2341f-d70c-424a-92c3-94bbe549cdf7/articulated-shrimp-993671-05.png"
"","","","12.49","","","","",""
"","","","12.49","","","","",""
"","","","12.49","","","","",""
"tumbler-keychain-with-screw-off-lid-no-ams-reqd-822694","Tumbler Keychain with Screw-Off Lid","<p><strong>Tumbler Keychain With Screw Off Lid (No AMS Reqd)</strong> is a made-to-order PLA print based on the MakerWorld model <em>Tumbler Keychain with screw off lid (no AMS reqd)</em> by animuL67.</p><p>Useful as a practical desk, home, gift, or hobby accessory, it is printed after purchase in your selected color: Black, Yellow, White, Red. Each print is checked before shipping, with small layer lines normal for FDM 3D printing.</p><p>Made to order in the Bay Area. Processing time is typically 3-5 business days, and supply is unlimited because items are printed on demand.</p><p>Gallery images are MakerWorld creator images and/or rendered previews of the actual model, not photos of this exact made-to-order print.</p><p>Care: keep away from high heat, dishwashers, candles, and small children where parts may present a choking risk.</p><p>Attribution: Tumbler Keychain with screw off lid (no AMS reqd) by animuL67 (@animuL67), MakerWorld model 822694, license BY-SA, source https://makerworld.com/en/models/822694-tumbler-keychain-with-screw-off-lid-no-ams-reqd</p>","11.49","","/keychains-charms","MakerWorld, Commercial-safe, Made to order, PLA, 3D print","No","https://images.squarespace-cdn.com/content/v1/6914262184e7d41fe3ac8966/267375f5-ab78-4df1-b521-d3701abcd8ab/tumbler-keychain-with-screw-off-lid-no-ams-reqd-822694-01.png https://images.squarespace-cdn.com/content/v1/6914262184e7d41fe3ac8966/79bc1f83-ff7e-42b5-974b-24ea1445863d/tumbler-keychain-with-screw-off-lid-no-ams-reqd-822694-02.png https://images.squarespace-cdn.com/content/v1/6914262184e7d41fe3ac8966/eb853c4d-1ca1-42f4-9612-6cd3bacf866a/tumbler-keychain-with-screw-off-lid-no-ams-reqd-822694-03.png https://images.squarespace-cdn.com/content/v1/6914262184e7d41fe3ac8966/3de26ffa-ed7b-4657-9acf-3d6553288809/tumbler-keychain-with-screw-off-lid-no-ams-reqd-822694-04.png https://images.squarespace-cdn.com/content/v1/6914262184e7d41fe3ac8966/0c0c8845-cc2a-4761-86e9-b15be760ac15/tumbler-keychain-with-screw-off-lid-no-ams-reqd-822694-05.png"
"","","","11.49","","","","",""
"","","","11.49","","","","",""
"","","","11.49","","","","",""
"adjustable-pcb-holder-tool-159336","Adjustable PCB Holder Tool","<p><strong>Adjustable PCB Holder Tool</strong> is a made-to-order PLA print based on the MakerWorld model <em>Adjustable PCB Holder Tool</em> by squinn.</p><p>Useful as a practical desk, home, gift, or hobby accessory, it is printed after purchase in your selected color: Black, Yellow, White, Red. Each print is checked before shipping, with small layer lines normal for FDM 3D printing.</p><p>Made to order in the Bay Area. Processing time is typically 3-5 business days, and supply is unlimited because items are printed on demand.</p><p>Gallery images are MakerWorld creator images and/or rendered previews of the actual model, not photos of this exact made-to-order print.</p><p>Care: keep away from high heat, dishwashers, candles, and small children where parts may present a choking risk.</p><p>Attribution: Adjustable PCB Holder Tool by squinn (@squinn), MakerWorld model 159336, license BY, source https://makerworld.com/en/models/159336-adjustable-pcb-holder-tool</p>","17.49","","/home-organization","MakerWorld, Commercial-safe, Made to order, PLA, 3D print","No","https://images.squarespace-cdn.com/content/v1/6914262184e7d41fe3ac8966/26559f5a-906b-4ff5-b50a-f86ee6f2b9b0/adjustable-pcb-holder-tool-159336-01.jpg https://images.squarespace-cdn.com/content/v1/6914262184e7d41fe3ac8966/01e26516-e54e-4951-9d63-42fe21f69f91/adjustable-pcb-holder-tool-159336-02.jpg https://images.squarespace-cdn.com/content/v1/6914262184e7d41fe3ac8966/8810b429-f490-42fd-8c47-5a8014e08ce2/adjustable-pcb-holder-tool-159336-03.jpg https://images.squarespace-cdn.com/content/v1/6914262184e7d41fe3ac8966/1d87b47f-9db6-4a16-a649-aa0e16f63dc8/adjustable-pcb-holder-tool-159336-04.jpg https://images.squarespace-cdn.com/content/v1/6914262184e7d41fe3ac8966/4ea29c23-df4d-47d2-b5c3-ebda22befa84/adjustable-pcb-holder-tool-159336-05.jpg"
"","","","17.49","","","","",""
"","","","17.49","","","","",""
"","","","17.49","","","","",""
"human-skull-anatomically-correct-229818","Human Skull, Anatomically Correct","<p><strong>Human Skull, Anatomically Correct</strong> is a made-to-order PLA print based on the MakerWorld model <em>Human Skull, Anatomically Correct</em> by SF3DPrints.</p><p>Useful as a practical desk, home, gift, or hobby accessory, it is printed after purchase in your selected color: Black, Yellow, White, Red. Each print is checked before shipping, with small layer lines normal for FDM 3D printing.</p><p>Made to order in the Bay Area. Processing time is typically 3-5 business days, and supply is unlimited because items are printed on demand.</p><p>Gallery images are MakerWorld creator images and/or rendered previews of the actual model, not photos of this exact made-to-order print.</p><p>Care: keep away from high heat, dishwashers, candles, and small children where parts may present a choking risk.</p><p>Attribution: Human Skull, Anatomically Correct by SF3DPrints (@SF3DPrints), MakerWorld model 229818, license BY, source https://makerworld.com/en/models/229818-human-skull-anatomically-correct</p>","9.99","","/holiday-seasonal","MakerWorld, Commercial-safe, Made to order, PLA, 3D print","No","https://images.squarespace-cdn.com/content/v1/6914262184e7d41fe3ac8966/9828c9db-5459-4869-b4e9-b76f323a4a56/human-skull-anatomically-correct-229818-01.png https://images.squarespace-cdn.com/content/v1/6914262184e7d41fe3ac8966/7f1a8d4d-62a0-4419-b634-be79789a6567/human-skull-anatomically-correct-229818-02.png https://images.squarespace-cdn.com/content/v1/6914262184e7d41fe3ac8966/e44467d0-49a9-4e6e-b03c-e64fdd315891/human-skull-anatomically-correct-229818-03.png https://images.squarespace-cdn.com/content/v1/6914262184e7d41fe3ac8966/60bccad2-dc18-46d6-863f-cdb75c161e6e/human-skull-anatomically-correct-229818-04.png https://images.squarespace-cdn.com/content/v1/6914262184e7d41fe3ac8966/462acb0b-85e7-4435-97aa-158713aa84a7/human-skull-anatomically-correct-229818-05.png"
"","","","9.99","","","","",""
"","","","9.99","","","","",""
"","","","9.99","","","","",""
"multicolour-majora-s-mask-105338","Multicolour Majora'S Mask","<p><strong>Multicolour Majora'S Mask</strong> is a made-to-order PLA print based on the MakerWorld model <em>Multicolour Majora's Mask</em> by 3DPrintDogs.</p><p>Useful as a practical desk, home, gift, or hobby accessory, it is printed after purchase in your selected color: Black, Yellow, White, Red. Each print is checked before shipping, with small layer lines normal for FDM 3D printing.</p><p>Made to order in the Bay Area. Processing time is typically 3-5 business days, and supply is unlimited because items are printed on demand.</p><p>Gallery images are MakerWorld creator images and/or rendered previews of the actual model, not photos of this exact made-to-order print.</p><p>Care: keep away from high heat, dishwashers, candles, and small children where parts may present a choking risk.</p><p>Attribution: Multicolour Majora's Mask by 3DPrintDogs (@3dprintdogs), MakerWorld model 105338, license BY-SA, source https://makerworld.com/en/models/105338-multicolour-majora-s-mask</p>","27.99","","/cosplay-props","MakerWorld, Commercial-safe, Made to order, PLA, 3D print","No","https://images.squarespace-cdn.com/content/v1/6914262184e7d41fe3ac8966/b79e2f8c-6480-4612-b5bd-8af1d59d6057/multicolour-majora-s-mask-105338-01.jpg https://images.squarespace-cdn.com/content/v1/6914262184e7d41fe3ac8966/59ddbd03-2071-4861-8439-8e32691ba06e/multicolour-majora-s-mask-105338-02.jpg https://images.squarespace-cdn.com/content/v1/6914262184e7d41fe3ac8966/0db429b7-2a31-4db6-af10-4a42b4fc747b/multicolour-majora-s-mask-105338-03.jpg https://images.squarespace-cdn.com/content/v1/6914262184e7d41fe3ac8966/d07c29e8-c38d-4a3a-aa76-e78d53718461/multicolour-majora-s-mask-105338-04.jpg https://images.squarespace-cdn.com/content/v1/6914262184e7d41fe3ac8966/efe9898c-3f85-45de-93dc-82c25bdb2c74/multicolour-majora-s-mask-105338-05.jpg"
"","","","27.99","","","","",""
"","","","27.99","","","","",""
"","","","27.99","","","","",""
"nfc-tag-keychains-495976","NFC Tag Keychains","<p><strong>NFC Tag Keychains</strong> is a made-to-order PLA print based on the MakerWorld model <em>NFC Tag Keychains</em> by orax.</p><p>Useful as a practical desk, home, gift, or hobby accessory, it is printed after purchase in your selected color: Black, Yellow, White, Red. Each print is checked before shipping, with small layer lines normal for FDM 3D printing.</p><p>Made to order in the Bay Area. Processing time is typically 3-5 business days, and supply is unlimited because items are printed on demand.</p><p>Gallery images are MakerWorld creator images and/or rendered previews of the actual model, not photos of this exact made-to-order print.</p><p>Care: keep away from high heat, dishwashers, candles, and small children where parts may present a choking risk.</p><p>Attribution: NFC Tag Keychains by orax (@orax), MakerWorld model 495976, license BY-SA, source https://makerworld.com/en/models/495976-nfc-tag-keychains</p>","12.49","","/keychains-charms","MakerWorld, Commercial-safe, Made to order, PLA, 3D print","No","https://images.squarespace-cdn.com/content/v1/6914262184e7d41fe3ac8966/38e87e44-95a1-465b-85cd-42c6f53e9b9f/nfc-tag-keychains-495976-01.jpg https://images.squarespace-cdn.com/content/v1/6914262184e7d41fe3ac8966/9a4c8cf4-a0d1-4e65-9448-91fde61d642e/nfc-tag-keychains-495976-02.jpg https://images.squarespace-cdn.com/content/v1/6914262184e7d41fe3ac8966/532d4acc-401c-4ead-a789-d6d03a6c4a14/nfc-tag-keychains-495976-03.jpg https://images.squarespace-cdn.com/content/v1/6914262184e7d41fe3ac8966/1e480d20-1c6e-4707-b4e0-013d7f385296/nfc-tag-keychains-495976-04.jpg https://images.squarespace-cdn.com/content/v1/6914262184e7d41fe3ac8966/07d37972-7f58-46e4-8b45-fc27bef69075/nfc-tag-keychains-495976-05.jpg"
"","","","12.49","","","","",""
"","","","12.49","","","","",""
"","","","12.49","","","","",""
"bane-mask-1196904","Bane Mask","<p><strong>Bane Mask</strong> is a made-to-order PLA print based on the MakerWorld model <em>bane mask </em> by chrischarchar.</p><p>Useful as a practical desk, home, gift, or hobby accessory, it is printed after purchase in your selected color: Black, Yellow, White, Red. Each print is checked before shipping, with small layer lines normal for FDM 3D printing.</p><p>Made to order in the Bay Area. Processing time is typically 3-5 business days, and supply is unlimited because items are printed on demand.</p><p>Gallery images are MakerWorld creator images and/or rendered previews of the actual model, not photos of this exact made-to-order print.</p><p>Care: keep away from high heat, dishwashers, candles, and small children where parts may present a choking risk.</p><p>Attribution: bane mask  by chrischarchar (@chrischarchar), MakerWorld model 1196904, license CC0, source https://makerworld.com/en/models/1196904-bane-mask</p>","27.99","","/cosplay-props","MakerWorld, Commercial-safe, Made to order, PLA, 3D print","No","https://images.squarespace-cdn.com/content/v1/6914262184e7d41fe3ac8966/caa06b71-f101-4765-91b9-357edfe7a18d/bane-mask-1196904-01.png https://images.squarespace-cdn.com/content/v1/6914262184e7d41fe3ac8966/28833ac5-879a-4db0-9b2b-0c24318fc531/bane-mask-1196904-02.png https://images.squarespace-cdn.com/content/v1/6914262184e7d41fe3ac8966/91d89bbd-39aa-4a00-b6a8-afab2c3a9378/bane-mask-1196904-03.png https://images.squarespace-cdn.com/content/v1/6914262184e7d41fe3ac8966/ad255443-0359-460d-9650-83c2a944e7a6/bane-mask-1196904-04.png https://images.squarespace-cdn.com/content/v1/6914262184e7d41fe3ac8966/d01dbcaf-cd52-4245-8ce7-ff2a07f64474/bane-mask-1196904-05.png"
"","","","27.99","","","","",""
"","","","27.99","","","","",""
"","","","27.99","","","","",""
"enterprise-constitution-class-76482","Enterprise Constitution Class","<p><strong>Enterprise Constitution Class</strong> is a made-to-order PLA print based on the MakerWorld model <em>Enterprise Constitution Class</em> by martin.taichl.</p><p>Useful as a practical desk, home, gift, or hobby accessory, it is printed after purchase in your selected color: Black, Yellow, White, Red. Each print is checked before shipping, with small layer lines normal for FDM 3D printing.</p><p>Made to order in the Bay Area. Processing time is typically 3-5 business days, and supply is unlimited because items are printed on demand.</p><p>Gallery images are MakerWorld creator images and/or rendered previews of the actual model, not photos of this exact made-to-order print.</p><p>Care: keep away from high heat, dishwashers, candles, and small children where parts may present a choking risk.</p><p>Attribution: Enterprise Constitution Class by martin.taichl (@martin.taichl), MakerWorld model 76482, license BY, source https://makerworld.com/en/models/76482-enterprise-constitution-class</p>","29.99","","/general-3d-prints","MakerWorld, Commercial-safe, Made to order, PLA, 3D print","No","https://images.squarespace-cdn.com/content/v1/6914262184e7d41fe3ac8966/72ccdca2-f66b-4144-89d5-bf5b7be52df1/enterprise-constitution-class-76482-01.jpg https://images.squarespace-cdn.com/content/v1/6914262184e7d41fe3ac8966/ab3152be-32a6-434b-8ab8-ef1b39ec90f6/enterprise-constitution-class-76482-02.jpg https://images.squarespace-cdn.com/content/v1/6914262184e7d41fe3ac8966/2be6a0a1-0ffb-4399-bf0e-6b0eef49d564/enterprise-constitution-class-76482-03.jpg https://images.squarespace-cdn.com/content/v1/6914262184e7d41fe3ac8966/3050c406-e023-4c63-b6ce-7032c040e523/enterprise-constitution-class-76482-04.jpg https://images.squarespace-cdn.com/content/v1/6914262184e7d41fe3ac8966/1c4012dd-54b9-4cb0-9d2f-38bc8844149e/enterprise-constitution-class-76482-05.jpg"
"","","","29.99","","","","",""
"","","","29.99","","","","",""
"","","","29.99","","","","",""
"gift-wrap-cutter-deluxe-wrapping-paper-station-2111757","Gift Wrap Cutter Deluxe - Wrapping Paper Station","<p><strong>Gift Wrap Cutter Deluxe - Wrapping Paper Station</strong> is a made-to-order PLA print based on the MakerWorld model <em>Gift Wrap Cutter Deluxe - Wrapping Paper Station</em> by Cryostatic.</p><p>Useful as a practical desk, home, gift, or hobby accessory, it is printed after purchase in your selected color: Black, Yellow, White, Red. Each print is checked before shipping, with small layer lines normal for FDM 3D printing.</p><p>Made to order in the Bay Area. Processing time is typically 3-5 business days, and supply is unlimited because items are printed on demand.</p><p>Gallery images are MakerWorld creator images and/or rendered previews of the actual model, not photos of this exact made-to-order print.</p><p>Care: keep away from high heat, dishwashers, candles, and small children where parts may present a choking risk.</p><p>Attribution: Gift Wrap Cutter Deluxe - Wrapping Paper Station by Cryostatic (@cryostatic), MakerWorld model 2111757, license BY, source https://makerworld.com/en/models/2111757-gift-wrap-cutter-deluxe-wrapping-paper-station</p>","23.99","","/general-3d-prints","MakerWorld, Commercial-safe, Made to order, PLA, 3D print","No","https://images.squarespace-cdn.com/content/v1/6914262184e7d41fe3ac8966/74e0a5da-7014-4ed7-81cb-aa0e701377b0/gift-wrap-cutter-deluxe-wrapping-paper-station-2111757-01.jpg https://images.squarespace-cdn.com/content/v1/6914262184e7d41fe3ac8966/e29f48b6-d24e-4989-a3eb-568e5100457c/gift-wrap-cutter-deluxe-wrapping-paper-station-2111757-02.jpg https://images.squarespace-cdn.com/content/v1/6914262184e7d41fe3ac8966/d2aa3ac3-065f-4a6c-bfe5-d0486eea0018/gift-wrap-cutter-deluxe-wrapping-paper-station-2111757-03.jpg https://images.squarespace-cdn.com/content/v1/6914262184e7d41fe3ac8966/c9033ed0-d558-4443-b4ab-f8193e08e5cf/gift-wrap-cutter-deluxe-wrapping-paper-station-2111757-04.jpg https://images.squarespace-cdn.com/content/v1/6914262184e7d41fe3ac8966/f7de7ac5-bc35-4755-92c3-318b3b63f22c/gift-wrap-cutter-deluxe-wrapping-paper-station-2111757-05.jpg"
"","","","23.99","","","","",""
"","","","23.99","","","","",""
"","","","23.99","","","","",""
"social-nfc-keychain-542129","Social NFC Keychain","<p><strong>Social NFC Keychain</strong> is a made-to-order PLA print based on the MakerWorld model <em>Social NFC keychain</em> by DotCom Artwork.</p><p>Useful as a practical desk, home, gift, or hobby accessory, it is printed after purchase in your selected color: Black, Yellow, White, Red. Each print is checked before shipping, with small layer lines normal for FDM 3D printing.</p><p>Made to order in the Bay Area. Processing time is typically 3-5 business days, and supply is unlimited because items are printed on demand.</p><p>Gallery images are MakerWorld creator images and/or rendered previews of the actual model, not photos of this exact made-to-order print.</p><p>Care: keep away from high heat, dishwashers, candles, and small children where parts may present a choking risk.</p><p>Attribution: Social NFC keychain by DotCom Artwork (@DotCom_Artwork), MakerWorld model 542129, license BY, source https://makerworld.com/en/models/542129-social-nfc-keychain</p>","17.99","","/keychains-charms","MakerWorld, Commercial-safe, Made to order, PLA, 3D print","No","https://images.squarespace-cdn.com/content/v1/6914262184e7d41fe3ac8966/adc6ea2a-9764-49b9-b53e-df7f31e53daa/social-nfc-keychain-542129-01.jpg https://images.squarespace-cdn.com/content/v1/6914262184e7d41fe3ac8966/29bfc15e-b29a-4282-88be-c9843f2183ee/social-nfc-keychain-542129-02.png https://images.squarespace-cdn.com/content/v1/6914262184e7d41fe3ac8966/90c7d73b-6e98-44a9-95dc-ffefa7f3890b/social-nfc-keychain-542129-03.png https://images.squarespace-cdn.com/content/v1/6914262184e7d41fe3ac8966/6335183f-c138-495a-833b-81334107fb15/social-nfc-keychain-542129-04.png https://images.squarespace-cdn.com/content/v1/6914262184e7d41fe3ac8966/c2f380a8-13a0-47a7-8525-3e8d1c560255/social-nfc-keychain-542129-05.png"
"","","","17.99","","","","",""
"","","","17.99","","","","",""
"","","","17.99","","","","",""
"teepee-modular-bathroom-crisis-prevention-system-406662","Teepee: Modular Bathroom Crisis Prevention System","<p><strong>Teepee: Modular Bathroom Crisis Prevention System</strong> is a made-to-order PLA print based on the MakerWorld model <em>Teepee: Modular Bathroom Crisis Prevention System</em> by The Philosopher.</p><p>Useful as a practical desk, home, gift, or hobby accessory, it is printed after purchase in your selected color: Black, Yellow, White, Red. Each print is checked before shipping, with small layer lines normal for FDM 3D printing.</p><p>Made to order in the Bay Area. Processing time is typically 3-5 business days, and supply is unlimited because items are printed on demand.</p><p>Gallery images are MakerWorld creator images and/or rendered previews of the actual model, not photos of this exact made-to-order print.</p><p>Care: keep away from high heat, dishwashers, candles, and small children where parts may present a choking risk.</p><p>Attribution: Teepee: Modular Bathroom Crisis Prevention System by The Philosopher (@realphilosopher), MakerWorld model 406662, license BY, source https://makerworld.com/en/models/406662-teepee-modular-bathroom-crisis-prevention-system</p>","19.49","","/toys-figures","MakerWorld, Commercial-safe, Made to order, PLA, 3D print","No","https://images.squarespace-cdn.com/content/v1/6914262184e7d41fe3ac8966/f79ff9c4-e727-4d8a-8479-af7ef37cca22/teepee-modular-bathroom-crisis-prevention-system-406662-01.png https://images.squarespace-cdn.com/content/v1/6914262184e7d41fe3ac8966/4cc72b90-e356-478e-a2a9-60e4b0d1256a/teepee-modular-bathroom-crisis-prevention-system-406662-02.png https://images.squarespace-cdn.com/content/v1/6914262184e7d41fe3ac8966/e2d3c038-b2fb-4a74-8e15-fb60e1ef1217/teepee-modular-bathroom-crisis-prevention-system-406662-03.png https://images.squarespace-cdn.com/content/v1/6914262184e7d41fe3ac8966/4a224877-7455-4dd3-b000-27d9ba88b8bb/teepee-modular-bathroom-crisis-prevention-system-406662-04.png https://images.squarespace-cdn.com/content/v1/6914262184e7d41fe3ac8966/e7dffabf-6430-49b4-b0fd-58fc2d32290a/teepee-modular-bathroom-crisis-prevention-system-406662-05.png"
"","","","19.49","","","","",""
"","","","19.49","","","","",""
"","","","19.49","","","","",""
"cs2-printstream-m4a1-s-pla-64144","CS2 Printstream M4A1-S (PLA)","<p><strong>CS2 Printstream M4A1-S (PLA)</strong> is a made-to-order PLA print based on the MakerWorld model <em>CS2 Printstream M4A1-S (PLA)</em> by MiniRacer.</p><p>Useful as a practical desk, home, gift, or hobby accessory, it is printed after purchase in your selected color: Black, Yellow, White, Red. Each print is checked before shipping, with small layer lines normal for FDM 3D printing.</p><p>Made to order in the Bay Area. Processing time is typically 3-5 business days, and supply is unlimited because items are printed on demand.</p><p>Gallery images are MakerWorld creator images and/or rendered previews of the actual model, not photos of this exact made-to-order print.</p><p>Care: keep away from high heat, dishwashers, candles, and small children where parts may present a choking risk.</p><p>Attribution: CS2 Printstream M4A1-S (PLA) by MiniRacer (@MiniRacer), MakerWorld model 64144, license BY, source https://makerworld.com/en/models/64144-cs2-printstream-m4a1-s-pla</p>","22.49","","/general-3d-prints","MakerWorld, Commercial-safe, Made to order, PLA, 3D print","No","https://images.squarespace-cdn.com/content/v1/6914262184e7d41fe3ac8966/17ca3b25-69b7-4834-b1e2-cdcbc4a8abb4/cs2-printstream-m4a1-s-pla-64144-01.png https://images.squarespace-cdn.com/content/v1/6914262184e7d41fe3ac8966/37306ae3-0bfe-4bd0-a795-23507a45c5db/cs2-printstream-m4a1-s-pla-64144-02.png https://images.squarespace-cdn.com/content/v1/6914262184e7d41fe3ac8966/8e9d6871-f4cb-4e64-8be4-7e0fc3df7c84/cs2-printstream-m4a1-s-pla-64144-03.png https://images.squarespace-cdn.com/content/v1/6914262184e7d41fe3ac8966/cf92f48d-fb1b-472f-a00c-b1e31cf91b26/cs2-printstream-m4a1-s-pla-64144-04.png https://images.squarespace-cdn.com/content/v1/6914262184e7d41fe3ac8966/b454b1a3-a190-48eb-a5ae-d061e5a6ed98/cs2-printstream-m4a1-s-pla-64144-05.png"
"","","","22.49","","","","",""
"","","","22.49","","","","",""
"","","","22.49","","","","",""
"headphone-side-desk-stand-481259","Headphone Side Desk Stand","<p><strong>Headphone Side Desk Stand</strong> is a made-to-order PLA print based on the MakerWorld model <em>Headphone side desk stand</em> by Gugly.</p><p>Useful as a practical desk, home, gift, or hobby accessory, it is printed after purchase in your selected color: Black, Yellow, White, Red. Each print is checked before shipping, with small layer lines normal for FDM 3D printing.</p><p>Made to order in the Bay Area. Processing time is typically 3-5 business days, and supply is unlimited because items are printed on demand.</p><p>Gallery images are MakerWorld creator images and/or rendered previews of the actual model, not photos of this exact made-to-order print.</p><p>Care: keep away from high heat, dishwashers, candles, and small children where parts may present a choking risk.</p><p>Attribution: Headphone side desk stand by Gugly (@Gugly), MakerWorld model 481259, license BY, source https://makerworld.com/en/models/481259-headphone-side-desk-stand</p>","21.99","","/desk-office","MakerWorld, Commercial-safe, Made to order, PLA, 3D print","No","https://images.squarespace-cdn.com/content/v1/6914262184e7d41fe3ac8966/187f9ed5-65f6-414b-8459-645ff615f16a/headphone-side-desk-stand-481259-01.png https://images.squarespace-cdn.com/content/v1/6914262184e7d41fe3ac8966/94f29016-3c06-4aee-aa45-3ac86f53c4f9/headphone-side-desk-stand-481259-02.png https://images.squarespace-cdn.com/content/v1/6914262184e7d41fe3ac8966/76b1f548-b52d-466b-89fd-a88b25c7a779/headphone-side-desk-stand-481259-03.png https://images.squarespace-cdn.com/content/v1/6914262184e7d41fe3ac8966/0a9b67b3-dc64-4536-9308-25d66ab111a3/headphone-side-desk-stand-481259-04.png https://images.squarespace-cdn.com/content/v1/6914262184e7d41fe3ac8966/ae1677a3-ba1d-45ef-aff7-44fc38756bef/headphone-side-desk-stand-481259-05.png"
"","","","21.99","","","","",""
"","","","21.99","","","","",""
"","","","21.99","","","","",""
"spin-cube-print-in-place-0-2mm-nozzle-430137","Spin Cube (Print in Place) 0 2mm Nozzle","<p><strong>Spin Cube (Print In Place) 0 2mm Nozzle</strong> is a made-to-order PLA print based on the MakerWorld model <em>Spin Cube (Print in Place) 0.2mm nozzle</em> by liminil.</p><p>Useful as a practical desk, home, gift, or hobby accessory, it is printed after purchase in your selected color: Black, Yellow, White, Red. Each print is checked before shipping, with small layer lines normal for FDM 3D printing.</p><p>Made to order in the Bay Area. Processing time is typically 3-5 business days, and supply is unlimited because items are printed on demand.</p><p>Gallery images are MakerWorld creator images and/or rendered previews of the actual model, not photos of this exact made-to-order print.</p><p>Care: keep away from high heat, dishwashers, candles, and small children where parts may present a choking risk.</p><p>Attribution: Spin Cube (Print in Place) 0.2mm nozzle by liminil (@liminil), MakerWorld model 430137, license BY, source https://makerworld.com/en/models/430137-spin-cube-print-in-place-0-2mm-nozzle</p>","17.99","","/toys-figures","MakerWorld, Commercial-safe, Made to order, PLA, 3D print","No","https://images.squarespace-cdn.com/content/v1/6914262184e7d41fe3ac8966/47c545fa-5345-43ec-8275-5d9ee098b929/spin-cube-print-in-place-0-2mm-nozzle-430137-01.png https://images.squarespace-cdn.com/content/v1/6914262184e7d41fe3ac8966/f5f98798-41f0-4d2a-8f4e-6855b8066165/spin-cube-print-in-place-0-2mm-nozzle-430137-02.png https://images.squarespace-cdn.com/content/v1/6914262184e7d41fe3ac8966/b5e811f7-658e-4470-951b-b83ed98a5f09/spin-cube-print-in-place-0-2mm-nozzle-430137-03.png https://images.squarespace-cdn.com/content/v1/6914262184e7d41fe3ac8966/8003d890-a46e-44cb-9724-d35b3670a289/spin-cube-print-in-place-0-2mm-nozzle-430137-04.png https://images.squarespace-cdn.com/content/v1/6914262184e7d41fe3ac8966/9c4cb9b5-5cdc-4138-ac8b-7268ed622a62/spin-cube-print-in-place-0-2mm-nozzle-430137-05.png"
"","","","17.99","","","","",""
"","","","17.99","","","","",""
"","","","17.99","","","","",""
"v1-kid-size-pool-noodle-sword-holes-19-25mm-1306790","V1 Kid Size Pool Noodle Sword (Holes ~19 & 25mm)","<p><strong>V1 Kid Size Pool Noodle Sword (Holes ~19 &amp; 25mm)</strong> is a made-to-order PLA print based on the MakerWorld model <em>v1 Kid Size Pool Noodle Sword (Holes ~19 &amp; 25mm)</em> by Toddy's Trinkets.</p><p>Useful as a practical desk, home, gift, or hobby accessory, it is printed after purchase in your selected color: Black, Yellow, White, Red. Each print is checked before shipping, with small layer lines normal for FDM 3D printing.</p><p>Made to order in the Bay Area. Processing time is typically 3-5 business days, and supply is unlimited because items are printed on demand.</p><p>Gallery images are MakerWorld creator images and/or rendered previews of the actual model, not photos of this exact made-to-order print.</p><p>Care: keep away from high heat, dishwashers, candles, and small children where parts may present a choking risk.</p><p>Attribution: v1 Kid Size Pool Noodle Sword (Holes ~19 &amp; 25mm) by Toddy's Trinkets (@ToddysTrinkets), MakerWorld model 1306790, license BY-SA, source https://makerworld.com/en/models/1306790-v1-kid-size-pool-noodle-sword-holes-19-25mm</p>","17.99","","/toys-figures","MakerWorld, Commercial-safe, Made to order, PLA, 3D print","No","https://images.squarespace-cdn.com/content/v1/6914262184e7d41fe3ac8966/954b54b0-c3c8-4cd2-82ac-924480001065/v1-kid-size-pool-noodle-sword-holes-19-25mm-1306790-02.jpg https://images.squarespace-cdn.com/content/v1/6914262184e7d41fe3ac8966/add75a67-8d4e-4f7b-80a3-e8648ced38cb/v1-kid-size-pool-noodle-sword-holes-19-25mm-1306790-03.jpg https://images.squarespace-cdn.com/content/v1/6914262184e7d41fe3ac8966/846386f8-4ee6-4faf-b0a2-dd46ed871800/v1-kid-size-pool-noodle-sword-holes-19-25mm-1306790-04.jpg https://images.squarespace-cdn.com/content/v1/6914262184e7d41fe3ac8966/f11951d7-e3a2-4dea-9249-f5ca8780cd45/v1-kid-size-pool-noodle-sword-holes-19-25mm-1306790-05.jpg https://images.squarespace-cdn.com/content/v1/6914262184e7d41fe3ac8966/1d809806-7f9e-4304-84d1-9bc2a34b9c8f/v1-kid-size-pool-noodle-sword-holes-19-25mm-1306790-01.jpg"
"","","","17.99","","","","",""
"","","","17.99","","","","",""
"","","","17.99","","","","",""
"ssv-normandy-sr2-719107","SSV Normandy SR2","<p><strong>SSV Normandy SR2</strong> is a made-to-order PLA print based on the MakerWorld model <em>SSV Normandy SR2</em> by martin.taichl.</p><p>Useful as a practical desk, home, gift, or hobby accessory, it is printed after purchase in your selected color: Black, Yellow, White, Red. Each print is checked before shipping, with small layer lines normal for FDM 3D printing.</p><p>Made to order in the Bay Area. Processing time is typically 3-5 business days, and supply is unlimited because items are printed on demand.</p><p>Gallery images are MakerWorld creator images and/or rendered previews of the actual model, not photos of this exact made-to-order print.</p><p>Care: keep away from high heat, dishwashers, candles, and small children where parts may present a choking risk.</p><p>Attribution: SSV Normandy SR2 by martin.taichl (@martin.taichl), MakerWorld model 719107, license BY-SA, source https://makerworld.com/en/models/719107-ssv-normandy-sr2</p>","20.49","","/general-3d-prints","MakerWorld, Commercial-safe, Made to order, PLA, 3D print","No","https://images.squarespace-cdn.com/content/v1/6914262184e7d41fe3ac8966/8733e58b-d85c-4f8f-bbd3-10d8415b6701/ssv-normandy-sr2-719107-01.jpg https://images.squarespace-cdn.com/content/v1/6914262184e7d41fe3ac8966/1d6cd652-ef21-4424-87cf-8b2f7d872c11/ssv-normandy-sr2-719107-02.jpg https://images.squarespace-cdn.com/content/v1/6914262184e7d41fe3ac8966/2fa24a2e-f8b1-44cb-8221-15f3f42d692b/ssv-normandy-sr2-719107-03.jpg https://images.squarespace-cdn.com/content/v1/6914262184e7d41fe3ac8966/02046bf6-e314-4ca6-a450-d64e50ad838e/ssv-normandy-sr2-719107-04.jpg https://images.squarespace-cdn.com/content/v1/6914262184e7d41fe3ac8966/2cf67ed9-247e-4b52-8905-c146375622b3/ssv-normandy-sr2-719107-05.png"
"","","","20.49","","","","",""
"","","","20.49","","","","",""
"","","","20.49","","","","",""
"mechanical-arm-holder-system-1183365","Mechanical Arm Holder System","<p><strong>Mechanical Arm Holder System</strong> is a made-to-order PLA print based on the MakerWorld model <em>Mechanical Arm Holder System</em> by Robert Skinner.</p><p>Useful as a practical desk, home, gift, or hobby accessory, it is printed after purchase in your selected color: Black, Yellow, White, Red. Each print is checked before shipping, with small layer lines normal for FDM 3D printing.</p><p>Made to order in the Bay Area. Processing time is typically 3-5 business days, and supply is unlimited because items are printed on demand.</p><p>Gallery images are MakerWorld creator images and/or rendered previews of the actual model, not photos of this exact made-to-order print.</p><p>Care: keep away from high heat, dishwashers, candles, and small children where parts may present a choking risk.</p><p>Attribution: Mechanical Arm Holder System by Robert Skinner (@Robert_Skinner), MakerWorld model 1183365, license BY, source https://makerworld.com/en/models/1183365-mechanical-arm-holder-system</p>","25.99","","/home-organization","MakerWorld, Commercial-safe, Made to order, PLA, 3D print","No","https://images.squarespace-cdn.com/content/v1/6914262184e7d41fe3ac8966/1a5ed9a1-8c92-428b-adba-512ec01ccbeb/mechanical-arm-holder-system-1183365-01.png https://images.squarespace-cdn.com/content/v1/6914262184e7d41fe3ac8966/0a87316b-4d94-4f4c-874b-feab636b1320/mechanical-arm-holder-system-1183365-02.png https://images.squarespace-cdn.com/content/v1/6914262184e7d41fe3ac8966/d250fafa-2afe-4a2a-b9f2-a511ef99ee5d/mechanical-arm-holder-system-1183365-03.png https://images.squarespace-cdn.com/content/v1/6914262184e7d41fe3ac8966/9ea6aabb-260e-4017-a57d-924f39c3f9fe/mechanical-arm-holder-system-1183365-04.png https://images.squarespace-cdn.com/content/v1/6914262184e7d41fe3ac8966/aa465de4-9b42-4f49-b865-e18ae611093f/mechanical-arm-holder-system-1183365-05.png"
"","","","25.99","","","","",""
"","","","25.99","","","","",""
"","","","25.99","","","","",""
"chain-link-bracelet-1080261","Chain Link Bracelet","<p><strong>Chain Link Bracelet</strong> is a made-to-order PLA print based on the MakerWorld model <em>Chain Link Bracelet</em> by BaGooN.</p><p>Useful as a practical desk, home, gift, or hobby accessory, it is printed after purchase in your selected color: Black, Yellow, White, Red. Each print is checked before shipping, with small layer lines normal for FDM 3D printing.</p><p>Made to order in the Bay Area. Processing time is typically 3-5 business days, and supply is unlimited because items are printed on demand.</p><p>Gallery images are MakerWorld creator images and/or rendered previews of the actual model, not photos of this exact made-to-order print.</p><p>Care: keep away from high heat, dishwashers, candles, and small children where parts may present a choking risk.</p><p>Attribution: Chain Link Bracelet by BaGooN (@BaGooN), MakerWorld model 1080261, license BY-SA, source https://makerworld.com/en/models/1080261-chain-link-bracelet</p>","18.49","","/general-3d-prints","MakerWorld, Commercial-safe, Made to order, PLA, 3D print","No","https://images.squarespace-cdn.com/content/v1/6914262184e7d41fe3ac8966/f9fbd3e1-5ced-4aa6-a7f1-ee0c5d7138ee/chain-link-bracelet-1080261-01.png https://images.squarespace-cdn.com/content/v1/6914262184e7d41fe3ac8966/b4181471-9e70-4a5d-a7aa-f7d5f7ff8ac8/chain-link-bracelet-1080261-02.png https://images.squarespace-cdn.com/content/v1/6914262184e7d41fe3ac8966/073aff27-c59f-4490-a1dc-b7017b25eac4/chain-link-bracelet-1080261-03.png https://images.squarespace-cdn.com/content/v1/6914262184e7d41fe3ac8966/9693976d-6bcb-43db-9f5d-8b7f37b714d7/chain-link-bracelet-1080261-04.png https://images.squarespace-cdn.com/content/v1/6914262184e7d41fe3ac8966/cf34ec65-9af9-4b28-8806-3bf3b617b3d1/chain-link-bracelet-1080261-05.png"
"","","","18.49","","","","",""
"","","","18.49","","","","",""
"","","","18.49","","","","",""
"recaro-seat-phone-holder-959720","Recaro Seat Phone Holder","<p><strong>Recaro Seat Phone Holder</strong> is a made-to-order PLA print based on the MakerWorld model <em>Porta telefono Recaro Seat </em> by Simo_bagg3d.</p><p>Useful as a practical desk, home, gift, or hobby accessory, it is printed after purchase in your selected color: Black, Yellow, White, Red. Each print is checked before shipping, with small layer lines normal for FDM 3D printing.</p><p>Made to order in the Bay Area. Processing time is typically 3-5 business days, and supply is unlimited because items are printed on demand.</p><p>Gallery images are MakerWorld creator images and/or rendered previews of the actual model, not photos of this exact made-to-order print.</p><p>Care: keep away from high heat, dishwashers, candles, and small children where parts may present a choking risk.</p><p>Attribution: Porta telefono Recaro Seat  by Simo_bagg3d (@Simo_bagg3d), MakerWorld model 959720, license BY, source https://makerworld.com/en/models/959720-recaro-seat-phone-holder</p>","19.49","","/home-organization","MakerWorld, Commercial-safe, Made to order, PLA, 3D print","No","https://images.squarespace-cdn.com/content/v1/6914262184e7d41fe3ac8966/f957cc76-cbe6-4e65-9cc8-5fa37a9a8b4d/recaro-seat-phone-holder-959720-01.png https://images.squarespace-cdn.com/content/v1/6914262184e7d41fe3ac8966/0d83693f-b79a-45a6-ab9b-ad6029081685/recaro-seat-phone-holder-959720-02.png https://images.squarespace-cdn.com/content/v1/6914262184e7d41fe3ac8966/f30b013e-c54c-4a6e-ae02-79e969743db1/recaro-seat-phone-holder-959720-03.png https://images.squarespace-cdn.com/content/v1/6914262184e7d41fe3ac8966/e28a536f-89c4-4c90-bcdd-97d702ced042/recaro-seat-phone-holder-959720-04.png https://images.squarespace-cdn.com/content/v1/6914262184e7d41fe3ac8966/7c05ea72-8e42-4c4b-b4cb-519244057d56/recaro-seat-phone-holder-959720-05.png"
"","","","19.49","","","","",""
"","","","19.49","","","","",""
"","","","19.49","","","","",""
"doom-helmet-241993","Doom Helmet","<p><strong>Doom Helmet</strong> is a made-to-order PLA print based on the MakerWorld model <em>Doom Helmet</em> by CptObvious.</p><p>Useful as a practical desk, home, gift, or hobby accessory, it is printed after purchase in your selected color: Black, Yellow, White, Red. Each print is checked before shipping, with small layer lines normal for FDM 3D printing.</p><p>Made to order in the Bay Area. Processing time is typically 3-5 business days, and supply is unlimited because items are printed on demand.</p><p>Gallery images are MakerWorld creator images and/or rendered previews of the actual model, not photos of this exact made-to-order print.</p><p>Care: keep away from high heat, dishwashers, candles, and small children where parts may present a choking risk.</p><p>Attribution: Doom Helmet by CptObvious (@CptObvious), MakerWorld model 241993, license BY, source https://makerworld.com/en/models/241993-doom-helmet</p>","16.49","","/toys-figures","MakerWorld, Commercial-safe, Made to order, PLA, 3D print","No","https://images.squarespace-cdn.com/content/v1/6914262184e7d41fe3ac8966/7ab888fd-63a0-4c8f-aecd-4e02bbfac92e/doom-helmet-241993-01.png https://images.squarespace-cdn.com/content/v1/6914262184e7d41fe3ac8966/4528f87a-3efd-4e28-aaba-b6e47732ae42/doom-helmet-241993-02.png https://images.squarespace-cdn.com/content/v1/6914262184e7d41fe3ac8966/4ace1d45-1f1a-495a-ba9b-aa183b4fb8e5/doom-helmet-241993-03.png https://images.squarespace-cdn.com/content/v1/6914262184e7d41fe3ac8966/e6325ee6-92d2-49d7-bae0-87947b856278/doom-helmet-241993-04.png https://images.squarespace-cdn.com/content/v1/6914262184e7d41fe3ac8966/4d38203f-fbe4-4cba-8a51-891e8ce7fc19/doom-helmet-241993-05.png"
"","","","16.49","","","","",""
"","","","16.49","","","","",""
"","","","16.49","","","","",""
"terminator-bust-1492210","Terminator Bust","<p><strong>Terminator Bust</strong> is a made-to-order PLA print based on the MakerWorld model <em>buste terminator</em> by lemeneur.</p><p>Useful as a practical desk, home, gift, or hobby accessory, it is printed after purchase in your selected color: Black, Yellow, White, Red. Each print is checked before shipping, with small layer lines normal for FDM 3D printing.</p><p>Made to order in the Bay Area. Processing time is typically 3-5 business days, and supply is unlimited because items are printed on demand.</p><p>Gallery images are MakerWorld creator images and/or rendered previews of the actual model, not photos of this exact made-to-order print.</p><p>Care: keep away from high heat, dishwashers, candles, and small children where parts may present a choking risk.</p><p>Attribution: buste terminator by lemeneur (@lemeneur), MakerWorld model 1492210, license BY-SA, source https://makerworld.com/en/models/1492210-terminator-bust</p>","16.49","","/decor-art","MakerWorld, Commercial-safe, Made to order, PLA, 3D print","No","https://images.squarespace-cdn.com/content/v1/6914262184e7d41fe3ac8966/0a1f4845-efc3-4229-b1ae-d0a842eaf119/terminator-bust-1492210-01.jpg https://images.squarespace-cdn.com/content/v1/6914262184e7d41fe3ac8966/444f96b9-ffb8-4a91-8f65-8c8ffd475dba/terminator-bust-1492210-02.jpg https://images.squarespace-cdn.com/content/v1/6914262184e7d41fe3ac8966/8ac85785-23a3-44d0-96b3-7a9321c8c7d2/terminator-bust-1492210-03.jpg https://images.squarespace-cdn.com/content/v1/6914262184e7d41fe3ac8966/6866ae7d-23dd-4748-83c7-491e2d534f20/terminator-bust-1492210-04.png https://images.squarespace-cdn.com/content/v1/6914262184e7d41fe3ac8966/ec2f9dbb-1cf3-4ecd-a354-6e0d20bb9382/terminator-bust-1492210-05.png"
"","","","16.49","","","","",""
"","","","16.49","","","","",""
"","","","16.49","","","","",""
"friends-couch-for-mcdonalds-figures-2263193","FRIENDS Couch for McDonalds Figures","<p><strong>FRIENDS Couch For McDonalds Figures</strong> is a made-to-order PLA print based on the MakerWorld model <em>FRIENDS couch for McDonalds figures</em> by Angas.</p><p>Useful as a practical desk, home, gift, or hobby accessory, it is printed after purchase in your selected color: Black, Yellow, White, Red. Each print is checked before shipping, with small layer lines normal for FDM 3D printing.</p><p>Made to order in the Bay Area. Processing time is typically 3-5 business days, and supply is unlimited because items are printed on demand.</p><p>Gallery images are MakerWorld creator images and/or rendered previews of the actual model, not photos of this exact made-to-order print.</p><p>Care: keep away from high heat, dishwashers, candles, and small children where parts may present a choking risk.</p><p>Attribution: FRIENDS couch for McDonalds figures by Angas (@angas), MakerWorld model 2263193, license CC0, source https://makerworld.com/en/models/2263193-friends-couch-for-mcdonalds-figures</p>","19.99","","/toys-figures","MakerWorld, Commercial-safe, Made to order, PLA, 3D print","No","https://images.squarespace-cdn.com/content/v1/6914262184e7d41fe3ac8966/062e6153-22b2-4b82-afd1-0c3f9159a368/friends-couch-for-mcdonalds-figures-2263193-01.jpg https://images.squarespace-cdn.com/content/v1/6914262184e7d41fe3ac8966/065e25fe-7516-40aa-81a3-9a1f67002c5b/friends-couch-for-mcdonalds-figures-2263193-02.jpg https://images.squarespace-cdn.com/content/v1/6914262184e7d41fe3ac8966/ef7900d4-1554-4db6-a648-80d125d7a798/friends-couch-for-mcdonalds-figures-2263193-03.jpg https://images.squarespace-cdn.com/content/v1/6914262184e7d41fe3ac8966/2a95943a-fb9e-4203-b3dc-1250eac8a26a/friends-couch-for-mcdonalds-figures-2263193-04.jpg https://images.squarespace-cdn.com/content/v1/6914262184e7d41fe3ac8966/33d0d08c-b3c1-4b5b-ac14-af13924fadd2/friends-couch-for-mcdonalds-figures-2263193-05.jpg"
"","","","19.99","","","","",""
"","","","19.99","","","","",""
"","","","19.99","","","","",""
"miniatures-paint-brush-cleaning-pot-915546","Miniatures Paint Brush Cleaning Pot","<p><strong>Miniatures Paint Brush Cleaning Pot</strong> is a made-to-order PLA print based on the MakerWorld model <em>Miniatures Paint Brush Cleaning Pot</em> by TachyTCG.</p><p>Useful as a practical desk, home, gift, or hobby accessory, it is printed after purchase in your selected color: Black, Yellow, White, Red. Each print is checked before shipping, with small layer lines normal for FDM 3D printing.</p><p>Made to order in the Bay Area. Processing time is typically 3-5 business days, and supply is unlimited because items are printed on demand.</p><p>Gallery images are MakerWorld creator images and/or rendered previews of the actual model, not photos of this exact made-to-order print.</p><p>Care: keep away from high heat, dishwashers, candles, and small children where parts may present a choking risk.</p><p>Attribution: Miniatures Paint Brush Cleaning Pot by TachyTCG (@TachyTCG), MakerWorld model 915546, license BY, source https://makerworld.com/en/models/915546-miniatures-paint-brush-cleaning-pot</p>","17.99","","/toys-figures","MakerWorld, Commercial-safe, Made to order, PLA, 3D print","No","https://images.squarespace-cdn.com/content/v1/6914262184e7d41fe3ac8966/df0c0244-cf88-4961-8a47-e0efd0eef945/miniatures-paint-brush-cleaning-pot-915546-01.png https://images.squarespace-cdn.com/content/v1/6914262184e7d41fe3ac8966/00f62d33-cef3-4cfe-9573-e1c7833efa59/miniatures-paint-brush-cleaning-pot-915546-02.png https://images.squarespace-cdn.com/content/v1/6914262184e7d41fe3ac8966/0603f6a9-a37e-4ac6-b670-3a9b2156125e/miniatures-paint-brush-cleaning-pot-915546-03.png https://images.squarespace-cdn.com/content/v1/6914262184e7d41fe3ac8966/d8c65ea2-d5a3-4fcd-b5c9-592bfc24bd96/miniatures-paint-brush-cleaning-pot-915546-04.png https://images.squarespace-cdn.com/content/v1/6914262184e7d41fe3ac8966/e4e6d1ed-5c98-4500-a015-2a7b8eb703dc/miniatures-paint-brush-cleaning-pot-915546-05.png"
"","","","17.99","","","","",""
"","","","17.99","","","","",""
"","","","17.99","","","","",""
"mini-table-bowling-set-139175","Mini Table Bowling Set","<p><strong>Mini Table Bowling Set</strong> is a made-to-order PLA print based on the MakerWorld model <em>Mini Table Bowling Set</em> by JAV-3D.</p><p>Useful as a practical desk, home, gift, or hobby accessory, it is printed after purchase in your selected color: Black, Yellow, White, Red. Each print is checked before shipping, with small layer lines normal for FDM 3D printing.</p><p>Made to order in the Bay Area. Processing time is typically 3-5 business days, and supply is unlimited because items are printed on demand.</p><p>Gallery images are MakerWorld creator images and/or rendered previews of the actual model, not photos of this exact made-to-order print.</p><p>Care: keep away from high heat, dishwashers, candles, and small children where parts may present a choking risk.</p><p>Attribution: Mini Table Bowling Set by JAV-3D (@JAV3D), MakerWorld model 139175, license CC0, source https://makerworld.com/en/models/139175-mini-table-bowling-set</p>","12.49","","/toys-figures","MakerWorld, Commercial-safe, Made to order, PLA, 3D print","No","https://images.squarespace-cdn.com/content/v1/6914262184e7d41fe3ac8966/811aadfa-6d6a-4a3e-8322-c263143f07ba/mini-table-bowling-set-139175-01.png https://images.squarespace-cdn.com/content/v1/6914262184e7d41fe3ac8966/d90cfd7d-3311-4ca9-a529-10e3d9a347d1/mini-table-bowling-set-139175-02.png https://images.squarespace-cdn.com/content/v1/6914262184e7d41fe3ac8966/cefb774d-4667-425d-b84e-802d2daa5fa3/mini-table-bowling-set-139175-03.jpg https://images.squarespace-cdn.com/content/v1/6914262184e7d41fe3ac8966/99ae94cc-e16b-4f5a-8197-4fe5ef9bec89/mini-table-bowling-set-139175-04.png https://images.squarespace-cdn.com/content/v1/6914262184e7d41fe3ac8966/9d40eb71-e379-4264-9ea1-9beb9b304dcf/mini-table-bowling-set-139175-05.png"
"","","","12.49","","","","",""
"","","","12.49","","","","",""
"","","","12.49","","","","",""
"easy-to-print-fidget-to-sell-1066167","Easy to Print Fidget to Sell","<p><strong>Easy To Print Fidget To Sell</strong> is a made-to-order PLA print based on the MakerWorld model <em>Easy to print Fidget Free to sell</em> by LangHjornArt.</p><p>Useful as a practical desk, home, gift, or hobby accessory, it is printed after purchase in your selected color: Black, Yellow, White, Red. Each print is checked before shipping, with small layer lines normal for FDM 3D printing.</p><p>Made to order in the Bay Area. Processing time is typically 3-5 business days, and supply is unlimited because items are printed on demand.</p><p>Gallery images are MakerWorld creator images and/or rendered previews of the actual model, not photos of this exact made-to-order print.</p><p>Care: keep away from high heat, dishwashers, candles, and small children where parts may present a choking risk.</p><p>Attribution: Easy to print Fidget Free to sell by LangHjornArt (@user_2635990440), MakerWorld model 1066167, license BY-SA, source https://makerworld.com/en/models/1066167-easy-to-print-fidget-free-to-sell</p>","16.49","","/toys-figures","MakerWorld, Commercial-safe, Made to order, PLA, 3D print","No","https://images.squarespace-cdn.com/content/v1/6914262184e7d41fe3ac8966/8b270884-480f-4707-b956-95e581da701d/easy-to-print-fidget-to-sell-1066167-01.jpg https://images.squarespace-cdn.com/content/v1/6914262184e7d41fe3ac8966/da0ddfb6-5d47-4552-921f-49af733e639e/easy-to-print-fidget-to-sell-1066167-02.jpg https://images.squarespace-cdn.com/content/v1/6914262184e7d41fe3ac8966/cd86898c-cc7a-473f-a74e-25764285c00a/easy-to-print-fidget-to-sell-1066167-03.png https://images.squarespace-cdn.com/content/v1/6914262184e7d41fe3ac8966/25001ccf-1ce7-4664-b175-c3539b431688/easy-to-print-fidget-to-sell-1066167-04.png https://images.squarespace-cdn.com/content/v1/6914262184e7d41fe3ac8966/5523b3e2-cf79-4b9a-b6c5-d684b800bf20/easy-to-print-fidget-to-sell-1066167-05.png"
"","","","16.49","","","","",""
"","","","16.49","","","","",""
"","","","16.49","","","","",""
"articulated-lotus-dragon-489985","Articulated Lotus Dragon","<p><strong>Articulated Lotus Dragon</strong> is a made-to-order PLA print based on the MakerWorld model <em>Articulated Lotus Dragon</em> by Daann_ii.</p><p>Useful as a practical desk, home, gift, or hobby accessory, it is printed after purchase in your selected color: Black, Yellow, White, Red. Each print is checked before shipping, with small layer lines normal for FDM 3D printing.</p><p>Made to order in the Bay Area. Processing time is typically 3-5 business days, and supply is unlimited because items are printed on demand.</p><p>Gallery images are MakerWorld creator images and/or rendered previews of the actual model, not photos of this exact made-to-order print.</p><p>Care: keep away from high heat, dishwashers, candles, and small children where parts may present a choking risk.</p><p>Attribution: Articulated Lotus Dragon by Daann_ii (@Daann_ii), MakerWorld model 489985, license BY, source https://makerworld.com/en/models/489985-articulated-lotus-dragon</p>","20.49","","/toys-figures","MakerWorld, Commercial-safe, Made to order, PLA, 3D print","No",""
"","","","20.49","","","","",""
"","","","20.49","","","","",""
"","","","20.49","","","","",""
"body-measurement-tool-for-tape-measure-1036786","Body Measurement Tool for Tape Measure","<p><strong>Body Measurement Tool For Tape Measure</strong> is a made-to-order PLA print based on the MakerWorld model <em>Body Measurement Tool for Tape Measure</em> by Grasseus.</p><p>Useful as a practical desk, home, gift, or hobby accessory, it is printed after purchase in your selected color: Black, Yellow, White, Red. Each print is checked before shipping, with small layer lines normal for FDM 3D printing.</p><p>Made to order in the Bay Area. Processing time is typically 3-5 business days, and supply is unlimited because items are printed on demand.</p><p>Gallery images are MakerWorld creator images and/or rendered previews of the actual model, not photos of this exact made-to-order print.</p><p>Care: keep away from high heat, dishwashers, candles, and small children where parts may present a choking risk.</p><p>Attribution: Body Measurement Tool for Tape Measure by Grasseus (@Grasseus), MakerWorld model 1036786, license BY-SA, source https://makerworld.com/en/models/1036786-body-measurement-tool-for-tape-measure</p>","15.49","","/functional-parts-tools","MakerWorld, Commercial-safe, Made to order, PLA, 3D print","No",""
"","","","15.49","","","","",""
"","","","15.49","","","","",""
"","","","15.49","","","","",""
"3d-pen-465048","3D Pen","<p><strong>3D Pen</strong> is a made-to-order PLA print based on the MakerWorld model <em>3D Pen</em> by JessRendon.</p><p>Useful as a practical desk, home, gift, or hobby accessory, it is printed after purchase in your selected color: Black, Yellow, White, Red. Each print is checked before shipping, with small layer lines normal for FDM 3D printing.</p><p>Made to order in the Bay Area. Processing time is typically 3-5 business days, and supply is unlimited because items are printed on demand.</p><p>Gallery images are MakerWorld creator images and/or rendered previews of the actual model, not photos of this exact made-to-order print.</p><p>Care: keep away from high heat, dishwashers, candles, and small children where parts may present a choking risk.</p><p>Attribution: 3D Pen by JessRendon (@jessrendon), MakerWorld model 465048, license BY-SA, source https://makerworld.com/en/models/465048-3d-pen</p>","22.49","","/desk-office","MakerWorld, Commercial-safe, Made to order, PLA, 3D print","No",""
"","","","22.49","","","","",""
"","","","22.49","","","","",""
"","","","22.49","","","","",""
"deer-christmas-cervo-856915","Deer Christmas- Cervo","<p><strong>Deer Christmas- Cervo</strong> is a made-to-order PLA print based on the MakerWorld model <em>deer christmas- cervo</em> by Tommy010204.</p><p>Useful as a practical desk, home, gift, or hobby accessory, it is printed after purchase in your selected color: Black, Yellow, White, Red. Each print is checked before shipping, with small layer lines normal for FDM 3D printing.</p><p>Made to order in the Bay Area. Processing time is typically 3-5 business days, and supply is unlimited because items are printed on demand.</p><p>Gallery images are MakerWorld creator images and/or rendered previews of the actual model, not photos of this exact made-to-order print.</p><p>Care: keep away from high heat, dishwashers, candles, and small children where parts may present a choking risk.</p><p>Attribution: deer christmas- cervo by Tommy010204 (@Tommy04), MakerWorld model 856915, license CC0, source https://makerworld.com/en/models/856915-deer-christmas-cervo</p>","13.99","","/holiday-seasonal","MakerWorld, Commercial-safe, Made to order, PLA, 3D print","No",""
"","","","13.99","","","","",""
"","","","13.99","","","","",""
"","","","13.99","","","","",""
"mini-camera-keychain-1001982","Mini Camera Keychain","<p><strong>Mini Camera Keychain</strong> is a made-to-order PLA print based on the MakerWorld model <em>mini camera keychain </em> by Molino 3D.</p><p>Useful as a practical desk, home, gift, or hobby accessory, it is printed after purchase in your selected color: Black, Yellow, White, Red. Each print is checked before shipping, with small layer lines normal for FDM 3D printing.</p><p>Made to order in the Bay Area. Processing time is typically 3-5 business days, and supply is unlimited because items are printed on demand.</p><p>Gallery images are MakerWorld creator images and/or rendered previews of the actual model, not photos of this exact made-to-order print.</p><p>Care: keep away from high heat, dishwashers, candles, and small children where parts may present a choking risk.</p><p>Attribution: mini camera keychain  by Molino 3D (@molino_3d), MakerWorld model 1001982, license BY-ND, source https://makerworld.com/en/models/1001982-mini-camera-keychain</p>","11.99","","/keychains-charms","MakerWorld, Commercial-safe, Made to order, PLA, 3D print","No",""
"","","","11.99","","","","",""
"","","","11.99","","","","",""
"","","","11.99","","","","",""
"sung-jinwoo-solo-leveling-1046747","Sung Jinwoo Solo Leveling","<p><strong>Sung Jinwoo Solo Leveling</strong> is a made-to-order PLA print based on the MakerWorld model <em>Sung Jinwoo Solo Leveling</em> by 3DGAP.</p><p>Useful as a practical desk, home, gift, or hobby accessory, it is printed after purchase in your selected color: Black, Yellow, White, Red. Each print is checked before shipping, with small layer lines normal for FDM 3D printing.</p><p>Made to order in the Bay Area. Processing time is typically 3-5 business days, and supply is unlimited because items are printed on demand.</p><p>Gallery images are MakerWorld creator images and/or rendered previews of the actual model, not photos of this exact made-to-order print.</p><p>Care: keep away from high heat, dishwashers, candles, and small children where parts may present a choking risk.</p><p>Attribution: Sung Jinwoo Solo Leveling by 3DGAP (@3dgap2021), MakerWorld model 1046747, license BY, source https://makerworld.com/en/models/1046747-sung-jinwoo-solo-leveling</p>","19.99","","/general-3d-prints","MakerWorld, Commercial-safe, Made to order, PLA, 3D print","No",""
"","","","19.99","","","","",""
"","","","19.99","","","","",""
"","","","19.99","","","","",""
"real-estate-business-card-holder-847130","Real Estate Business Card Holder","<p><strong>Real Estate Business Card Holder</strong> is a made-to-order PLA print based on the MakerWorld model <em>Real Estate Business Card Holder</em> by loktar00.</p><p>Useful as a practical desk, home, gift, or hobby accessory, it is printed after purchase in your selected color: Black, Yellow, White, Red. Each print is checked before shipping, with small layer lines normal for FDM 3D printing.</p><p>Made to order in the Bay Area. Processing time is typically 3-5 business days, and supply is unlimited because items are printed on demand.</p><p>Gallery images are MakerWorld creator images and/or rendered previews of the actual model, not photos of this exact made-to-order print.</p><p>Care: keep away from high heat, dishwashers, candles, and small children where parts may present a choking risk.</p><p>Attribution: Real Estate Business Card Holder by loktar00 (@loktar00), MakerWorld model 847130, license BY-SA, source https://makerworld.com/en/models/847130-real-estate-business-card-holder</p>","14.49","","/home-organization","MakerWorld, Commercial-safe, Made to order, PLA, 3D print","No",""
"","","","14.49","","","","",""
"","","","14.49","","","","",""
"","","","14.49","","","","",""
"moon-lamp-18cm-1251189","Moon Lamp Globe/Shell 18cm","<p><strong>Moon Lamp Globe/Shell 18cm</strong> is a made-to-order PLA print based on the MakerWorld model <em>Mond Lampe 18cm </em> by txm.</p><p><strong>Listing note:</strong> This listing is for the made-to-order 3D printed plastic part only. LED modules, candles, electronics, screens, light kits, and other non-printed accessories shown for context are not included unless explicitly stated.</p><p>Useful as a practical desk, home, gift, or hobby accessory, it is printed after purchase in your selected color: Black, Yellow, White, Red. Each print is checked before shipping, with small layer lines normal for FDM 3D printing.</p><p>Made to order in the Bay Area. Processing time is typically 3-5 business days, and supply is unlimited because items are printed on demand.</p><p>Gallery images are MakerWorld creator images and/or rendered previews of the actual model, not photos of this exact made-to-order print.</p><p>Care: keep away from high heat, dishwashers, candles, and small children where parts may present a choking risk.</p><p>Attribution: Mond Lampe 18cm  by txm (@txm._.scr), MakerWorld model 1251189, license CC0, source https://makerworld.com/en/models/1251189-moon-lamp-18cm</p>","31.99","","/decor-art","MakerWorld, Commercial-safe, Made to order, PLA, 3D print","No",""
"","","","31.99","","","","",""
"","","","31.99","","","","",""
"","","","31.99","","","","",""
"christmas-tree-puzzle-box-87091","Christmas Tree Puzzle Box","<p><strong>Christmas Tree Puzzle Box</strong> is a made-to-order PLA print based on the MakerWorld model <em>Christmas Tree Puzzle Box</em> by Sepcot.</p><p>Useful as a practical desk, home, gift, or hobby accessory, it is printed after purchase in your selected color: Black, Yellow, White, Red. Each print is checked before shipping, with small layer lines normal for FDM 3D printing.</p><p>Made to order in the Bay Area. Processing time is typically 3-5 business days, and supply is unlimited because items are printed on demand.</p><p>Gallery images are MakerWorld creator images and/or rendered previews of the actual model, not photos of this exact made-to-order print.</p><p>Care: keep away from high heat, dishwashers, candles, and small children where parts may present a choking risk.</p><p>Attribution: Christmas Tree Puzzle Box by Sepcot (@Sepcot), MakerWorld model 87091, license BY, source https://makerworld.com/en/models/87091-christmas-tree-puzzle-box</p>","16.49","","/holiday-seasonal","MakerWorld, Commercial-safe, Made to order, PLA, 3D print","No",""
"","","","16.49","","","","",""
"","","","16.49","","","","",""
"","","","16.49","","","","",""
"colt-python-357-magnum-upgradable-516488","Colt Python 357 Magnum - UPGRADABLE","<p><strong>Colt Python 357 Magnum - UPGRADABLE</strong> is a made-to-order PLA print based on the MakerWorld model <em>Colt Python .357 Magnum - UPGRADABLE</em> by Eagle_92.</p><p>Useful as a practical desk, home, gift, or hobby accessory, it is printed after purchase in your selected color: Black, Yellow, White, Red. Each print is checked before shipping, with small layer lines normal for FDM 3D printing.</p><p>Made to order in the Bay Area. Processing time is typically 3-5 business days, and supply is unlimited because items are printed on demand.</p><p>Gallery images are MakerWorld creator images and/or rendered previews of the actual model, not photos of this exact made-to-order print.</p><p>Care: keep away from high heat, dishwashers, candles, and small children where parts may present a choking risk.</p><p>Attribution: Colt Python .357 Magnum - UPGRADABLE by Eagle_92 (@ilcorsaro92), MakerWorld model 516488, license BY-ND, source https://makerworld.com/en/models/516488-colt-python-357-magnum-upgradable</p>","13.99","","/general-3d-prints","MakerWorld, Commercial-safe, Made to order, PLA, 3D print","No",""
"","","","13.99","","","","",""
"","","","13.99","","","","",""
"","","","13.99","","","","",""
"terminator-1495703","Terminator","<p><strong>Terminator</strong> is a made-to-order PLA print based on the MakerWorld model <em>terminator</em> by lemeneur.</p><p>Useful as a practical desk, home, gift, or hobby accessory, it is printed after purchase in your selected color: Black, Yellow, White, Red. Each print is checked before shipping, with small layer lines normal for FDM 3D printing.</p><p>Made to order in the Bay Area. Processing time is typically 3-5 business days, and supply is unlimited because items are printed on demand.</p><p>Gallery images are MakerWorld creator images and/or rendered previews of the actual model, not photos of this exact made-to-order print.</p><p>Care: keep away from high heat, dishwashers, candles, and small children where parts may present a choking risk.</p><p>Attribution: terminator by lemeneur (@lemeneur), MakerWorld model 1495703, license BY-SA, source https://makerworld.com/en/models/1495703-terminator</p>","15.99","","/general-3d-prints","MakerWorld, Commercial-safe, Made to order, PLA, 3D print","No",""
"","","","15.99","","","","",""
"","","","15.99","","","","",""
"","","","15.99","","","","",""
"build-plate-rack-x1-p1-964467","Build Plate Rack - X1/P1","<p><strong>Build Plate Rack - X1/P1</strong> is a made-to-order PLA print based on the MakerWorld model <em>Build plate rack - X1/P1</em> by uniko92.</p><p>Useful as a practical desk, home, gift, or hobby accessory, it is printed after purchase in your selected color: Black, Yellow, White, Red. Each print is checked before shipping, with small layer lines normal for FDM 3D printing.</p><p>Made to order in the Bay Area. Processing time is typically 3-5 business days, and supply is unlimited because items are printed on demand.</p><p>Gallery images are MakerWorld creator images and/or rendered previews of the actual model, not photos of this exact made-to-order print.</p><p>Care: keep away from high heat, dishwashers, candles, and small children where parts may present a choking risk.</p><p>Attribution: Build plate rack - X1/P1 by uniko92 (@uniko92), MakerWorld model 964467, license BY, source https://makerworld.com/en/models/964467-build-plate-rack-x1-p1</p>","20.49","","/home-organization","MakerWorld, Commercial-safe, Made to order, PLA, 3D print","No",""
"","","","20.49","","","","",""
"","","","20.49","","","","",""
"","","","20.49","","","","",""
"rocker-gnome-christmas-version-67297","Rocker Gnome Christmas Version","<p><strong>Rocker Gnome Christmas Version</strong> is a made-to-order PLA print based on the MakerWorld model <em>Rocker Gnome Christmas Version</em> by Romwba3D.</p><p>Useful as a practical desk, home, gift, or hobby accessory, it is printed after purchase in your selected color: Black, Yellow, White, Red. Each print is checked before shipping, with small layer lines normal for FDM 3D printing.</p><p>Made to order in the Bay Area. Processing time is typically 3-5 business days, and supply is unlimited because items are printed on demand.</p><p>Gallery images are MakerWorld creator images and/or rendered previews of the actual model, not photos of this exact made-to-order print.</p><p>Care: keep away from high heat, dishwashers, candles, and small children where parts may present a choking risk.</p><p>Attribution: Rocker Gnome Christmas Version by Romwba3D (@Romwba3D), MakerWorld model 67297, license BY-ND, source https://makerworld.com/en/models/67297-rocker-gnome-christmas-version</p>","11.99","","/holiday-seasonal","MakerWorld, Commercial-safe, Made to order, PLA, 3D print","No",""
"","","","11.99","","","","",""
"","","","11.99","","","","",""
"","","","11.99","","","","",""
"iphone-15-pro-cover-hexagon-design-206846","iPhone 15 Pro - Cover Hexagon Design","<p><strong>Iphone 15 PRO - Cover Hexagon Design</strong> is a made-to-order PLA print based on the MakerWorld model <em>Iphone 15 PRO - Cover Hexagon design</em> by Sakkez Games.</p><p>Useful as a practical desk, home, gift, or hobby accessory, it is printed after purchase in your selected color: Black, Yellow, White, Red. Each print is checked before shipping, with small layer lines normal for FDM 3D printing.</p><p>Made to order in the Bay Area. Processing time is typically 3-5 business days, and supply is unlimited because items are printed on demand.</p><p>Gallery images are MakerWorld creator images and/or rendered previews of the actual model, not photos of this exact made-to-order print.</p><p>Care: keep away from high heat, dishwashers, candles, and small children where parts may present a choking risk.</p><p>Attribution: Iphone 15 PRO - Cover Hexagon design by Sakkez Games (@SakkezGames), MakerWorld model 206846, license BY, source https://makerworld.com/en/models/206846-iphone-15-pro-cover-hexagon-design</p>","16.49","","/toys-figures","MakerWorld, Commercial-safe, Made to order, PLA, 3D print","No",""
"","","","16.49","","","","",""
"","","","16.49","","","","",""
"","","","16.49","","","","",""
"enterprise-a-constitution-refit-84594","Enterprise-A Constitution Refit","<p><strong>Enterprise-A Constitution Refit</strong> is a made-to-order PLA print based on the MakerWorld model <em>Enterprise-A Constitution Refit</em> by martin.taichl.</p><p>Useful as a practical desk, home, gift, or hobby accessory, it is printed after purchase in your selected color: Black, Yellow, White, Red. Each print is checked before shipping, with small layer lines normal for FDM 3D printing.</p><p>Made to order in the Bay Area. Processing time is typically 3-5 business days, and supply is unlimited because items are printed on demand.</p><p>Gallery images are MakerWorld creator images and/or rendered previews of the actual model, not photos of this exact made-to-order print.</p><p>Care: keep away from high heat, dishwashers, candles, and small children where parts may present a choking risk.</p><p>Attribution: Enterprise-A Constitution Refit by martin.taichl (@martin.taichl), MakerWorld model 84594, license BY, source https://makerworld.com/en/models/84594-enterprise-a-constitution-refit</p>","25.99","","/general-3d-prints","MakerWorld, Commercial-safe, Made to order, PLA, 3D print","No",""
"","","","25.99","","","","",""
"","","","25.99","","","","",""
"","","","25.99","","","","",""
"aliens-m41a-pulse-rifle-full-size-1312108","Aliens M41A Pulse Rifle - Full Size","<p><strong>Aliens M41A Pulse Rifle - Full Size</strong> is a made-to-order PLA print based on the MakerWorld model <em>Aliens M41A Pulse Rifle - Full Size</em> by L3wisD.</p><p>Useful as a practical desk, home, gift, or hobby accessory, it is printed after purchase in your selected color: Black, Yellow, White, Red. Each print is checked before shipping, with small layer lines normal for FDM 3D printing.</p><p>Made to order in the Bay Area. Processing time is typically 3-5 business days, and supply is unlimited because items are printed on demand.</p><p>Gallery images are MakerWorld creator images and/or rendered previews of the actual model, not photos of this exact made-to-order print.</p><p>Care: keep away from high heat, dishwashers, candles, and small children where parts may present a choking risk.</p><p>Attribution: Aliens M41A Pulse Rifle - Full Size by L3wisD (@L3wisD), MakerWorld model 1312108, license BY-SA, source https://makerworld.com/en/models/1312108-aliens-m41a-pulse-rifle-full-size</p>","33.49","","/general-3d-prints","MakerWorld, Commercial-safe, Made to order, PLA, 3D print","No",""
"","","","33.49","","","","",""
"","","","33.49","","","","",""
"","","","33.49","","","","",""
"moon-lamp-15cm-1218659","Moon Lamp Globe/Shell 15cm","<p><strong>Moon Lamp Globe/Shell 15cm</strong> is a made-to-order PLA print based on the MakerWorld model <em>Moon Lamp 15cm</em> by Bigfoot.</p><p><strong>Listing note:</strong> This listing is for the made-to-order 3D printed plastic part only. LED modules, candles, electronics, screens, light kits, and other non-printed accessories shown for context are not included unless explicitly stated.</p><p>Useful as a practical desk, home, gift, or hobby accessory, it is printed after purchase in your selected color: Black, Yellow, White, Red. Each print is checked before shipping, with small layer lines normal for FDM 3D printing.</p><p>Made to order in the Bay Area. Processing time is typically 3-5 business days, and supply is unlimited because items are printed on demand.</p><p>Gallery images are MakerWorld creator images and/or rendered previews of the actual model, not photos of this exact made-to-order print.</p><p>Care: keep away from high heat, dishwashers, candles, and small children where parts may present a choking risk.</p><p>Attribution: Moon Lamp 15cm by Bigfoot (@Bigfoot799), MakerWorld model 1218659, license CC0, source https://makerworld.com/en/models/1218659-moon-lamp-15cm</p>","25.99","","/decor-art","MakerWorld, Commercial-safe, Made to order, PLA, 3D print","No",""
"","","","25.99","","","","",""
"","","","25.99","","","","",""
"","","","25.99","","","","",""
"ciri-zireael-s-sword-the-witcher-1197943","Ciri Zireael'S Sword - the Witcher","<p><strong>Ciri Zireael'S Sword - The Witcher</strong> is a made-to-order PLA print based on the MakerWorld model <em>Ciri Zireael Sword - The Witcher</em> by 3Demon.</p><p>Useful as a practical desk, home, gift, or hobby accessory, it is printed after purchase in your selected color: Black, Yellow, White, Red. Each print is checked before shipping, with small layer lines normal for FDM 3D printing.</p><p>Made to order in the Bay Area. Processing time is typically 3-5 business days, and supply is unlimited because items are printed on demand.</p><p>Gallery images are MakerWorld creator images and/or rendered previews of the actual model, not photos of this exact made-to-order print.</p><p>Care: keep away from high heat, dishwashers, candles, and small children where parts may present a choking risk.</p><p>Attribution: Ciri Zireael Sword - The Witcher by 3Demon (@3Demon), MakerWorld model 1197943, license BY-ND, source https://makerworld.com/en/models/1197943-ciri-zireael-s-sword-the-witcher</p>","24.49","","/holiday-seasonal","MakerWorld, Commercial-safe, Made to order, PLA, 3D print","No",""
"","","","24.49","","","","",""
"","","","24.49","","","","",""
"","","","24.49","","","","",""
"silicone-cartridge-screw-cap-2359720","Silicone Cartridge Screw Cap","<p><strong>Silicone Cartridge Screw Cap</strong> is a made-to-order PLA print based on the MakerWorld model <em>Silikon Kartuschen Schraubdeckel</em> by Benno Wolf.</p><p>Useful as a practical desk, home, gift, or hobby accessory, it is printed after purchase in your selected color: Black, Yellow, White, Red. Each print is checked before shipping, with small layer lines normal for FDM 3D printing.</p><p>Made to order in the Bay Area. Processing time is typically 3-5 business days, and supply is unlimited because items are printed on demand.</p><p>Gallery images are MakerWorld creator images and/or rendered previews of the actual model, not photos of this exact made-to-order print.</p><p>Care: keep away from high heat, dishwashers, candles, and small children where parts may present a choking risk.</p><p>Attribution: Silikon Kartuschen Schraubdeckel by Benno Wolf (@bennowolf), MakerWorld model 2359720, license CC0, source https://makerworld.com/en/models/2359720-silicone-cartridge-screw-cap</p>","19.49","","/functional-parts-tools","MakerWorld, Commercial-safe, Made to order, PLA, 3D print","No",""
"","","","19.49","","","","",""
"","","","19.49","","","","",""
"","","","19.49","","","","",""
"dog-key-cover-pack-15-dog-1696617","Dog Key Cover - Pack 15+ Dog","<p><strong>Dog Key Cover - Pack 15+ Dog</strong> is a made-to-order PLA print based on the MakerWorld model <em>Dog Key Cover - Pack 15+ dog</em> by Foo Simple 2D.</p><p>Useful as a practical desk, home, gift, or hobby accessory, it is printed after purchase in your selected color: Black, Yellow, White, Red. Each print is checked before shipping, with small layer lines normal for FDM 3D printing.</p><p>Made to order in the Bay Area. Processing time is typically 3-5 business days, and supply is unlimited because items are printed on demand.</p><p>Gallery images are MakerWorld creator images and/or rendered previews of the actual model, not photos of this exact made-to-order print.</p><p>Care: keep away from high heat, dishwashers, candles, and small children where parts may present a choking risk.</p><p>Attribution: Dog Key Cover - Pack 15+ dog by Foo Simple 2D (@simple2d), MakerWorld model 1696617, license BY-SA, source https://makerworld.com/en/models/1696617-dog-key-cover-pack-15-dog</p>","14.49","","/toys-figures","MakerWorld, Commercial-safe, Made to order, PLA, 3D print","No",""
"","","","14.49","","","","",""
"","","","14.49","","","","",""
"","","","14.49","","","","",""
"aquatic-dragon-41344","AQUATIC DRAGON","<p><strong>AQUATIC DRAGON</strong> is a made-to-order PLA print based on the MakerWorld model <em>AQUATIC DRAGON</em> by davidkelly021.</p><p>Useful as a practical desk, home, gift, or hobby accessory, it is printed after purchase in your selected color: Black, Yellow, White, Red. Each print is checked before shipping, with small layer lines normal for FDM 3D printing.</p><p>Made to order in the Bay Area. Processing time is typically 3-5 business days, and supply is unlimited because items are printed on demand.</p><p>Gallery images are MakerWorld creator images and/or rendered previews of the actual model, not photos of this exact made-to-order print.</p><p>Care: keep away from high heat, dishwashers, candles, and small children where parts may present a choking risk.</p><p>Attribution: AQUATIC DRAGON by davidkelly021 (@davidkelly021), MakerWorld model 41344, license BY-ND, source https://makerworld.com/en/models/41344-aquatic-dragon</p>","19.49","","/toys-figures","MakerWorld, Commercial-safe, Made to order, PLA, 3D print","No",""
"","","","19.49","","","","",""
"","","","19.49","","","","",""
"","","","19.49","","","","",""
"cursed-led-tealight-set-halloween-edition-5pcs-1914401","Cursed LED Tealight Holder Set / Halloween Edition (5PCS)","<p><strong>Cursed LED Tealight Holder Set / Halloween Edition (5PCS)</strong> is a made-to-order PLA print based on the MakerWorld model <em>Cursed LED Tealight Set / Halloween edition (5PCS)</em> by RUMcajz.</p><p><strong>Listing note:</strong> This listing is for the made-to-order 3D printed plastic part only. LED modules, candles, electronics, screens, light kits, and other non-printed accessories shown for context are not included unless explicitly stated.</p><p>Useful as a practical desk, home, gift, or hobby accessory, it is printed after purchase in your selected color: Black, Yellow, White, Red. Each print is checked before shipping, with small layer lines normal for FDM 3D printing.</p><p>Made to order in the Bay Area. Processing time is typically 3-5 business days, and supply is unlimited because items are printed on demand.</p><p>Gallery images are MakerWorld creator images and/or rendered previews of the actual model, not photos of this exact made-to-order print.</p><p>Care: keep away from high heat, dishwashers, candles, and small children where parts may present a choking risk.</p><p>Attribution: Cursed LED Tealight Set / Halloween edition (5PCS) by RUMcajz (@RUMcajz), MakerWorld model 1914401, license BY, source https://makerworld.com/en/models/1914401-cursed-led-tealight-set-halloween-edition-5pcs</p>","11.99","","/holiday-seasonal","MakerWorld, Commercial-safe, Made to order, PLA, 3D print","No",""
"","","","11.99","","","","",""
"","","","11.99","","","","",""
"","","","11.99","","","","",""
"nuka-cola-thirst-zapper-squirt-gun-from-fallout-1458301","Nuka Cola Thirst Zapper Squirt Gun (From Fallout)","<p><strong>Nuka Cola Thirst Zapper Squirt Gun (From Fallout)</strong> is a made-to-order PLA print based on the MakerWorld model <em>Nuka Cola Thirst Zapper Squirt Gun (from Fallout)</em> by wonderpuddle.</p><p>Useful as a practical desk, home, gift, or hobby accessory, it is printed after purchase in your selected color: Black, Yellow, White, Red. Each print is checked before shipping, with small layer lines normal for FDM 3D printing.</p><p>Made to order in the Bay Area. Processing time is typically 3-5 business days, and supply is unlimited because items are printed on demand.</p><p>Gallery images are MakerWorld creator images and/or rendered previews of the actual model, not photos of this exact made-to-order print.</p><p>Care: keep away from high heat, dishwashers, candles, and small children where parts may present a choking risk.</p><p>Attribution: Nuka Cola Thirst Zapper Squirt Gun (from Fallout) by wonderpuddle (@wonderpuddle), MakerWorld model 1458301, license BY, source https://makerworld.com/en/models/1458301-nuka-cola-thirst-zapper-squirt-gun-from-fallout</p>","16.49","","/toys-figures","MakerWorld, Commercial-safe, Made to order, PLA, 3D print","No",""
"","","","16.49","","","","",""
"","","","16.49","","","","",""
"","","","16.49","","","","",""
"grinch-cat-christmas-decoration-834782","Grinch Cat Christmas Decoration","<p><strong>Grinch Cat Christmas Decoration</strong> is a made-to-order PLA print based on the MakerWorld model <em>Grinch Cat Christmas Decoration</em> by eclien.</p><p>Useful as a practical desk, home, gift, or hobby accessory, it is printed after purchase in your selected color: Black, Yellow, White, Red. Each print is checked before shipping, with small layer lines normal for FDM 3D printing.</p><p>Made to order in the Bay Area. Processing time is typically 3-5 business days, and supply is unlimited because items are printed on demand.</p><p>Gallery images are MakerWorld creator images and/or rendered previews of the actual model, not photos of this exact made-to-order print.</p><p>Care: keep away from high heat, dishwashers, candles, and small children where parts may present a choking risk.</p><p>Attribution: Grinch Cat Christmas Decoration by eclien (@eclien), MakerWorld model 834782, license BY-SA, source https://makerworld.com/en/models/834782-grinch-cat-christmas-decoration</p>","19.49","","/holiday-seasonal","MakerWorld, Commercial-safe, Made to order, PLA, 3D print","No",""
"","","","19.49","","","","",""
"","","","19.49","","","","",""
"","","","19.49","","","","",""
"kids-samurai-cosplay-armor-plates-2157246","Kids Samurai Cosplay Armor Plates","<p><strong>Kids Samurai Cosplay Armor Plates</strong> is a made-to-order PLA print based on the MakerWorld model <em>Kids samurai cosplay armor plates</em> by flummer.</p><p>Useful as a practical desk, home, gift, or hobby accessory, it is printed after purchase in your selected color: Black, Yellow, White, Red. Each print is checked before shipping, with small layer lines normal for FDM 3D printing.</p><p>Made to order in the Bay Area. Processing time is typically 3-5 business days, and supply is unlimited because items are printed on demand.</p><p>Gallery images are MakerWorld creator images and/or rendered previews of the actual model, not photos of this exact made-to-order print.</p><p>Care: keep away from high heat, dishwashers, candles, and small children where parts may present a choking risk.</p><p>Attribution: Kids samurai cosplay armor plates by flummer (@flummer), MakerWorld model 2157246, license BY-SA, source https://makerworld.com/en/models/2157246-kids-samurai-cosplay-armor-plates</p>","29.99","","/functional-parts-tools","MakerWorld, Commercial-safe, Made to order, PLA, 3D print","No",""
"","","","29.99","","","","",""
"","","","29.99","","","","",""
"","","","29.99","","","","",""
"chessboard-1235070","Chessboard","<p><strong>Chessboard</strong> is a made-to-order PLA print based on the MakerWorld model <em>Tabuleiro de Xadrez</em> by Radical Maker.</p><p>Useful as a practical desk, home, gift, or hobby accessory, it is printed after purchase in your selected color: Black, Yellow, White, Red. Each print is checked before shipping, with small layer lines normal for FDM 3D printing.</p><p>Made to order in the Bay Area. Processing time is typically 3-5 business days, and supply is unlimited because items are printed on demand.</p><p>Gallery images are MakerWorld creator images and/or rendered previews of the actual model, not photos of this exact made-to-order print.</p><p>Care: keep away from high heat, dishwashers, candles, and small children where parts may present a choking risk.</p><p>Attribution: Tabuleiro de Xadrez by Radical Maker (@bruno_lima), MakerWorld model 1235070, license BY, source https://makerworld.com/en/models/1235070-chessboard</p>","17.49","","/toys-figures","MakerWorld, Commercial-safe, Made to order, PLA, 3D print","No",""
"","","","17.49","","","","",""
"","","","17.49","","","","",""
"","","","17.49","","","","",""
"nut-bolt-pencil-organizer-48214","Nut & Bolt Pencil Organizer","<p><strong>Nut &amp; Bolt Pencil Organizer</strong> is a made-to-order PLA print based on the MakerWorld model <em>Nut &amp; bolt pencil organizer</em> by Julia Ebert.</p><p>Useful as a practical desk, home, gift, or hobby accessory, it is printed after purchase in your selected color: Black, Yellow, White, Red. Each print is checked before shipping, with small layer lines normal for FDM 3D printing.</p><p>Made to order in the Bay Area. Processing time is typically 3-5 business days, and supply is unlimited because items are printed on demand.</p><p>Gallery images are MakerWorld creator images and/or rendered previews of the actual model, not photos of this exact made-to-order print.</p><p>Care: keep away from high heat, dishwashers, candles, and small children where parts may present a choking risk.</p><p>Attribution: Nut &amp; bolt pencil organizer by Julia Ebert (@JuliaEbert), MakerWorld model 48214, license BY-SA, source https://makerworld.com/en/models/48214-nut-bolt-pencil-organizer</p>","21.99","","/home-organization","MakerWorld, Commercial-safe, Made to order, PLA, 3D print","No",""
"","","","21.99","","","","",""
"","","","21.99","","","","",""
"","","","21.99","","","","",""
"glass-tag-name-2155328","Glass Tag Name","<p><strong>Glass Tag Name</strong> is a made-to-order PLA print based on the MakerWorld model <em>Glass tag name</em> by Grzegorz.</p><p>Useful as a practical desk, home, gift, or hobby accessory, it is printed after purchase in your selected color: Black, Yellow, White, Red. Each print is checked before shipping, with small layer lines normal for FDM 3D printing.</p><p>Made to order in the Bay Area. Processing time is typically 3-5 business days, and supply is unlimited because items are printed on demand.</p><p>Gallery images are MakerWorld creator images and/or rendered previews of the actual model, not photos of this exact made-to-order print.</p><p>Care: keep away from high heat, dishwashers, candles, and small children where parts may present a choking risk.</p><p>Attribution: Glass tag name by Grzegorz (@Strak), MakerWorld model 2155328, license BY-SA, source https://makerworld.com/en/models/2155328-glass-tag-name</p>","21.99","","/home-organization","MakerWorld, Commercial-safe, Made to order, PLA, 3D print","No",""
"","","","21.99","","","","",""
"","","","21.99","","","","",""
"","","","21.99","","","","",""
"various-stepper-and-dc-motor-mounts-stands-1758858","Various Stepper and DC Motor Mounts/Stands","<p><strong>Various Stepper And DC Motor Mounts/Stands</strong> is a made-to-order PLA print based on the MakerWorld model <em>Various Stepper and DC Motor Mounts/Stands</em> by CW.</p><p>Useful as a practical desk, home, gift, or hobby accessory, it is printed after purchase in your selected color: Black, Yellow, White, Red. Each print is checked before shipping, with small layer lines normal for FDM 3D printing.</p><p>Made to order in the Bay Area. Processing time is typically 3-5 business days, and supply is unlimited because items are printed on demand.</p><p>Gallery images are MakerWorld creator images and/or rendered previews of the actual model, not photos of this exact made-to-order print.</p><p>Care: keep away from high heat, dishwashers, candles, and small children where parts may present a choking risk.</p><p>Attribution: Various Stepper and DC Motor Mounts/Stands by CW (@drizztguen77), MakerWorld model 1758858, license BY, source https://makerworld.com/en/models/1758858-various-stepper-and-dc-motor-mounts-stands</p>","18.49","","/desk-office","MakerWorld, Commercial-safe, Made to order, PLA, 3D print","No",""
"","","","18.49","","","","",""
"","","","18.49","","","","",""
"","","","18.49","","","","",""
"christmas-animal-decoration-424227","Christmas Animal Decoration","<p><strong>Christmas Animal Decoration</strong> is a made-to-order PLA print based on the MakerWorld model <em>Christmas animal decoration</em> by Cool Prints.</p><p>Useful as a practical desk, home, gift, or hobby accessory, it is printed after purchase in your selected color: Black, Yellow, White, Red. Each print is checked before shipping, with small layer lines normal for FDM 3D printing.</p><p>Made to order in the Bay Area. Processing time is typically 3-5 business days, and supply is unlimited because items are printed on demand.</p><p>Gallery images are MakerWorld creator images and/or rendered previews of the actual model, not photos of this exact made-to-order print.</p><p>Care: keep away from high heat, dishwashers, candles, and small children where parts may present a choking risk.</p><p>Attribution: Christmas animal decoration by Cool Prints (@Cool_Prints), MakerWorld model 424227, license CC0, source https://makerworld.com/en/models/424227-christmas-animal-decoration</p>","15.99","","/holiday-seasonal","MakerWorld, Commercial-safe, Made to order, PLA, 3D print","No",""
"","","","15.99","","","","",""
"","","","15.99","","","","",""
"","","","15.99","","","","",""
"funny-articulated-squid-414790","Funny Articulated Squid","<p><strong>Funny Articulated Squid</strong> is a made-to-order PLA print based on the MakerWorld model <em>funny articulated Squid</em> by winni118100.</p><p>Useful as a practical desk, home, gift, or hobby accessory, it is printed after purchase in your selected color: Black, Yellow, White, Red. Each print is checked before shipping, with small layer lines normal for FDM 3D printing.</p><p>Made to order in the Bay Area. Processing time is typically 3-5 business days, and supply is unlimited because items are printed on demand.</p><p>Gallery images are MakerWorld creator images and/or rendered previews of the actual model, not photos of this exact made-to-order print.</p><p>Care: keep away from high heat, dishwashers, candles, and small children where parts may present a choking risk.</p><p>Attribution: funny articulated Squid by winni118100 (@kwindolph), MakerWorld model 414790, license CC0, source https://makerworld.com/en/models/414790-funny-articulated-squid</p>","13.99","","/toys-figures","MakerWorld, Commercial-safe, Made to order, PLA, 3D print","No",""
"","","","13.99","","","","",""
"","","","13.99","","","","",""
"","","","13.99","","","","",""
"pasta-charms-2178686","Pasta Charms","<p><strong>Pasta Charms</strong> is a made-to-order PLA print based on the MakerWorld model <em>Pasta Charms</em> by pellypalace.</p><p>Useful as a practical desk, home, gift, or hobby accessory, it is printed after purchase in your selected color: Black, Yellow, White, Red. Each print is checked before shipping, with small layer lines normal for FDM 3D printing.</p><p>Made to order in the Bay Area. Processing time is typically 3-5 business days, and supply is unlimited because items are printed on demand.</p><p>Gallery images are MakerWorld creator images and/or rendered previews of the actual model, not photos of this exact made-to-order print.</p><p>Care: keep away from high heat, dishwashers, candles, and small children where parts may present a choking risk.</p><p>Attribution: Pasta Charms by pellypalace (@pellypalace), MakerWorld model 2178686, license BY, source https://makerworld.com/en/models/2178686-pasta-charms</p>","17.49","","/keychains-charms","MakerWorld, Commercial-safe, Made to order, PLA, 3D print","No",""
"","","","17.49","","","","",""
"","","","17.49","","","","",""
"","","","17.49","","","","",""
"plinker-v2-0-bolt-action-blaster-410146","Plinker V2 0 (Bolt-Action Blaster)","<p><strong>Plinker V2 0 (Bolt-Action Blaster)</strong> is a made-to-order PLA print based on the MakerWorld model <em>Plinker v2.0 (Bolt-Action Blaster)</em> by BrewBoy.</p><p>Useful as a practical desk, home, gift, or hobby accessory, it is printed after purchase in your selected color: Black, Yellow, White, Red. Each print is checked before shipping, with small layer lines normal for FDM 3D printing.</p><p>Made to order in the Bay Area. Processing time is typically 3-5 business days, and supply is unlimited because items are printed on demand.</p><p>Gallery images are MakerWorld creator images and/or rendered previews of the actual model, not photos of this exact made-to-order print.</p><p>Care: keep away from high heat, dishwashers, candles, and small children where parts may present a choking risk.</p><p>Attribution: Plinker v2.0 (Bolt-Action Blaster) by BrewBoy (@BrewBoyBlasters), MakerWorld model 410146, license BY, source https://makerworld.com/en/models/410146-plinker-v2-0-bolt-action-blaster</p>","18.49","","/toys-figures","MakerWorld, Commercial-safe, Made to order, PLA, 3D print","No",""
"","","","18.49","","","","",""
"","","","18.49","","","","",""
"","","","18.49","","","","",""
"thick-cigarette-case-1749686","Thick Cigarette Case","<p><strong>Thick Cigarette Case</strong> is a made-to-order PLA print based on the MakerWorld model <em>粗支香烟盒</em> by 刘杰为.</p><p>Useful as a practical desk, home, gift, or hobby accessory, it is printed after purchase in your selected color: Black, Yellow, White, Red. Each print is checked before shipping, with small layer lines normal for FDM 3D printing.</p><p>Made to order in the Bay Area. Processing time is typically 3-5 business days, and supply is unlimited because items are printed on demand.</p><p>Gallery images are MakerWorld creator images and/or rendered previews of the actual model, not photos of this exact made-to-order print.</p><p>Care: keep away from high heat, dishwashers, candles, and small children where parts may present a choking risk.</p><p>Attribution: 粗支香烟盒 by 刘杰为 (@Liujiewei), MakerWorld model 1749686, license CC0, source https://makerworld.com/en/models/1749686-thick-cigarette-case</p>","19.99","","/general-3d-prints","MakerWorld, Commercial-safe, Made to order, PLA, 3D print","No",""
"","","","19.99","","","","",""
"","","","19.99","","","","",""
"","","","19.99","","","","",""
"2-stroke-internal-combustion-engine-483878","2 Stroke Internal Combustion Engine","<p><strong>2 Stroke Internal Combustion Engine</strong> is a made-to-order PLA print based on the MakerWorld model <em>2 stroke internal combustion engine</em> by Francesco Ghezzi.</p><p>Useful as a practical desk, home, gift, or hobby accessory, it is printed after purchase in your selected color: Black, Yellow, White, Red. Each print is checked before shipping, with small layer lines normal for FDM 3D printing.</p><p>Made to order in the Bay Area. Processing time is typically 3-5 business days, and supply is unlimited because items are printed on demand.</p><p>Gallery images are MakerWorld creator images and/or rendered previews of the actual model, not photos of this exact made-to-order print.</p><p>Care: keep away from high heat, dishwashers, candles, and small children where parts may present a choking risk.</p><p>Attribution: 2 stroke internal combustion engine by Francesco Ghezzi (@ghezzz96), MakerWorld model 483878, license BY, source https://makerworld.com/en/models/483878-2-stroke-internal-combustion-engine</p>","14.49","","/decor-art","MakerWorld, Commercial-safe, Made to order, PLA, 3D print","No",""
"","","","14.49","","","","",""
"","","","14.49","","","","",""
"","","","14.49","","","","",""
"magnet-flexi-lizard-52198","Magnet Flexi Lizard","<p><strong>Magnet Flexi Lizard</strong> is a made-to-order PLA print based on the MakerWorld model <em>magnet flexi lizard</em> by davidkelly021.</p><p>Useful as a practical desk, home, gift, or hobby accessory, it is printed after purchase in your selected color: Black, Yellow, White, Red. Each print is checked before shipping, with small layer lines normal for FDM 3D printing.</p><p>Made to order in the Bay Area. Processing time is typically 3-5 business days, and supply is unlimited because items are printed on demand.</p><p>Gallery images are MakerWorld creator images and/or rendered previews of the actual model, not photos of this exact made-to-order print.</p><p>Care: keep away from high heat, dishwashers, candles, and small children where parts may present a choking risk.</p><p>Attribution: magnet flexi lizard by davidkelly021 (@davidkelly021), MakerWorld model 52198, license BY-ND, source https://makerworld.com/en/models/52198-magnet-flexi-lizard</p>","17.49","","/toys-figures","MakerWorld, Commercial-safe, Made to order, PLA, 3D print","No",""
"","","","17.49","","","","",""
"","","","17.49","","","","",""
"","","","17.49","","","","",""
"life-size-dobby-the-house-elf-646077","Life Size Dobby the House Elf","<p><strong>Life Size Dobby The House Elf</strong> is a made-to-order PLA print based on the MakerWorld model <em>Life Size Dobby the House Elf</em> by 3DogPrint.</p><p>Useful as a practical desk, home, gift, or hobby accessory, it is printed after purchase in your selected color: Black, Yellow, White, Red. Each print is checked before shipping, with small layer lines normal for FDM 3D printing.</p><p>Made to order in the Bay Area. Processing time is typically 3-5 business days, and supply is unlimited because items are printed on demand.</p><p>Gallery images are MakerWorld creator images and/or rendered previews of the actual model, not photos of this exact made-to-order print.</p><p>Care: keep away from high heat, dishwashers, candles, and small children where parts may present a choking risk.</p><p>Attribution: Life Size Dobby the House Elf by 3DogPrint (@3dogprint), MakerWorld model 646077, license BY, source https://makerworld.com/en/models/646077-life-size-dobby-the-house-elf</p>","15.99","","/general-3d-prints","MakerWorld, Commercial-safe, Made to order, PLA, 3D print","No",""
"","","","15.99","","","","",""
"","","","15.99","","","","",""
"","","","15.99","","","","",""
"witcher-wolf-medallion-1363760","Witcher Wolf Medallion","<p><strong>Witcher Wolf Medallion</strong> is a made-to-order PLA print based on the MakerWorld model <em>Witcher Wolf Medallion</em> by BarnesKMB.</p><p>Useful as a practical desk, home, gift, or hobby accessory, it is printed after purchase in your selected color: Black, Yellow, White, Red. Each print is checked before shipping, with small layer lines normal for FDM 3D printing.</p><p>Made to order in the Bay Area. Processing time is typically 3-5 business days, and supply is unlimited because items are printed on demand.</p><p>Gallery images are MakerWorld creator images and/or rendered previews of the actual model, not photos of this exact made-to-order print.</p><p>Care: keep away from high heat, dishwashers, candles, and small children where parts may present a choking risk.</p><p>Attribution: Witcher Wolf Medallion by BarnesKMB (@barneskmb1), MakerWorld model 1363760, license BY-SA, source https://makerworld.com/en/models/1363760-witcher-wolf-medallion</p>","15.49","","/holiday-seasonal","MakerWorld, Commercial-safe, Made to order, PLA, 3D print","No",""
"","","","15.49","","","","",""
"","","","15.49","","","","",""
"","","","15.49","","","","",""
"snap-on-business-card-holder-868219","Snap-On Business Card Holder","<p><strong>Snap-On Business Card Holder</strong> is a made-to-order PLA print based on the MakerWorld model <em>Snap-On Business Card Holder</em> by JakeSurprenant.</p><p>Useful as a practical desk, home, gift, or hobby accessory, it is printed after purchase in your selected color: Black, Yellow, White, Red. Each print is checked before shipping, with small layer lines normal for FDM 3D printing.</p><p>Made to order in the Bay Area. Processing time is typically 3-5 business days, and supply is unlimited because items are printed on demand.</p><p>Gallery images are MakerWorld creator images and/or rendered previews of the actual model, not photos of this exact made-to-order print.</p><p>Care: keep away from high heat, dishwashers, candles, and small children where parts may present a choking risk.</p><p>Attribution: Snap-On Business Card Holder by JakeSurprenant (@Jakesurprenant), MakerWorld model 868219, license BY, source https://makerworld.com/en/models/868219-snap-on-business-card-holder</p>","14.49","","/home-organization","MakerWorld, Commercial-safe, Made to order, PLA, 3D print","No",""
"","","","14.49","","","","",""
"","","","14.49","","","","",""
"","","","14.49","","","","",""
"love-keychain-love-you-love-me-2232609","Love Keychain Love You Love Me","<p><strong>Love Keychain Love You Love Me</strong> is a made-to-order PLA print based on the MakerWorld model <em>Love keychain Love You Love Me</em> by 3d_druk_love.</p><p>Useful as a practical desk, home, gift, or hobby accessory, it is printed after purchase in your selected color: Black, Yellow, White, Red. Each print is checked before shipping, with small layer lines normal for FDM 3D printing.</p><p>Made to order in the Bay Area. Processing time is typically 3-5 business days, and supply is unlimited because items are printed on demand.</p><p>Gallery images are MakerWorld creator images and/or rendered previews of the actual model, not photos of this exact made-to-order print.</p><p>Care: keep away from high heat, dishwashers, candles, and small children where parts may present a choking risk.</p><p>Attribution: Love keychain Love You Love Me by 3d_druk_love (@3d_druk_love), MakerWorld model 2232609, license BY-SA, source https://makerworld.com/en/models/2232609-love-keychain-love-you-love-me</p>","14.49","","/keychains-charms","MakerWorld, Commercial-safe, Made to order, PLA, 3D print","No",""
"","","","14.49","","","","",""
"","","","14.49","","","","",""
"","","","14.49","","","","",""
"charging-dock-shokz-openrun-751624","Charging Dock Shokz OpenRun","<p><strong>Charging Dock Shokz OpenRun</strong> is a made-to-order PLA print based on the MakerWorld model <em>Charging dock Shokz OpenRun</em> by Jakub Lattenberg.</p><p>Useful as a practical desk, home, gift, or hobby accessory, it is printed after purchase in your selected color: Black, Yellow, White, Red. Each print is checked before shipping, with small layer lines normal for FDM 3D printing.</p><p>Made to order in the Bay Area. Processing time is typically 3-5 business days, and supply is unlimited because items are printed on demand.</p><p>Gallery images are MakerWorld creator images and/or rendered previews of the actual model, not photos of this exact made-to-order print.</p><p>Care: keep away from high heat, dishwashers, candles, and small children where parts may present a choking risk.</p><p>Attribution: Charging dock Shokz OpenRun by Jakub Lattenberg (@jll8), MakerWorld model 751624, license BY, source https://makerworld.com/en/models/751624-charging-dock-shokz-openrun</p>","25.99","","/desk-office","MakerWorld, Commercial-safe, Made to order, PLA, 3D print","No",""
"","","","25.99","","","","",""
"","","","25.99","","","","",""
"","","","25.99","","","","",""
"christmas-tree-ornament-ball-in-pokeball-style-708397","Christmas Tree Ornament, Ball in Pokeball Style","<p><strong>Christmas Tree Ornament, Ball In Pokeball Style</strong> is a made-to-order PLA print based on the MakerWorld model <em>Christmas tree ornament, ball in Pokeball style</em> by Jakub Lattenberg.</p><p>Useful as a practical desk, home, gift, or hobby accessory, it is printed after purchase in your selected color: Black, Yellow, White, Red. Each print is checked before shipping, with small layer lines normal for FDM 3D printing.</p><p>Made to order in the Bay Area. Processing time is typically 3-5 business days, and supply is unlimited because items are printed on demand.</p><p>Gallery images are MakerWorld creator images and/or rendered previews of the actual model, not photos of this exact made-to-order print.</p><p>Care: keep away from high heat, dishwashers, candles, and small children where parts may present a choking risk.</p><p>Attribution: Christmas tree ornament, ball in Pokeball style by Jakub Lattenberg (@jll8), MakerWorld model 708397, license BY, source https://makerworld.com/en/models/708397-christmas-tree-ornament-ball-in-pokeball-style</p>","9.99","","/holiday-seasonal","MakerWorld, Commercial-safe, Made to order, PLA, 3D print","No",""
"","","","9.99","","","","",""
"","","","9.99","","","","",""
"","","","9.99","","","","",""
"death-star-christmas-ornament-with-led-129384","Death Star Christmas Ornament with LED","<p><strong>Death Star Christmas Ornament With LED</strong> is a made-to-order PLA print based on the MakerWorld model <em>Death Star Christmas Ornament with LED</em> by TimPrints.</p><p>Useful as a practical desk, home, gift, or hobby accessory, it is printed after purchase in your selected color: Black, Yellow, White, Red. Each print is checked before shipping, with small layer lines normal for FDM 3D printing.</p><p>Made to order in the Bay Area. Processing time is typically 3-5 business days, and supply is unlimited because items are printed on demand.</p><p>Gallery images are MakerWorld creator images and/or rendered previews of the actual model, not photos of this exact made-to-order print.</p><p>Care: keep away from high heat, dishwashers, candles, and small children where parts may present a choking risk.</p><p>Attribution: Death Star Christmas Ornament with LED by TimPrints (@TimPrints), MakerWorld model 129384, license CC0, source https://makerworld.com/en/models/129384-death-star-christmas-ornament-with-led</p>","10.49","","/holiday-seasonal","MakerWorld, Commercial-safe, Made to order, PLA, 3D print","No",""
"","","","10.49","","","","",""
"","","","10.49","","","","",""
"","","","10.49","","","","",""
"our-lady-the-miraculous-2265634","Our Lady the Miraculous","<p><strong>Our Lady The Miraculous</strong> is a made-to-order PLA print based on the MakerWorld model <em>Our lady the Miraculous</em> by Maelas.</p><p>Useful as a practical desk, home, gift, or hobby accessory, it is printed after purchase in your selected color: Black, Yellow, White, Red. Each print is checked before shipping, with small layer lines normal for FDM 3D printing.</p><p>Made to order in the Bay Area. Processing time is typically 3-5 business days, and supply is unlimited because items are printed on demand.</p><p>Gallery images are MakerWorld creator images and/or rendered previews of the actual model, not photos of this exact made-to-order print.</p><p>Care: keep away from high heat, dishwashers, candles, and small children where parts may present a choking risk.</p><p>Attribution: Our lady the Miraculous by Maelas (@Maelas), MakerWorld model 2265634, license CC0, source https://makerworld.com/en/models/2265634-our-lady-the-miraculous</p>","17.49","","/general-3d-prints","MakerWorld, Commercial-safe, Made to order, PLA, 3D print","No",""
"","","","17.49","","","","",""
"","","","17.49","","","","",""
"","","","17.49","","","","",""
"chair-tip-generator-internal-1190119","Chair Tip Generator - Internal","<p><strong>Chair Tip Generator - Internal</strong> is a made-to-order PLA print based on the MakerWorld model <em>Chair Tip Generator - Internal</em> by WardCons.</p><p>Useful as a practical desk, home, gift, or hobby accessory, it is printed after purchase in your selected color: Black, Yellow, White, Red. Each print is checked before shipping, with small layer lines normal for FDM 3D printing.</p><p>Made to order in the Bay Area. Processing time is typically 3-5 business days, and supply is unlimited because items are printed on demand.</p><p>Gallery images are MakerWorld creator images and/or rendered previews of the actual model, not photos of this exact made-to-order print.</p><p>Care: keep away from high heat, dishwashers, candles, and small children where parts may present a choking risk.</p><p>Attribution: Chair Tip Generator - Internal by WardCons (@DuncanWardCons), MakerWorld model 1190119, license BY-SA, source https://makerworld.com/en/models/1190119-chair-tip-generator-internal</p>","13.99","","/general-3d-prints","MakerWorld, Commercial-safe, Made to order, PLA, 3D print","No",""
"","","","13.99","","","","",""
"","","","13.99","","","","",""
"","","","13.99","","","","",""
"brazil-keychain-2364666","Brazil Keychain","<p><strong>Brazil Keychain</strong> is a made-to-order PLA print based on the MakerWorld model <em>Chaveiro Brasil</em> by ACTS.</p><p>Useful as a practical desk, home, gift, or hobby accessory, it is printed after purchase in your selected color: Black, Yellow, White, Red. Each print is checked before shipping, with small layer lines normal for FDM 3D printing.</p><p>Made to order in the Bay Area. Processing time is typically 3-5 business days, and supply is unlimited because items are printed on demand.</p><p>Gallery images are MakerWorld creator images and/or rendered previews of the actual model, not photos of this exact made-to-order print.</p><p>Care: keep away from high heat, dishwashers, candles, and small children where parts may present a choking risk.</p><p>Attribution: Chaveiro Brasil by ACTS (@acts), MakerWorld model 2364666, license BY, source https://makerworld.com/en/models/2364666-brazil-keychain</p>","12.49","","/keychains-charms","MakerWorld, Commercial-safe, Made to order, PLA, 3D print","No",""
"","","","12.49","","","","",""
"","","","12.49","","","","",""
"","","","12.49","","","","",""
"automotive-fuse-holder-for-insulated-terminal-2054410","Automotive Fuse Holder for Insulated Terminal","<p><strong>Automotive Fuse Holder For Insulated Terminal</strong> is a made-to-order PLA print based on the MakerWorld model <em>Porta Fusible Automotriz para Terminal Aislada</em> by wrenc.</p><p>Useful as a practical desk, home, gift, or hobby accessory, it is printed after purchase in your selected color: Black, Yellow, White, Red. Each print is checked before shipping, with small layer lines normal for FDM 3D printing.</p><p>Made to order in the Bay Area. Processing time is typically 3-5 business days, and supply is unlimited because items are printed on demand.</p><p>Gallery images are MakerWorld creator images and/or rendered previews of the actual model, not photos of this exact made-to-order print.</p><p>Care: keep away from high heat, dishwashers, candles, and small children where parts may present a choking risk.</p><p>Attribution: Porta Fusible Automotriz para Terminal Aislada by wrenc (@wrenc), MakerWorld model 2054410, license CC0, source https://makerworld.com/en/models/2054410-automotive-fuse-holder-for-insulated-terminal</p>","21.49","","/home-organization","MakerWorld, Commercial-safe, Made to order, PLA, 3D print","No",""
"","","","21.49","","","","",""
"","","","21.49","","","","",""
"","","","21.49","","","","",""
"spiral-snow-flake-christmas-tree-913491","Spiral Snow Flake Christmas Tree","<p><strong>Spiral Snow Flake Christmas Tree</strong> is a made-to-order PLA print based on the MakerWorld model <em>Spiral Snow Flake Christmas Tree</em> by aellenna.</p><p>Useful as a practical desk, home, gift, or hobby accessory, it is printed after purchase in your selected color: Black, Yellow, White, Red. Each print is checked before shipping, with small layer lines normal for FDM 3D printing.</p><p>Made to order in the Bay Area. Processing time is typically 3-5 business days, and supply is unlimited because items are printed on demand.</p><p>Gallery images are MakerWorld creator images and/or rendered previews of the actual model, not photos of this exact made-to-order print.</p><p>Care: keep away from high heat, dishwashers, candles, and small children where parts may present a choking risk.</p><p>Attribution: Spiral Snow Flake Christmas Tree by aellenna (@aellenna), MakerWorld model 913491, license BY-SA, source https://makerworld.com/en/models/913491-spiral-snow-flake-christmas-tree</p>","21.99","","/holiday-seasonal","MakerWorld, Commercial-safe, Made to order, PLA, 3D print","No",""
"","","","21.99","","","","",""
"","","","21.99","","","","",""
"","","","21.99","","","","",""
"gremlins-hd-1908144","Gremlins HD","<p><strong>Gremlins HD</strong> is a made-to-order PLA print based on the MakerWorld model <em>Gremlins HD</em> by lemeneur.</p><p>Useful as a practical desk, home, gift, or hobby accessory, it is printed after purchase in your selected color: Black, Yellow, White, Red. Each print is checked before shipping, with small layer lines normal for FDM 3D printing.</p><p>Made to order in the Bay Area. Processing time is typically 3-5 business days, and supply is unlimited because items are printed on demand.</p><p>Gallery images are MakerWorld creator images and/or rendered previews of the actual model, not photos of this exact made-to-order print.</p><p>Care: keep away from high heat, dishwashers, candles, and small children where parts may present a choking risk.</p><p>Attribution: Gremlins HD by lemeneur (@lemeneur), MakerWorld model 1908144, license BY-SA, source https://makerworld.com/en/models/1908144-gremlins-hd</p>","21.49","","/general-3d-prints","MakerWorld, Commercial-safe, Made to order, PLA, 3D print","No",""
"","","","21.49","","","","",""
"","","","21.49","","","","",""
"","","","21.49","","","","",""
"christmas-deer-874194","Christmas Deer","<p><strong>Christmas Deer</strong> is a made-to-order PLA print based on the MakerWorld model <em>christmas deer</em> by Tommy010204.</p><p>Useful as a practical desk, home, gift, or hobby accessory, it is printed after purchase in your selected color: Black, Yellow, White, Red. Each print is checked before shipping, with small layer lines normal for FDM 3D printing.</p><p>Made to order in the Bay Area. Processing time is typically 3-5 business days, and supply is unlimited because items are printed on demand.</p><p>Gallery images are MakerWorld creator images and/or rendered previews of the actual model, not photos of this exact made-to-order print.</p><p>Care: keep away from high heat, dishwashers, candles, and small children where parts may present a choking risk.</p><p>Attribution: christmas deer by Tommy010204 (@Tommy04), MakerWorld model 874194, license BY, source https://makerworld.com/en/models/874194-christmas-deer</p>","19.49","","/holiday-seasonal","MakerWorld, Commercial-safe, Made to order, PLA, 3D print","No",""
"","","","19.49","","","","",""
"","","","19.49","","","","",""
"","","","19.49","","","","",""
"helmet-holder-skull-barber-1308106","Helmet Holder Skull Barber","<p><strong>Helmet Holder Skull Barber</strong> is a made-to-order PLA print based on the MakerWorld model <em>Helmet Holder Skull barber</em> by Zouzou Factory.</p><p>Useful as a practical desk, home, gift, or hobby accessory, it is printed after purchase in your selected color: Black, Yellow, White, Red. Each print is checked before shipping, with small layer lines normal for FDM 3D printing.</p><p>Made to order in the Bay Area. Processing time is typically 3-5 business days, and supply is unlimited because items are printed on demand.</p><p>Gallery images are MakerWorld creator images and/or rendered previews of the actual model, not photos of this exact made-to-order print.</p><p>Care: keep away from high heat, dishwashers, candles, and small children where parts may present a choking risk.</p><p>Attribution: Helmet Holder Skull barber by Zouzou Factory (@ZouzouFactory), MakerWorld model 1308106, license BY-SA, source https://makerworld.com/en/models/1308106-helmet-holder-skull-barber</p>","23.99","","/holiday-seasonal","MakerWorld, Commercial-safe, Made to order, PLA, 3D print","No",""
"","","","23.99","","","","",""
"","","","23.99","","","","",""
"","","","23.99","","","","",""
"delorean-back-to-the-future-reloaded-609912","Delorean - Back to the Future (RELOADED)","<p><strong>Delorean - Back To The Future (RELOADED)</strong> is a made-to-order PLA print based on the MakerWorld model <em>Delorean - Back to the Future (RELOADED)</em> by H2Jack Concepts.</p><p>Useful as a practical desk, home, gift, or hobby accessory, it is printed after purchase in your selected color: Black, Yellow, White, Red. Each print is checked before shipping, with small layer lines normal for FDM 3D printing.</p><p>Made to order in the Bay Area. Processing time is typically 3-5 business days, and supply is unlimited because items are printed on demand.</p><p>Gallery images are MakerWorld creator images and/or rendered previews of the actual model, not photos of this exact made-to-order print.</p><p>Care: keep away from high heat, dishwashers, candles, and small children where parts may present a choking risk.</p><p>Attribution: Delorean - Back to the Future (RELOADED) by H2Jack Concepts (@micmey78), MakerWorld model 609912, license BY-SA, source https://makerworld.com/en/models/609912-delorean-back-to-the-future-reloaded</p>","17.99","","/general-3d-prints","MakerWorld, Commercial-safe, Made to order, PLA, 3D print","No",""
"","","","17.99","","","","",""
"","","","17.99","","","","",""
"","","","17.99","","","","",""
"flexi-baby-dragon-lizard-234548","Flexi Baby Dragon Lizard","<p><strong>Flexi Baby Dragon Lizard</strong> is a made-to-order PLA print based on the MakerWorld model <em>Flexi Baby dragon lizard</em> by OrangeSs.</p><p>Useful as a practical desk, home, gift, or hobby accessory, it is printed after purchase in your selected color: Black, Yellow, White, Red. Each print is checked before shipping, with small layer lines normal for FDM 3D printing.</p><p>Made to order in the Bay Area. Processing time is typically 3-5 business days, and supply is unlimited because items are printed on demand.</p><p>Gallery images are MakerWorld creator images and/or rendered previews of the actual model, not photos of this exact made-to-order print.</p><p>Care: keep away from high heat, dishwashers, candles, and small children where parts may present a choking risk.</p><p>Attribution: Flexi Baby dragon lizard by OrangeSs (@OrangeSs), MakerWorld model 234548, license BY, source https://makerworld.com/en/models/234548-flexi-baby-dragon-lizard</p>","11.99","","/toys-figures","MakerWorld, Commercial-safe, Made to order, PLA, 3D print","No",""
"","","","11.99","","","","",""
"","","","11.99","","","","",""
"","","","11.99","","","","",""
"terminator-t-800-1564517","Terminator T-800","<p><strong>Terminator T-800</strong> is a made-to-order PLA print based on the MakerWorld model <em>Terminator T-800</em> by UP 3D.</p><p>Useful as a practical desk, home, gift, or hobby accessory, it is printed after purchase in your selected color: Black, Yellow, White, Red. Each print is checked before shipping, with small layer lines normal for FDM 3D printing.</p><p>Made to order in the Bay Area. Processing time is typically 3-5 business days, and supply is unlimited because items are printed on demand.</p><p>Gallery images are MakerWorld creator images and/or rendered previews of the actual model, not photos of this exact made-to-order print.</p><p>Care: keep away from high heat, dishwashers, candles, and small children where parts may present a choking risk.</p><p>Attribution: Terminator T-800 by UP 3D (@up_3d), MakerWorld model 1564517, license BY-ND, source https://makerworld.com/en/models/1564517-terminator-t-800</p>","15.99","","/general-3d-prints","MakerWorld, Commercial-safe, Made to order, PLA, 3D print","No",""
"","","","15.99","","","","",""
"","","","15.99","","","","",""
"","","","15.99","","","","",""
"human-head-mannequin-for-headphones-1920629","Human Head, Mannequin for Headphones","<p><strong>Human Head, Mannequin For Headphones</strong> is a made-to-order PLA print based on the MakerWorld model <em>Human head,  mannequin for headphones</em> by Burak19891.</p><p>Useful as a practical desk, home, gift, or hobby accessory, it is printed after purchase in your selected color: Black, Yellow, White, Red. Each print is checked before shipping, with small layer lines normal for FDM 3D printing.</p><p>Made to order in the Bay Area. Processing time is typically 3-5 business days, and supply is unlimited because items are printed on demand.</p><p>Gallery images are MakerWorld creator images and/or rendered previews of the actual model, not photos of this exact made-to-order print.</p><p>Care: keep away from high heat, dishwashers, candles, and small children where parts may present a choking risk.</p><p>Attribution: Human head,  mannequin for headphones by Burak19891 (@Burak19891), MakerWorld model 1920629, license CC0, source https://makerworld.com/en/models/1920629-human-head-mannequin-for-headphones</p>","12.49","","/desk-office","MakerWorld, Commercial-safe, Made to order, PLA, 3D print","No",""
"","","","12.49","","","","",""
"","","","12.49","","","","",""
"","","","12.49","","","","",""
"articulated-crystal-axolotl-crystalotl-130186","Articulated Crystal Axolotl (Crystalotl)","<p><strong>Articulated Crystal Axolotl (Crystalotl)</strong> is a made-to-order PLA print based on the MakerWorld model <em>Articulated Crystal Axolotl (Crystalotl)</em> by Zetta Art.</p><p>Useful as a practical desk, home, gift, or hobby accessory, it is printed after purchase in your selected color: Black, Yellow, White, Red. Each print is checked before shipping, with small layer lines normal for FDM 3D printing.</p><p>Made to order in the Bay Area. Processing time is typically 3-5 business days, and supply is unlimited because items are printed on demand.</p><p>Gallery images are MakerWorld creator images and/or rendered previews of the actual model, not photos of this exact made-to-order print.</p><p>Care: keep away from high heat, dishwashers, candles, and small children where parts may present a choking risk.</p><p>Attribution: Articulated Crystal Axolotl (Crystalotl) by Zetta Art (@Crypton), MakerWorld model 130186, license BY, source https://makerworld.com/en/models/130186-articulated-crystal-axolotl-crystalotl</p>","24.99","","/toys-figures","MakerWorld, Commercial-safe, Made to order, PLA, 3D print","No",""
"","","","24.99","","","","",""
"","","","24.99","","","","",""
"","","","24.99","","","","",""
"alien-keychain-769124","Alien Keychain","<p><strong>Alien Keychain</strong> is a made-to-order PLA print based on the MakerWorld model <em>Alien Keychain</em> by Shikko.</p><p>Useful as a practical desk, home, gift, or hobby accessory, it is printed after purchase in your selected color: Black, Yellow, White, Red. Each print is checked before shipping, with small layer lines normal for FDM 3D printing.</p><p>Made to order in the Bay Area. Processing time is typically 3-5 business days, and supply is unlimited because items are printed on demand.</p><p>Gallery images are MakerWorld creator images and/or rendered previews of the actual model, not photos of this exact made-to-order print.</p><p>Care: keep away from high heat, dishwashers, candles, and small children where parts may present a choking risk.</p><p>Attribution: Alien Keychain by Shikko (@koushikmech1997), MakerWorld model 769124, license CC0, source https://makerworld.com/en/models/769124-alien-keychain</p>","7.99","","/keychains-charms","MakerWorld, Commercial-safe, Made to order, PLA, 3D print","No",""
"","","","7.99","","","","",""
"","","","7.99","","","","",""
"","","","7.99","","","","",""
"gentleman-suit-pen-holder-office-decor-organizer-2274617","Gentleman Suit Pen Holder - Office Decor Organizer","<p><strong>Gentleman Suit Pen Holder - Office Decor Organizer</strong> is a made-to-order PLA print based on the MakerWorld model <em>Gentleman Suit Pen Holder - Office Decor Organizer</em> by Murena.</p><p>Useful as a practical desk, home, gift, or hobby accessory, it is printed after purchase in your selected color: Black, Yellow, White, Red. Each print is checked before shipping, with small layer lines normal for FDM 3D printing.</p><p>Made to order in the Bay Area. Processing time is typically 3-5 business days, and supply is unlimited because items are printed on demand.</p><p>Gallery images are MakerWorld creator images and/or rendered previews of the actual model, not photos of this exact made-to-order print.</p><p>Care: keep away from high heat, dishwashers, candles, and small children where parts may present a choking risk.</p><p>Attribution: Gentleman Suit Pen Holder - Office Decor Organizer by Murena (@Murena), MakerWorld model 2274617, license CC0, source https://makerworld.com/en/models/2274617-gentleman-suit-pen-holder-office-decor-organizer</p>","17.99","","/home-organization","MakerWorld, Commercial-safe, Made to order, PLA, 3D print","No",""
"","","","17.99","","","","",""
"","","","17.99","","","","",""
"","","","17.99","","","","",""
"snowflakes-3d-1907342","Snowflakes 3D","<p><strong>Snowflakes 3D</strong> is a made-to-order PLA print based on the MakerWorld model <em>Snowflakes 3D</em> by Bardo.</p><p>Useful as a practical desk, home, gift, or hobby accessory, it is printed after purchase in your selected color: Black, Yellow, White, Red. Each print is checked before shipping, with small layer lines normal for FDM 3D printing.</p><p>Made to order in the Bay Area. Processing time is typically 3-5 business days, and supply is unlimited because items are printed on demand.</p><p>Gallery images are MakerWorld creator images and/or rendered previews of the actual model, not photos of this exact made-to-order print.</p><p>Care: keep away from high heat, dishwashers, candles, and small children where parts may present a choking risk.</p><p>Attribution: Snowflakes 3D by Bardo (@Ale1977), MakerWorld model 1907342, license BY-SA, source https://makerworld.com/en/models/1907342-snowflakes-3d</p>","13.99","","/holiday-seasonal","MakerWorld, Commercial-safe, Made to order, PLA, 3D print","No",""
"","","","13.99","","","","",""
"","","","13.99","","","","",""
"","","","13.99","","","","",""
"dryer-lint-trap-vacuum-attachment-and-extension-2161937","Dryer Lint Trap Vacuum Attachment and Extension","<p><strong>Dryer Lint Trap Vacuum Attachment And Extension</strong> is a made-to-order PLA print based on the MakerWorld model <em>Dryer Lint Trap Vacuum Attachment and Extension</em> by TREWMADE.</p><p>Useful as a practical desk, home, gift, or hobby accessory, it is printed after purchase in your selected color: Black, Yellow, White, Red. Each print is checked before shipping, with small layer lines normal for FDM 3D printing.</p><p>Made to order in the Bay Area. Processing time is typically 3-5 business days, and supply is unlimited because items are printed on demand.</p><p>Gallery images are MakerWorld creator images and/or rendered previews of the actual model, not photos of this exact made-to-order print.</p><p>Care: keep away from high heat, dishwashers, candles, and small children where parts may present a choking risk.</p><p>Attribution: Dryer Lint Trap Vacuum Attachment and Extension by TREWMADE (@TREWMADE), MakerWorld model 2161937, license BY, source https://makerworld.com/en/models/2161937-dryer-lint-trap-vacuum-attachment-and-extension</p>","21.49","","/general-3d-prints","MakerWorld, Commercial-safe, Made to order, PLA, 3D print","No",""
"","","","21.49","","","","",""
"","","","21.49","","","","",""
"","","","21.49","","","","",""
"buste-terminator-v2-1506292","Buste Terminator V2","<p><strong>Buste Terminator V2</strong> is a made-to-order PLA print based on the MakerWorld model <em>buste terminator v2</em> by lemeneur.</p><p>Useful as a practical desk, home, gift, or hobby accessory, it is printed after purchase in your selected color: Black, Yellow, White, Red. Each print is checked before shipping, with small layer lines normal for FDM 3D printing.</p><p>Made to order in the Bay Area. Processing time is typically 3-5 business days, and supply is unlimited because items are printed on demand.</p><p>Gallery images are MakerWorld creator images and/or rendered previews of the actual model, not photos of this exact made-to-order print.</p><p>Care: keep away from high heat, dishwashers, candles, and small children where parts may present a choking risk.</p><p>Attribution: buste terminator v2 by lemeneur (@lemeneur), MakerWorld model 1506292, license BY-SA, source https://makerworld.com/en/models/1506292-buste-terminator-v2</p>","13.99","","/decor-art","MakerWorld, Commercial-safe, Made to order, PLA, 3D print","No","https://images.squarespace-cdn.com/content/v1/6914262184e7d41fe3ac8966/30d71577-1991-4bf4-b614-9229bffb1398/terminator-bust-1492210-01.jpg https://images.squarespace-cdn.com/content/v1/6914262184e7d41fe3ac8966/61d52f7f-a347-443c-983c-633bf9fce9e9/terminator-bust-1492210-02.jpg https://images.squarespace-cdn.com/content/v1/6914262184e7d41fe3ac8966/ecd6355d-c23c-4080-856b-02a3a2c751d2/terminator-bust-1492210-03.jpg https://images.squarespace-cdn.com/content/v1/6914262184e7d41fe3ac8966/4215b44a-069b-4ace-815c-e0a7e46a6ea4/terminator-bust-1492210-04.png https://images.squarespace-cdn.com/content/v1/6914262184e7d41fe3ac8966/441dde68-1310-49f4-90cb-6385feda7f78/terminator-bust-1492210-05.png"
"","","","13.99","","","","",""
"","","","13.99","","","","",""
"","","","13.99","","","","",""
"christmas-tree-with-star-82635","Christmas Tree with Star","<p><strong>Christmas Tree With Star</strong> is a made-to-order PLA print based on the MakerWorld model <em>Christmas tree with star</em> by TopD Creation.</p><p>Useful as a practical desk, home, gift, or hobby accessory, it is printed after purchase in your selected color: Black, Yellow, White, Red. Each print is checked before shipping, with small layer lines normal for FDM 3D printing.</p><p>Made to order in the Bay Area. Processing time is typically 3-5 business days, and supply is unlimited because items are printed on demand.</p><p>Gallery images are MakerWorld creator images and/or rendered previews of the actual model, not photos of this exact made-to-order print.</p><p>Care: keep away from high heat, dishwashers, candles, and small children where parts may present a choking risk.</p><p>Attribution: Christmas tree with star by TopD Creation (@TopD_Creation), MakerWorld model 82635, license BY-SA, source https://makerworld.com/en/models/82635-christmas-tree-with-star</p>","13.99","","/holiday-seasonal","MakerWorld, Commercial-safe, Made to order, PLA, 3D print","No",""
"","","","13.99","","","","",""
"","","","13.99","","","","",""
"","","","13.99","","","","",""
"baby-groot-controller-holder-a1-mini-2068528","Baby Groot Controller Holder A1 Mini","<p><strong>Baby Groot Controller Holder A1 Mini</strong> is a made-to-order PLA print based on the MakerWorld model <em>Baby Groot Controller Holder A1 Mini</em> by Chupatroopa.</p><p>Useful as a practical desk, home, gift, or hobby accessory, it is printed after purchase in your selected color: Black, Yellow, White, Red. Each print is checked before shipping, with small layer lines normal for FDM 3D printing.</p><p>Made to order in the Bay Area. Processing time is typically 3-5 business days, and supply is unlimited because items are printed on demand.</p><p>Gallery images are MakerWorld creator images and/or rendered previews of the actual model, not photos of this exact made-to-order print.</p><p>Care: keep away from high heat, dishwashers, candles, and small children where parts may present a choking risk.</p><p>Attribution: Baby Groot Controller Holder A1 Mini by Chupatroopa (@Chupatroopa), MakerWorld model 2068528, license BY-SA, source https://makerworld.com/en/models/2068528-baby-groot-controller-holder-a1-mini</p>","11.99","","/home-organization","MakerWorld, Commercial-safe, Made to order, PLA, 3D print","No",""
"","","","11.99","","","","",""
"","","","11.99","","","","",""
"","","","11.99","","","","",""
"construction-engineer-helmet-key-ring-2369435","Construction/Engineer Helmet Key Ring","<p><strong>Construction/Engineer Helmet Key Ring</strong> is a made-to-order PLA print based on the MakerWorld model <em>Construction/Engineer Helmet Key Ring</em> by astavr.</p><p>Useful as a practical desk, home, gift, or hobby accessory, it is printed after purchase in your selected color: Black, Yellow, White, Red. Each print is checked before shipping, with small layer lines normal for FDM 3D printing.</p><p>Made to order in the Bay Area. Processing time is typically 3-5 business days, and supply is unlimited because items are printed on demand.</p><p>Gallery images are MakerWorld creator images and/or rendered previews of the actual model, not photos of this exact made-to-order print.</p><p>Care: keep away from high heat, dishwashers, candles, and small children where parts may present a choking risk.</p><p>Attribution: Construction/Engineer Helmet Key Ring by astavr (@astavr), MakerWorld model 2369435, license CC0, source https://makerworld.com/en/models/2369435-construction-engineer-helmet-key-ring</p>","13.99","","/cosplay-props","MakerWorld, Commercial-safe, Made to order, PLA, 3D print","No",""
"","","","13.99","","","","",""
"","","","13.99","","","","",""
"","","","13.99","","","","",""
"gridfinity-cotton-pad-q-tip-dispenser-2145244","Gridfinity Cotton Pad & Q-Tip Dispenser","<p><strong>Gridfinity Cotton Pad &amp; Q-Tip Dispenser</strong> is a made-to-order PLA print based on the MakerWorld model <em>Gridfinity Cotton Pad &amp; Q-Tip Dispenser</em> by KoalaPrints.</p><p>Useful as a practical desk, home, gift, or hobby accessory, it is printed after purchase in your selected color: Black, Yellow, White, Red. Each print is checked before shipping, with small layer lines normal for FDM 3D printing.</p><p>Made to order in the Bay Area. Processing time is typically 3-5 business days, and supply is unlimited because items are printed on demand.</p><p>Gallery images are MakerWorld creator images and/or rendered previews of the actual model, not photos of this exact made-to-order print.</p><p>Care: keep away from high heat, dishwashers, candles, and small children where parts may present a choking risk.</p><p>Attribution: Gridfinity Cotton Pad &amp; Q-Tip Dispenser by KoalaPrints (@TheDuncanIdaho), MakerWorld model 2145244, license CC0, source https://makerworld.com/en/models/2145244-gridfinity-cotton-pad-q-tip-dispenser</p>","15.99","","/desk-office","MakerWorld, Commercial-safe, Made to order, PLA, 3D print","No",""
"","","","15.99","","","","",""
"","","","15.99","","","","",""
"","","","15.99","","","","",""
"racing-seat-phone-stand-with-roll-cage-76916","Racing Seat Phone Stand with Roll Cage","<p><strong>Racing Seat Phone Stand With Roll Cage</strong> is a made-to-order PLA print based on the MakerWorld model <em>Racing seat phone stand with roll cage</em> by OrangeSs.</p><p>Useful as a practical desk, home, gift, or hobby accessory, it is printed after purchase in your selected color: Black, Yellow, White, Red. Each print is checked before shipping, with small layer lines normal for FDM 3D printing.</p><p>Made to order in the Bay Area. Processing time is typically 3-5 business days, and supply is unlimited because items are printed on demand.</p><p>Gallery images are MakerWorld creator images and/or rendered previews of the actual model, not photos of this exact made-to-order print.</p><p>Care: keep away from high heat, dishwashers, candles, and small children where parts may present a choking risk.</p><p>Attribution: Racing seat phone stand with roll cage by OrangeSs (@OrangeSs), MakerWorld model 76916, license BY, source https://makerworld.com/en/models/76916-racing-seat-phone-stand-with-roll-cage</p>","17.99","","/desk-office","MakerWorld, Commercial-safe, Made to order, PLA, 3D print","No",""
"","","","17.99","","","","",""
"","","","17.99","","","","",""
"","","","17.99","","","","",""
"moto-gp-calendar-support-2060595","Moto GP Calendar Support","<p><strong>Moto GP Calendar Support</strong> is a made-to-order PLA print based on the MakerWorld model <em>soporte calendario moto GP</em> by rodiprint.</p><p>Useful as a practical desk, home, gift, or hobby accessory, it is printed after purchase in your selected color: Black, Yellow, White, Red. Each print is checked before shipping, with small layer lines normal for FDM 3D printing.</p><p>Made to order in the Bay Area. Processing time is typically 3-5 business days, and supply is unlimited because items are printed on demand.</p><p>Gallery images are MakerWorld creator images and/or rendered previews of the actual model, not photos of this exact made-to-order print.</p><p>Care: keep away from high heat, dishwashers, candles, and small children where parts may present a choking risk.</p><p>Attribution: soporte calendario moto GP by rodiprint (@rodi), MakerWorld model 2060595, license BY-ND, source https://makerworld.com/en/models/2060595-moto-gp-calendar-support</p>","21.99","","/general-3d-prints","MakerWorld, Commercial-safe, Made to order, PLA, 3D print","No",""
"","","","21.99","","","","",""
"","","","21.99","","","","",""
"","","","21.99","","","","",""
"microlab-2-mini-modular-home-server-rack-1792250","Microlab 2 - Mini Modular Home Server Rack","<p><strong>Microlab 2 - Mini Modular Home Server Rack</strong> is a made-to-order PLA print based on the MakerWorld model <em>Microlab 2 - Mini Modular Home Server Rack</em> by CB4D.</p><p>Useful as a practical desk, home, gift, or hobby accessory, it is printed after purchase in your selected color: Black, Yellow, White, Red. Each print is checked before shipping, with small layer lines normal for FDM 3D printing.</p><p>Made to order in the Bay Area. Processing time is typically 3-5 business days, and supply is unlimited because items are printed on demand.</p><p>Gallery images are MakerWorld creator images and/or rendered previews of the actual model, not photos of this exact made-to-order print.</p><p>Care: keep away from high heat, dishwashers, candles, and small children where parts may present a choking risk.</p><p>Attribution: Microlab 2 - Mini Modular Home Server Rack by CB4D (@CB4D), MakerWorld model 1792250, license BY, source https://makerworld.com/en/models/1792250-microlab-2-mini-modular-home-server-rack</p>","13.99","","/home-organization","MakerWorld, Commercial-safe, Made to order, PLA, 3D print","No",""
"","","","13.99","","","","",""
"","","","13.99","","","","",""
"","","","13.99","","","","",""
"cable-tidy-hole-cover-1761770","Cable Tidy Hole Cover","<p><strong>Cable Tidy Hole Cover</strong> is a made-to-order PLA print based on the MakerWorld model <em>Cable tidy hole cover</em> by TR7 Dave.</p><p>Useful as a practical desk, home, gift, or hobby accessory, it is printed after purchase in your selected color: Black, Yellow, White, Red. Each print is checked before shipping, with small layer lines normal for FDM 3D printing.</p><p>Made to order in the Bay Area. Processing time is typically 3-5 business days, and supply is unlimited because items are printed on demand.</p><p>Gallery images are MakerWorld creator images and/or rendered previews of the actual model, not photos of this exact made-to-order print.</p><p>Care: keep away from high heat, dishwashers, candles, and small children where parts may present a choking risk.</p><p>Attribution: Cable tidy hole cover by TR7 Dave (@user_3031330379), MakerWorld model 1761770, license BY, source https://makerworld.com/en/models/1761770-cable-tidy-hole-cover</p>","17.49","","/desk-office","MakerWorld, Commercial-safe, Made to order, PLA, 3D print","No",""
"","","","17.49","","","","",""
"","","","17.49","","","","",""
"","","","17.49","","","","",""
"stranger-things-lightbox-2079555","Stranger Things Lightbox","<p><strong>Stranger Things Lightbox</strong> is a made-to-order PLA print based on the MakerWorld model <em>Stranger Things Lightbox</em> by ociotienda.cl.</p><p>Useful as a practical desk, home, gift, or hobby accessory, it is printed after purchase in your selected color: Black, Yellow, White, Red. Each print is checked before shipping, with small layer lines normal for FDM 3D printing.</p><p>Made to order in the Bay Area. Processing time is typically 3-5 business days, and supply is unlimited because items are printed on demand.</p><p>Gallery images are MakerWorld creator images and/or rendered previews of the actual model, not photos of this exact made-to-order print.</p><p>Care: keep away from high heat, dishwashers, candles, and small children where parts may present a choking risk.</p><p>Attribution: Stranger Things Lightbox by ociotienda.cl (@ociotienda.cl), MakerWorld model 2079555, license BY, source https://makerworld.com/en/models/2079555-stranger-things-lightbox</p>","18.49","","/home-organization","MakerWorld, Commercial-safe, Made to order, PLA, 3D print","No",""
"","","","18.49","","","","",""
"","","","18.49","","","","",""
"","","","18.49","","","","",""
"dino-squishmallow-1092555","Dino Squishmallow","<p><strong>Dino Squishmallow</strong> is a made-to-order PLA print based on the MakerWorld model <em>Dino Squishmallow</em> by Orboe.</p><p>Useful as a practical desk, home, gift, or hobby accessory, it is printed after purchase in your selected color: Black, Yellow, White, Red. Each print is checked before shipping, with small layer lines normal for FDM 3D printing.</p><p>Made to order in the Bay Area. Processing time is typically 3-5 business days, and supply is unlimited because items are printed on demand.</p><p>Gallery images are MakerWorld creator images and/or rendered previews of the actual model, not photos of this exact made-to-order print.</p><p>Care: keep away from high heat, dishwashers, candles, and small children where parts may present a choking risk.</p><p>Attribution: Dino Squishmallow by Orboe (@Orboe), MakerWorld model 1092555, license BY-SA, source https://makerworld.com/en/models/1092555-dino-squishmallow</p>","17.49","","/home-organization","MakerWorld, Commercial-safe, Made to order, PLA, 3D print","No",""
"","","","17.49","","","","",""
"","","","17.49","","","","",""
"","","","17.49","","","","",""
"open-source-fully-printable-vacuum-turbine-set-2258847","Open Source Fully Printable Vacuum Turbine Set","<p><strong>Open Source Fully Printable Vacuum Turbine Set</strong> is a made-to-order PLA print based on the MakerWorld model <em>Open Source Fully Printable Vacuum Turbine Set</em> by Joshuaisodd.</p><p>Useful as a practical desk, home, gift, or hobby accessory, it is printed after purchase in your selected color: Black, Yellow, White, Red. Each print is checked before shipping, with small layer lines normal for FDM 3D printing.</p><p>Made to order in the Bay Area. Processing time is typically 3-5 business days, and supply is unlimited because items are printed on demand.</p><p>Gallery images are MakerWorld creator images and/or rendered previews of the actual model, not photos of this exact made-to-order print.</p><p>Care: keep away from high heat, dishwashers, candles, and small children where parts may present a choking risk.</p><p>Attribution: Open Source Fully Printable Vacuum Turbine Set by Joshuaisodd (@joshuasoddities), MakerWorld model 2258847, license BY-SA, source https://makerworld.com/en/models/2258847-open-source-fully-printable-vacuum-turbine-set</p>","23.49","","/desk-office","MakerWorld, Commercial-safe, Made to order, PLA, 3D print","No",""
"","","","23.49","","","","",""
"","","","23.49","","","","",""
"","","","23.49","","","","",""
"skadis-skydrag-holder-990793","Skadis Skydrag Holder","<p><strong>Skadis Skydrag Holder</strong> is a made-to-order PLA print based on the MakerWorld model <em>Skadis Skydrag holder</em> by noxatra.</p><p>Useful as a practical desk, home, gift, or hobby accessory, it is printed after purchase in your selected color: Black, Yellow, White, Red. Each print is checked before shipping, with small layer lines normal for FDM 3D printing.</p><p>Made to order in the Bay Area. Processing time is typically 3-5 business days, and supply is unlimited because items are printed on demand.</p><p>Gallery images are MakerWorld creator images and/or rendered previews of the actual model, not photos of this exact made-to-order print.</p><p>Care: keep away from high heat, dishwashers, candles, and small children where parts may present a choking risk.</p><p>Attribution: Skadis Skydrag holder by noxatra (@noxatra), MakerWorld model 990793, license BY-SA, source https://makerworld.com/en/models/990793-skadis-skydrag-holder</p>","19.99","","/home-organization","MakerWorld, Commercial-safe, Made to order, PLA, 3D print","No",""
"","","","19.99","","","","",""
"","","","19.99","","","","",""
"","","","19.99","","","","",""
"tree-name-christmas-ornament-swivels-68818","Tree - Name Christmas Ornament (Swivels)","<p><strong>Tree - Name Christmas Ornament (Swivels)</strong> is a made-to-order PLA print based on the MakerWorld model <em>Tree - Name Christmas Ornament (Swivels)</em> by eclien.</p><p>Useful as a practical desk, home, gift, or hobby accessory, it is printed after purchase in your selected color: Black, Yellow, White, Red. Each print is checked before shipping, with small layer lines normal for FDM 3D printing.</p><p>Made to order in the Bay Area. Processing time is typically 3-5 business days, and supply is unlimited because items are printed on demand.</p><p>Gallery images are MakerWorld creator images and/or rendered previews of the actual model, not photos of this exact made-to-order print.</p><p>Care: keep away from high heat, dishwashers, candles, and small children where parts may present a choking risk.</p><p>Attribution: Tree - Name Christmas Ornament (Swivels) by eclien (@eclien), MakerWorld model 68818, license BY-SA, source https://makerworld.com/en/models/68818-tree-name-christmas-ornament-swivels</p>","11.49","","/holiday-seasonal","MakerWorld, Commercial-safe, Made to order, PLA, 3D print","No",""
"","","","11.49","","","","",""
"","","","11.49","","","","",""
"","","","11.49","","","","",""
"contemporary-stand-off-house-numbers-6-inch-556236","Contemporary Stand-Off House Numbers - 6 INCH","<p><strong>Contemporary Stand-Off House Numbers - 6 INCH</strong> is a made-to-order PLA print based on the MakerWorld model <em>Contemporary Stand-off House Numbers - 6 INCH</em> by spythereman.</p><p>Useful as a practical desk, home, gift, or hobby accessory, it is printed after purchase in your selected color: Black, Yellow, White, Red. Each print is checked before shipping, with small layer lines normal for FDM 3D printing.</p><p>Made to order in the Bay Area. Processing time is typically 3-5 business days, and supply is unlimited because items are printed on demand.</p><p>Gallery images are MakerWorld creator images and/or rendered previews of the actual model, not photos of this exact made-to-order print.</p><p>Care: keep away from high heat, dishwashers, candles, and small children where parts may present a choking risk.</p><p>Attribution: Contemporary Stand-off House Numbers - 6 INCH by spythereman (@pandorium3d), MakerWorld model 556236, license BY, source https://makerworld.com/en/models/556236-contemporary-stand-off-house-numbers-6-inch</p>","17.99","","/desk-office","MakerWorld, Commercial-safe, Made to order, PLA, 3D print","No",""
"","","","17.99","","","","",""
"","","","17.99","","","","",""
"","","","17.99","","","","",""
"un-dead-flexi-fish-keychain-207423","(UN)DEAD Flexi Fish + Keychain","<p><strong>(UN)DEAD Flexi Fish + Keychain</strong> is a made-to-order PLA print based on the MakerWorld model <em>(UN)DEAD flexi fish + keychain</em> by OrangeSs.</p><p>Useful as a practical desk, home, gift, or hobby accessory, it is printed after purchase in your selected color: Black, Yellow, White, Red. Each print is checked before shipping, with small layer lines normal for FDM 3D printing.</p><p>Made to order in the Bay Area. Processing time is typically 3-5 business days, and supply is unlimited because items are printed on demand.</p><p>Gallery images are MakerWorld creator images and/or rendered previews of the actual model, not photos of this exact made-to-order print.</p><p>Care: keep away from high heat, dishwashers, candles, and small children where parts may present a choking risk.</p><p>Attribution: (UN)DEAD flexi fish + keychain by OrangeSs (@OrangeSs), MakerWorld model 207423, license BY, source https://makerworld.com/en/models/207423-un-dead-flexi-fish-keychain</p>","10.49","","/keychains-charms","MakerWorld, Commercial-safe, Made to order, PLA, 3D print","No",""
"","","","10.49","","","","",""
"","","","10.49","","","","",""
"","","","10.49","","","","",""
"f-caw-f-rooster-art-and-keychain-1789091","F-CAW-F Rooster Art and Keychain","<p><strong>F-CAW-F Rooster Art And Keychain</strong> is a made-to-order PLA print based on the MakerWorld model <em>F-CAW-F Rooster art and keychain</em> by DMurr5050.</p><p>Useful as a practical desk, home, gift, or hobby accessory, it is printed after purchase in your selected color: Black, Yellow, White, Red. Each print is checked before shipping, with small layer lines normal for FDM 3D printing.</p><p>Made to order in the Bay Area. Processing time is typically 3-5 business days, and supply is unlimited because items are printed on demand.</p><p>Gallery images are MakerWorld creator images and/or rendered previews of the actual model, not photos of this exact made-to-order print.</p><p>Care: keep away from high heat, dishwashers, candles, and small children where parts may present a choking risk.</p><p>Attribution: F-CAW-F Rooster art and keychain by DMurr5050 (@DMurr5050), MakerWorld model 1789091, license BY, source https://makerworld.com/en/models/1789091-f-caw-f-rooster-art-and-keychain</p>","15.99","","/keychains-charms","MakerWorld, Commercial-safe, Made to order, PLA, 3D print","No",""
"","","","15.99","","","","",""
"","","","15.99","","","","",""
"","","","15.99","","","","",""
"ams-paint-for-articulated-dog-thesirtiger-514283","AMS Paint for Articulated Dog (TheSirTiger)","<p><strong>AMS Paint For Articulated Dog (TheSirTiger)</strong> is a made-to-order PLA print based on the MakerWorld model <em>AMS Paint for Articulated Dog (TheSirTiger)</em> by KeyMan.</p><p>Useful as a practical desk, home, gift, or hobby accessory, it is printed after purchase in your selected color: Black, Yellow, White, Red. Each print is checked before shipping, with small layer lines normal for FDM 3D printing.</p><p>Made to order in the Bay Area. Processing time is typically 3-5 business days, and supply is unlimited because items are printed on demand.</p><p>Gallery images are MakerWorld creator images and/or rendered previews of the actual model, not photos of this exact made-to-order print.</p><p>Care: keep away from high heat, dishwashers, candles, and small children where parts may present a choking risk.</p><p>Attribution: AMS Paint for Articulated Dog (TheSirTiger) by KeyMan (@KeyMan98), MakerWorld model 514283, license CC0, source https://makerworld.com/en/models/514283-ams-paint-for-articulated-dog-thesirtiger</p>","18.49","","/toys-figures","MakerWorld, Commercial-safe, Made to order, PLA, 3D print","No",""
"","","","18.49","","","","",""
"","","","18.49","","","","",""
"","","","18.49","","","","",""
"deimos-vendetta-44-rainbow-six-siege-920201","Deimos Vendetta 44 Rainbow Six Siege","<p><strong>Deimos Vendetta 44 Rainbow Six Siege</strong> is a made-to-order PLA print based on the MakerWorld model <em>Deimos Vendetta .44 Rainbow Six Siege</em> by Demerdragon.</p><p>Useful as a practical desk, home, gift, or hobby accessory, it is printed after purchase in your selected color: Black, Yellow, White, Red. Each print is checked before shipping, with small layer lines normal for FDM 3D printing.</p><p>Made to order in the Bay Area. Processing time is typically 3-5 business days, and supply is unlimited because items are printed on demand.</p><p>Gallery images are MakerWorld creator images and/or rendered previews of the actual model, not photos of this exact made-to-order print.</p><p>Care: keep away from high heat, dishwashers, candles, and small children where parts may present a choking risk.</p><p>Attribution: Deimos Vendetta .44 Rainbow Six Siege by Demerdragon (@Demerdragon), MakerWorld model 920201, license BY-ND, source https://makerworld.com/en/models/920201-deimos-vendetta-44-rainbow-six-siege</p>","23.49","","/home-organization","MakerWorld, Commercial-safe, Made to order, PLA, 3D print","No",""
"","","","23.49","","","","",""
"","","","23.49","","","","",""
"","","","23.49","","","","",""
"stackable-milk-crates-with-print-in-place-pegs-2233484","Stackable Milk Crates with Print in Place Pegs","<p><strong>Stackable Milk Crates With Print In Place Pegs</strong> is a made-to-order PLA print based on the MakerWorld model <em>Stackable Milk Crates with Print in Place Pegs</em> by Generic Makerspace.</p><p>Useful as a practical desk, home, gift, or hobby accessory, it is printed after purchase in your selected color: Black, Yellow, White, Red. Each print is checked before shipping, with small layer lines normal for FDM 3D printing.</p><p>Made to order in the Bay Area. Processing time is typically 3-5 business days, and supply is unlimited because items are printed on demand.</p><p>Gallery images are MakerWorld creator images and/or rendered previews of the actual model, not photos of this exact made-to-order print.</p><p>Care: keep away from high heat, dishwashers, candles, and small children where parts may present a choking risk.</p><p>Attribution: Stackable Milk Crates with Print in Place Pegs by Generic Makerspace (@user_2163861189), MakerWorld model 2233484, license BY-SA, source https://makerworld.com/en/models/2233484-stackable-milk-crates-with-print-in-place-pegs</p>","15.99","","/home-organization","MakerWorld, Commercial-safe, Made to order, PLA, 3D print","No",""
"","","","15.99","","","","",""
"","","","15.99","","","","",""
"","","","15.99","","","","",""
"cake-topper-customizable-parametric-2331923","Cake Topper Customizable Parametric","<p><strong>Cake Topper Customizable Parametric</strong> is a made-to-order PLA print based on the MakerWorld model <em>Cake topper customizable parametric </em> by Grzegorz.</p><p>Useful as a practical desk, home, gift, or hobby accessory, it is printed after purchase in your selected color: Black, Yellow, White, Red. Each print is checked before shipping, with small layer lines normal for FDM 3D printing.</p><p>Made to order in the Bay Area. Processing time is typically 3-5 business days, and supply is unlimited because items are printed on demand.</p><p>Gallery images are MakerWorld creator images and/or rendered previews of the actual model, not photos of this exact made-to-order print.</p><p>Care: keep away from high heat, dishwashers, candles, and small children where parts may present a choking risk.</p><p>Attribution: Cake topper customizable parametric  by Grzegorz (@Strak), MakerWorld model 2331923, license CC0, source https://makerworld.com/en/models/2331923-cake-topper-customizable-parametric</p>","23.99","","/home-organization","MakerWorld, Commercial-safe, Made to order, PLA, 3D print","No",""
"","","","23.99","","","","",""
"","","","23.99","","","","",""
"","","","23.99","","","","",""
"borderlands-psycho-mask-1256437","Borderlands Psycho Mask","<p><strong>Borderlands Psycho Mask</strong> is a made-to-order PLA print based on the MakerWorld model <em>Borderlands psycho mask</em> by holyrelic.</p><p>Useful as a practical desk, home, gift, or hobby accessory, it is printed after purchase in your selected color: Black, Yellow, White, Red. Each print is checked before shipping, with small layer lines normal for FDM 3D printing.</p><p>Made to order in the Bay Area. Processing time is typically 3-5 business days, and supply is unlimited because items are printed on demand.</p><p>Gallery images are MakerWorld creator images and/or rendered previews of the actual model, not photos of this exact made-to-order print.</p><p>Care: keep away from high heat, dishwashers, candles, and small children where parts may present a choking risk.</p><p>Attribution: Borderlands psycho mask by holyrelic (@user_1125742703), MakerWorld model 1256437, license BY, source https://makerworld.com/en/models/1256437-borderlands-psycho-mask</p>","23.99","","/cosplay-props","MakerWorld, Commercial-safe, Made to order, PLA, 3D print","No",""
"","","","23.99","","","","",""
"","","","23.99","","","","",""
"","","","23.99","","","","",""
"ecojack-flow-of-fright-ecoflow-rapid-pro-x-cover-1792514","EcoJack: Flow of Fright- EcoFlow RAPID Pro X Cover","<p><strong>EcoJack: Flow Of Fright- EcoFlow RAPID Pro X Cover</strong> is a made-to-order PLA print based on the MakerWorld model <em>EcoJack: Flow of Fright- EcoFlow RAPID Pro X Cover</em> by Cryostatic.</p><p>Useful as a practical desk, home, gift, or hobby accessory, it is printed after purchase in your selected color: Black, Yellow, White, Red. Each print is checked before shipping, with small layer lines normal for FDM 3D printing.</p><p>Made to order in the Bay Area. Processing time is typically 3-5 business days, and supply is unlimited because items are printed on demand.</p><p>Gallery images are MakerWorld creator images and/or rendered previews of the actual model, not photos of this exact made-to-order print.</p><p>Care: keep away from high heat, dishwashers, candles, and small children where parts may present a choking risk.</p><p>Attribution: EcoJack: Flow of Fright- EcoFlow RAPID Pro X Cover by Cryostatic (@cryostatic), MakerWorld model 1792514, license BY, source https://makerworld.com/en/models/1792514-ecojack-flow-of-fright-ecoflow-rapid-pro-x-cover</p>","17.99","","/home-organization","MakerWorld, Commercial-safe, Made to order, PLA, 3D print","No",""
"","","","17.99","","","","",""
"","","","17.99","","","","",""
"","","","17.99","","","","",""
"105mm-he-bottle-bunker-w-pd-fidget-fuze-2069013","105mm HE Bottle Bunker W/PD Fidget Fuze","<p><strong>105mm HE Bottle Bunker W/PD Fidget Fuze</strong> is a made-to-order PLA print based on the MakerWorld model <em>105mm HE Bottle Bunker w/PD fidget fuze</em> by LinksLabs3D.</p><p>Useful as a practical desk, home, gift, or hobby accessory, it is printed after purchase in your selected color: Black, Yellow, White, Red. Each print is checked before shipping, with small layer lines normal for FDM 3D printing.</p><p>Made to order in the Bay Area. Processing time is typically 3-5 business days, and supply is unlimited because items are printed on demand.</p><p>Gallery images are MakerWorld creator images and/or rendered previews of the actual model, not photos of this exact made-to-order print.</p><p>Care: keep away from high heat, dishwashers, candles, and small children where parts may present a choking risk.</p><p>Attribution: 105mm HE Bottle Bunker w/PD fidget fuze by LinksLabs3D (@Linkslabs3D), MakerWorld model 2069013, license CC0, source https://makerworld.com/en/models/2069013-105mm-he-bottle-bunker-w-pd-fidget-fuze</p>","17.99","","/toys-figures","MakerWorld, Commercial-safe, Made to order, PLA, 3D print","No",""
"","","","17.99","","","","",""
"","","","17.99","","","","",""
"","","","17.99","","","","",""
"7-flexi-rex-christmas-edition-753695","7 Flexi Rex Christmas Edition","<p><strong>7 Flexi Rex Christmas Edition</strong> is a made-to-order PLA print based on the MakerWorld model <em>7 Flexi Rex Christmas Edition</em> by Miquel204151.</p><p>Useful as a practical desk, home, gift, or hobby accessory, it is printed after purchase in your selected color: Black, Yellow, White, Red. Each print is checked before shipping, with small layer lines normal for FDM 3D printing.</p><p>Made to order in the Bay Area. Processing time is typically 3-5 business days, and supply is unlimited because items are printed on demand.</p><p>Gallery images are MakerWorld creator images and/or rendered previews of the actual model, not photos of this exact made-to-order print.</p><p>Care: keep away from high heat, dishwashers, candles, and small children where parts may present a choking risk.</p><p>Attribution: 7 Flexi Rex Christmas Edition by Miquel204151 (@Miquel204151), MakerWorld model 753695, license BY-SA, source https://makerworld.com/en/models/753695-7-flexi-rex-christmas-edition</p>","11.49","","/holiday-seasonal","MakerWorld, Commercial-safe, Made to order, PLA, 3D print","No",""
"","","","11.49","","","","",""
"","","","11.49","","","","",""
"","","","11.49","","","","",""
"shingleback-lizard-flexi-keychain-484866","Shingleback Lizard Flexi Keychain","<p><strong>Shingleback Lizard Flexi Keychain</strong> is a made-to-order PLA print based on the MakerWorld model <em>Shingleback Lizard Flexi Keychain</em> by Zurlingo-3D.</p><p>Useful as a practical desk, home, gift, or hobby accessory, it is printed after purchase in your selected color: Black, Yellow, White, Red. Each print is checked before shipping, with small layer lines normal for FDM 3D printing.</p><p>Made to order in the Bay Area. Processing time is typically 3-5 business days, and supply is unlimited because items are printed on demand.</p><p>Gallery images are MakerWorld creator images and/or rendered previews of the actual model, not photos of this exact made-to-order print.</p><p>Care: keep away from high heat, dishwashers, candles, and small children where parts may present a choking risk.</p><p>Attribution: Shingleback Lizard Flexi Keychain by Zurlingo-3D (@Zurlingo3D), MakerWorld model 484866, license BY-SA, source https://makerworld.com/en/models/484866-shingleback-lizard-flexi-keychain</p>","15.99","","/keychains-charms","MakerWorld, Commercial-safe, Made to order, PLA, 3D print","No",""
"","","","15.99","","","","",""
"","","","15.99","","","","",""
"","","","15.99","","","","",""
"krampus-cat-decoration-844983","Krampus Cat Decoration","<p><strong>Krampus Cat Decoration</strong> is a made-to-order PLA print based on the MakerWorld model <em>Krampus Cat Decoration</em> by eclien.</p><p>Useful as a practical desk, home, gift, or hobby accessory, it is printed after purchase in your selected color: Black, Yellow, White, Red. Each print is checked before shipping, with small layer lines normal for FDM 3D printing.</p><p>Made to order in the Bay Area. Processing time is typically 3-5 business days, and supply is unlimited because items are printed on demand.</p><p>Gallery images are MakerWorld creator images and/or rendered previews of the actual model, not photos of this exact made-to-order print.</p><p>Care: keep away from high heat, dishwashers, candles, and small children where parts may present a choking risk.</p><p>Attribution: Krampus Cat Decoration by eclien (@eclien), MakerWorld model 844983, license BY-SA, source https://makerworld.com/en/models/844983-krampus-cat-decoration</p>","13.99","","/toys-figures","MakerWorld, Commercial-safe, Made to order, PLA, 3D print","No",""
"","","","13.99","","","","",""
"","","","13.99","","","","",""
"","","","13.99","","","","",""
"money-box-2153007","Money Box","<p><strong>Money Box</strong> is a made-to-order PLA print based on the MakerWorld model <em>Geldkassette</em> by JorisCreates3D.</p><p>Useful as a practical desk, home, gift, or hobby accessory, it is printed after purchase in your selected color: Black, Yellow, White, Red. Each print is checked before shipping, with small layer lines normal for FDM 3D printing.</p><p>Made to order in the Bay Area. Processing time is typically 3-5 business days, and supply is unlimited because items are printed on demand.</p><p>Gallery images are MakerWorld creator images and/or rendered previews of the actual model, not photos of this exact made-to-order print.</p><p>Care: keep away from high heat, dishwashers, candles, and small children where parts may present a choking risk.</p><p>Attribution: Geldkassette by JorisCreates3D (@joriscreates3d), MakerWorld model 2153007, license BY-ND, source https://makerworld.com/en/models/2153007-money-box</p>","27.99","","/home-organization","MakerWorld, Commercial-safe, Made to order, PLA, 3D print","No",""
"","","","27.99","","","","",""
"","","","27.99","","","","",""
"","","","27.99","","","","",""
"modular-modern-vase-572300","Modular Modern Vase","<p><strong>Modular Modern Vase</strong> is a made-to-order PLA print based on the MakerWorld model <em>Modular Modern Vase</em> by Bruno Teixeira.</p><p>Useful as a practical desk, home, gift, or hobby accessory, it is printed after purchase in your selected color: Black, Yellow, White, Red. Each print is checked before shipping, with small layer lines normal for FDM 3D printing.</p><p>Made to order in the Bay Area. Processing time is typically 3-5 business days, and supply is unlimited because items are printed on demand.</p><p>Gallery images are MakerWorld creator images and/or rendered previews of the actual model, not photos of this exact made-to-order print.</p><p>Care: keep away from high heat, dishwashers, candles, and small children where parts may present a choking risk.</p><p>Attribution: Modular Modern Vase by Bruno Teixeira (@calibre12), MakerWorld model 572300, license BY-SA, source https://makerworld.com/en/models/572300-modular-modern-vase</p>","19.99","","/decor-art","MakerWorld, Commercial-safe, Made to order, PLA, 3D print","No",""
"","","","19.99","","","","",""
"","","","19.99","","","","",""
"","","","19.99","","","","",""
"diy-printmaking-press-868931","DIY Printmaking Press","<p><strong>DIY Printmaking Press</strong> is a made-to-order PLA print based on the MakerWorld model <em>DIY Printmaking Press</em> by joaquin.picci.</p><p>Useful as a practical desk, home, gift, or hobby accessory, it is printed after purchase in your selected color: Black, Yellow, White, Red. Each print is checked before shipping, with small layer lines normal for FDM 3D printing.</p><p>Made to order in the Bay Area. Processing time is typically 3-5 business days, and supply is unlimited because items are printed on demand.</p><p>Gallery images are MakerWorld creator images and/or rendered previews of the actual model, not photos of this exact made-to-order print.</p><p>Care: keep away from high heat, dishwashers, candles, and small children where parts may present a choking risk.</p><p>Attribution: DIY Printmaking Press by joaquin.picci (@joaquin.picci), MakerWorld model 868931, license BY, source https://makerworld.com/en/models/868931-diy-printmaking-press</p>","19.49","","/general-3d-prints","MakerWorld, Commercial-safe, Made to order, PLA, 3D print","No",""
"","","","19.49","","","","",""
"","","","19.49","","","","",""
"","","","19.49","","","","",""
"cute-reindeer-flexi-print-in-place-61675","Cute Reindeer Flexi / Print in Place","<p><strong>Cute Reindeer Flexi / Print In Place</strong> is a made-to-order PLA print based on the MakerWorld model <em>Cute reindeer Flexi  / Print in Place</em> by Rom_Ka.</p><p>Useful as a practical desk, home, gift, or hobby accessory, it is printed after purchase in your selected color: Black, Yellow, White, Red. Each print is checked before shipping, with small layer lines normal for FDM 3D printing.</p><p>Made to order in the Bay Area. Processing time is typically 3-5 business days, and supply is unlimited because items are printed on demand.</p><p>Gallery images are MakerWorld creator images and/or rendered previews of the actual model, not photos of this exact made-to-order print.</p><p>Care: keep away from high heat, dishwashers, candles, and small children where parts may present a choking risk.</p><p>Attribution: Cute reindeer Flexi  / Print in Place by Rom_Ka (@Rom_Ka), MakerWorld model 61675, license BY-SA, source https://makerworld.com/en/models/61675-cute-reindeer-flexi-print-in-place</p>","17.99","","/holiday-seasonal","MakerWorld, Commercial-safe, Made to order, PLA, 3D print","No",""
"","","","17.99","","","","",""
"","","","17.99","","","","",""
"","","","17.99","","","","",""
"name-plate-generator-2064040","Name Plate Generator","<p><strong>Name Plate Generator</strong> is a made-to-order PLA print based on the MakerWorld model <em>Name Plate Generator</em> by DrShiela3DPrints.</p><p>Useful as a practical desk, home, gift, or hobby accessory, it is printed after purchase in your selected color: Black, Yellow, White, Red. Each print is checked before shipping, with small layer lines normal for FDM 3D printing.</p><p>Made to order in the Bay Area. Processing time is typically 3-5 business days, and supply is unlimited because items are printed on demand.</p><p>Gallery images are MakerWorld creator images and/or rendered previews of the actual model, not photos of this exact made-to-order print.</p><p>Care: keep away from high heat, dishwashers, candles, and small children where parts may present a choking risk.</p><p>Attribution: Name Plate Generator by DrShiela3DPrints (@DrShiela3DPrint), MakerWorld model 2064040, license BY-ND, source https://makerworld.com/en/models/2064040-name-plate-generator</p>","16.49","","/functional-parts-tools","MakerWorld, Commercial-safe, Made to order, PLA, 3D print","No",""
"","","","16.49","","","","",""
"","","","16.49","","","","",""
"","","","16.49","","","","",""
"wall-mounted-art-deco-lamp-command-strip-e26-e27-1062756","Wall Mounted Art Deco Lamp, Command Strip, E26/E27","<p><strong>Wall Mounted Art Deco Lamp, Command Strip, E26/E27</strong> is a made-to-order PLA print based on the MakerWorld model <em>Wall Mounted Art Deco Lamp, Command Strip, E26/E27</em> by jimcorner.</p><p>Useful as a practical desk, home, gift, or hobby accessory, it is printed after purchase in your selected color: Black, Yellow, White, Red. Each print is checked before shipping, with small layer lines normal for FDM 3D printing.</p><p>Made to order in the Bay Area. Processing time is typically 3-5 business days, and supply is unlimited because items are printed on demand.</p><p>Gallery images are MakerWorld creator images and/or rendered previews of the actual model, not photos of this exact made-to-order print.</p><p>Care: keep away from high heat, dishwashers, candles, and small children where parts may present a choking risk.</p><p>Attribution: Wall Mounted Art Deco Lamp, Command Strip, E26/E27 by jimcorner (@jimcorner), MakerWorld model 1062756, license BY, source https://makerworld.com/en/models/1062756-wall-mounted-art-deco-lamp-command-strip-e26-e27</p>","16.49","","/functional-parts-tools","MakerWorld, Commercial-safe, Made to order, PLA, 3D print","No",""
"","","","16.49","","","","",""
"","","","16.49","","","","",""
"","","","16.49","","","","",""
"christmas-tree-multiparts-1956522","Christmas Tree Multiparts","<p><strong>Christmas Tree Multiparts</strong> is a made-to-order PLA print based on the MakerWorld model <em>Christmas tree multiparts</em> by Litolunar.</p><p>Useful as a practical desk, home, gift, or hobby accessory, it is printed after purchase in your selected color: Black, Yellow, White, Red. Each print is checked before shipping, with small layer lines normal for FDM 3D printing.</p><p>Made to order in the Bay Area. Processing time is typically 3-5 business days, and supply is unlimited because items are printed on demand.</p><p>Gallery images are MakerWorld creator images and/or rendered previews of the actual model, not photos of this exact made-to-order print.</p><p>Care: keep away from high heat, dishwashers, candles, and small children where parts may present a choking risk.</p><p>Attribution: Christmas tree multiparts by Litolunar (@litolunar), MakerWorld model 1956522, license BY-SA, source https://makerworld.com/en/models/1956522-christmas-tree-multiparts</p>","21.99","","/holiday-seasonal","MakerWorld, Commercial-safe, Made to order, PLA, 3D print","No",""
"","","","21.99","","","","",""
"","","","21.99","","","","",""
"","","","21.99","","","","",""
"evolution-engine-harley-chopper-137143","Evolution Engine Harley Chopper","<p><strong>Evolution Engine Harley Chopper</strong> is a made-to-order PLA print based on the MakerWorld model <em>Evolution Engine Harley Chopper</em> by Bobberclub.</p><p>Useful as a practical desk, home, gift, or hobby accessory, it is printed after purchase in your selected color: Black, Yellow, White, Red. Each print is checked before shipping, with small layer lines normal for FDM 3D printing.</p><p>Made to order in the Bay Area. Processing time is typically 3-5 business days, and supply is unlimited because items are printed on demand.</p><p>Gallery images are MakerWorld creator images and/or rendered previews of the actual model, not photos of this exact made-to-order print.</p><p>Care: keep away from high heat, dishwashers, candles, and small children where parts may present a choking risk.</p><p>Attribution: Evolution Engine Harley Chopper by Bobberclub (@Bobberclub), MakerWorld model 137143, license BY, source https://makerworld.com/en/models/137143-evolution-engine-harley-chopper</p>","24.49","","/general-3d-prints","MakerWorld, Commercial-safe, Made to order, PLA, 3D print","No",""
"","","","24.49","","","","",""
"","","","24.49","","","","",""
"","","","24.49","","","","",""
"valdr-the-ruler-2322171","VALDR the Ruler","<p><strong>VALDR The Ruler</strong> is a made-to-order PLA print based on the MakerWorld model <em>VALDR the Ruler</em> by JudgeThor44.</p><p>Useful as a practical desk, home, gift, or hobby accessory, it is printed after purchase in your selected color: Black, Yellow, White, Red. Each print is checked before shipping, with small layer lines normal for FDM 3D printing.</p><p>Made to order in the Bay Area. Processing time is typically 3-5 business days, and supply is unlimited because items are printed on demand.</p><p>Gallery images are MakerWorld creator images and/or rendered previews of the actual model, not photos of this exact made-to-order print.</p><p>Care: keep away from high heat, dishwashers, candles, and small children where parts may present a choking risk.</p><p>Attribution: VALDR the Ruler by JudgeThor44 (@JudgeThor44), MakerWorld model 2322171, license BY-SA, source https://makerworld.com/en/models/2322171-valdr-the-ruler</p>","21.49","","/general-3d-prints","MakerWorld, Commercial-safe, Made to order, PLA, 3D print","No",""
"","","","21.49","","","","",""
"","","","21.49","","","","",""
"","","","21.49","","","","",""
"undead-king-skull-with-crown-1421903","Undead King - Skull with Crown","<p><strong>Undead King – Skull With Crown</strong> is a made-to-order PLA print based on the MakerWorld model <em>Undead King – Skull with Crown</em> by MagiczneDruki3D.</p><p>Useful as a practical desk, home, gift, or hobby accessory, it is printed after purchase in your selected color: Black, Yellow, White, Red. Each print is checked before shipping, with small layer lines normal for FDM 3D printing.</p><p>Made to order in the Bay Area. Processing time is typically 3-5 business days, and supply is unlimited because items are printed on demand.</p><p>Gallery images are MakerWorld creator images and/or rendered previews of the actual model, not photos of this exact made-to-order print.</p><p>Care: keep away from high heat, dishwashers, candles, and small children where parts may present a choking risk.</p><p>Attribution: Undead King – Skull with Crown by MagiczneDruki3D (@MagiczneDruki3D), MakerWorld model 1421903, license BY, source https://makerworld.com/en/models/1421903-undead-king-skull-with-crown</p>","19.99","","/holiday-seasonal","MakerWorld, Commercial-safe, Made to order, PLA, 3D print","No",""
"","","","19.99","","","","",""
"","","","19.99","","","","",""
"","","","19.99","","","","",""
"t-nut-for-2020-profile-2069300","T-NUT for 2020 Profile","<p><strong>T-NUT For 2020 Profile</strong> is a made-to-order PLA print based on the MakerWorld model <em>T-NUT for 2020 profile</em> by nisi1t.</p><p>Useful as a practical desk, home, gift, or hobby accessory, it is printed after purchase in your selected color: Black, Yellow, White, Red. Each print is checked before shipping, with small layer lines normal for FDM 3D printing.</p><p>Made to order in the Bay Area. Processing time is typically 3-5 business days, and supply is unlimited because items are printed on demand.</p><p>Gallery images are MakerWorld creator images and/or rendered previews of the actual model, not photos of this exact made-to-order print.</p><p>Care: keep away from high heat, dishwashers, candles, and small children where parts may present a choking risk.</p><p>Attribution: T-NUT for 2020 profile by nisi1t (@nisi1t), MakerWorld model 2069300, license BY, source https://makerworld.com/en/models/2069300-t-nut-for-2020-profile</p>","14.49","","/functional-parts-tools","MakerWorld, Commercial-safe, Made to order, PLA, 3D print","No",""
"","","","14.49","","","","",""
"","","","14.49","","","","",""
"","","","14.49","","","","",""
"yamaha-xv1600-roadstar-1219647","YAMAHA XV1600 ROADSTAR","<p><strong>YAMAHA XV1600 ROADSTAR</strong> is a made-to-order PLA print based on the MakerWorld model <em>YAMAHA_XV1600_ROADSTAR</em> by zzindori.</p><p>Useful as a practical desk, home, gift, or hobby accessory, it is printed after purchase in your selected color: Black, Yellow, White, Red. Each print is checked before shipping, with small layer lines normal for FDM 3D printing.</p><p>Made to order in the Bay Area. Processing time is typically 3-5 business days, and supply is unlimited because items are printed on demand.</p><p>Gallery images are MakerWorld creator images and/or rendered previews of the actual model, not photos of this exact made-to-order print.</p><p>Care: keep away from high heat, dishwashers, candles, and small children where parts may present a choking risk.</p><p>Attribution: YAMAHA_XV1600_ROADSTAR by zzindori (@jinsukYoon), MakerWorld model 1219647, license BY, source https://makerworld.com/en/models/1219647-yamaha_xv1600_roadstar</p>","20.49","","/general-3d-prints","MakerWorld, Commercial-safe, Made to order, PLA, 3D print","No",""
"","","","20.49","","","","",""
"","","","20.49","","","","",""
"","","","20.49","","","","",""
"creepy-hallowen-demon-mask-188282","Creepy Hallowen Demon Mask","<p><strong>Creepy Hallowen Demon Mask</strong> is a made-to-order PLA print based on the MakerWorld model <em>creepy hallowen demon mask</em> by 3Diplopia Studio.</p><p>Useful as a practical desk, home, gift, or hobby accessory, it is printed after purchase in your selected color: Black, Yellow, White, Red. Each print is checked before shipping, with small layer lines normal for FDM 3D printing.</p><p>Made to order in the Bay Area. Processing time is typically 3-5 business days, and supply is unlimited because items are printed on demand.</p><p>Gallery images are MakerWorld creator images and/or rendered previews of the actual model, not photos of this exact made-to-order print.</p><p>Care: keep away from high heat, dishwashers, candles, and small children where parts may present a choking risk.</p><p>Attribution: creepy hallowen demon mask by 3Diplopia Studio (@stfnlalli), MakerWorld model 188282, license BY, source https://makerworld.com/en/models/188282-creepy-hallowen-demon-mask</p>","22.49","","/toys-figures","MakerWorld, Commercial-safe, Made to order, PLA, 3D print","No",""
"","","","22.49","","","","",""
"","","","22.49","","","","",""
"","","","22.49","","","","",""
"sharpie-kubotan-insert-prop-toy-2158509","Sharpie Kubotan Insert Prop Toy","<p><strong>Sharpie Kubotan Insert Prop Toy</strong> is a made-to-order PLA print based on the MakerWorld model <em>Sharpie Kubotan Insert Prop Toy </em> by Austin’s Lab.</p><p>Useful as a practical desk, home, gift, or hobby accessory, it is printed after purchase in your selected color: Black, Yellow, White, Red. Each print is checked before shipping, with small layer lines normal for FDM 3D printing.</p><p>Made to order in the Bay Area. Processing time is typically 3-5 business days, and supply is unlimited because items are printed on demand.</p><p>Gallery images are MakerWorld creator images and/or rendered previews of the actual model, not photos of this exact made-to-order print.</p><p>Care: keep away from high heat, dishwashers, candles, and small children where parts may present a choking risk.</p><p>Attribution: Sharpie Kubotan Insert Prop Toy  by Austin’s Lab (@Ahansen2112), MakerWorld model 2158509, license CC0, source https://makerworld.com/en/models/2158509-sharpie-kubotan-insert-prop-toy</p>","15.99","","/toys-figures","MakerWorld, Commercial-safe, Made to order, PLA, 3D print","No",""
"","","","15.99","","","","",""
"","","","15.99","","","","",""
"","","","15.99","","","","",""
"gremlins-gizmo-love-1948439","Gremlins Gizmo Love","<p><strong>Gremlins Gizmo Love</strong> is a made-to-order PLA print based on the MakerWorld model <em>Gremlins Gizmo Love</em> by lemeneur.</p><p>Useful as a practical desk, home, gift, or hobby accessory, it is printed after purchase in your selected color: Black, Yellow, White, Red. Each print is checked before shipping, with small layer lines normal for FDM 3D printing.</p><p>Made to order in the Bay Area. Processing time is typically 3-5 business days, and supply is unlimited because items are printed on demand.</p><p>Gallery images are MakerWorld creator images and/or rendered previews of the actual model, not photos of this exact made-to-order print.</p><p>Care: keep away from high heat, dishwashers, candles, and small children where parts may present a choking risk.</p><p>Attribution: Gremlins Gizmo Love by lemeneur (@lemeneur), MakerWorld model 1948439, license BY-SA, source https://makerworld.com/en/models/1948439-gremlins-gizmo-love</p>","14.49","","/general-3d-prints","MakerWorld, Commercial-safe, Made to order, PLA, 3D print","No",""
"","","","14.49","","","","",""
"","","","14.49","","","","",""
"","","","14.49","","","","",""
"dungeons-and-dragons-dice-sword-1755561","Dungeons and Dragons Dice Sword","<p><strong>Dungeons And Dragons Dice Sword</strong> is a made-to-order PLA print based on the MakerWorld model <em>Dungeons and Dragons Dice Sword</em> by iNkosi3D.</p><p>Useful as a practical desk, home, gift, or hobby accessory, it is printed after purchase in your selected color: Black, Yellow, White, Red. Each print is checked before shipping, with small layer lines normal for FDM 3D printing.</p><p>Made to order in the Bay Area. Processing time is typically 3-5 business days, and supply is unlimited because items are printed on demand.</p><p>Gallery images are MakerWorld creator images and/or rendered previews of the actual model, not photos of this exact made-to-order print.</p><p>Care: keep away from high heat, dishwashers, candles, and small children where parts may present a choking risk.</p><p>Attribution: Dungeons and Dragons Dice Sword by iNkosi3D (@Amandla.moore), MakerWorld model 1755561, license BY-SA, source https://makerworld.com/en/models/1755561-dungeons-and-dragons-dice-sword</p>","17.99","","/toys-figures","MakerWorld, Commercial-safe, Made to order, PLA, 3D print","No",""
"","","","17.99","","","","",""
"","","","17.99","","","","",""
"","","","17.99","","","","",""
"judoka-keychain-586599","Judoka Keychain","<p><strong>Judoka Keychain</strong> is a made-to-order PLA print based on the MakerWorld model <em>Judoka keychain</em> by Moonee.</p><p>Useful as a practical desk, home, gift, or hobby accessory, it is printed after purchase in your selected color: Black, Yellow, White, Red. Each print is checked before shipping, with small layer lines normal for FDM 3D printing.</p><p>Made to order in the Bay Area. Processing time is typically 3-5 business days, and supply is unlimited because items are printed on demand.</p><p>Gallery images are MakerWorld creator images and/or rendered previews of the actual model, not photos of this exact made-to-order print.</p><p>Care: keep away from high heat, dishwashers, candles, and small children where parts may present a choking risk.</p><p>Attribution: Judoka keychain by Moonee (@moonee), MakerWorld model 586599, license CC0, source https://makerworld.com/en/models/586599-judoka-keychain</p>","13.99","","/keychains-charms","MakerWorld, Commercial-safe, Made to order, PLA, 3D print","No",""
"","","","13.99","","","","",""
"","","","13.99","","","","",""
"","","","13.99","","","","",""
"cat-hand-keychain-pack-1602506","Cat Hand Keychain Pack","<p><strong>Cat Hand Keychain Pack</strong> is a made-to-order PLA print based on the MakerWorld model <em>Cat Hand Keychain Pack</em> by Foo Simple 2D.</p><p>Useful as a practical desk, home, gift, or hobby accessory, it is printed after purchase in your selected color: Black, Yellow, White, Red. Each print is checked before shipping, with small layer lines normal for FDM 3D printing.</p><p>Made to order in the Bay Area. Processing time is typically 3-5 business days, and supply is unlimited because items are printed on demand.</p><p>Gallery images are MakerWorld creator images and/or rendered previews of the actual model, not photos of this exact made-to-order print.</p><p>Care: keep away from high heat, dishwashers, candles, and small children where parts may present a choking risk.</p><p>Attribution: Cat Hand Keychain Pack by Foo Simple 2D (@simple2d), MakerWorld model 1602506, license BY-SA, source https://makerworld.com/en/models/1602506-cat-hand-keychain-pack</p>","6.49","","/keychains-charms","MakerWorld, Commercial-safe, Made to order, PLA, 3D print","No",""
"","","","6.49","","","","",""
"","","","6.49","","","","",""
"","","","6.49","","","","",""
"bell-tealight-for-christmas-winter-decoration-1968226","Bell Tealight Holder for Christmas Winter Decoration","<p><strong>Bell Tealight For Christmas Winter Decoration</strong> is a made-to-order PLA print based on the MakerWorld model <em>Glocke Teelicht f&uuml;r Weihnachten Winter Deko</em> by Bonetti Laseratelier.</p><p><strong>Listing note:</strong> This listing is for the made-to-order 3D printed plastic part only. LED modules, candles, electronics, screens, light kits, and other non-printed accessories shown for context are not included unless explicitly stated.</p><p>Useful as a practical desk, home, gift, or hobby accessory, it is printed after purchase in your selected color: Black, Yellow, White, Red. Each print is checked before shipping, with small layer lines normal for FDM 3D printing.</p><p>Made to order in the Bay Area. Processing time is typically 3-5 business days, and supply is unlimited because items are printed on demand.</p><p>Gallery images are MakerWorld creator images and/or rendered previews of the actual model, not photos of this exact made-to-order print.</p><p>Care: keep away from high heat, dishwashers, candles, and small children where parts may present a choking risk.</p><p>Attribution: Glocke Teelicht f&uuml;r Weihnachten Winter Deko by Bonetti Laseratelier (@bonettilaser), MakerWorld model 1968226, license BY-ND, source https://makerworld.com/en/models/1968226-bell-tealight-for-christmas-winter-decoration</p>","19.99","","/holiday-seasonal","MakerWorld, Commercial-safe, Made to order, PLA, 3D print","No",""
"","","","19.99","","","","",""
"","","","19.99","","","","",""
"","","","19.99","","","","",""
"air-brush-turntable-1912937","Air Brush Turntable","<p><strong>Air Brush Turntable</strong> is a made-to-order PLA print based on the MakerWorld model <em>Air Brush Turntable</em> by LM Atelier.</p><p>Useful as a practical desk, home, gift, or hobby accessory, it is printed after purchase in your selected color: Black, Yellow, White, Red. Each print is checked before shipping, with small layer lines normal for FDM 3D printing.</p><p>Made to order in the Bay Area. Processing time is typically 3-5 business days, and supply is unlimited because items are printed on demand.</p><p>Gallery images are MakerWorld creator images and/or rendered previews of the actual model, not photos of this exact made-to-order print.</p><p>Care: keep away from high heat, dishwashers, candles, and small children where parts may present a choking risk.</p><p>Attribution: Air Brush Turntable by LM Atelier (@LMAtelier), MakerWorld model 1912937, license BY, source https://makerworld.com/en/models/1912937-air-brush-turntable</p>","18.49","","/home-organization","MakerWorld, Commercial-safe, Made to order, PLA, 3D print","No",""
"","","","18.49","","","","",""
"","","","18.49","","","","",""
"","","","18.49","","","","",""
"dark-elf-skull-with-demonic-horns-fantasy-bust-1451631","Dark Elf Skull with Demonic Horns - Fantasy Bust","<p><strong>Dark Elf Skull With Demonic Horns – Fantasy Bust</strong> is a made-to-order PLA print based on the MakerWorld model <em>Dark Elf Skull with Demonic Horns – Fantasy Bust</em> by MagiczneDruki3D.</p><p>Useful as a practical desk, home, gift, or hobby accessory, it is printed after purchase in your selected color: Black, Yellow, White, Red. Each print is checked before shipping, with small layer lines normal for FDM 3D printing.</p><p>Made to order in the Bay Area. Processing time is typically 3-5 business days, and supply is unlimited because items are printed on demand.</p><p>Gallery images are MakerWorld creator images and/or rendered previews of the actual model, not photos of this exact made-to-order print.</p><p>Care: keep away from high heat, dishwashers, candles, and small children where parts may present a choking risk.</p><p>Attribution: Dark Elf Skull with Demonic Horns – Fantasy Bust by MagiczneDruki3D (@MagiczneDruki3D), MakerWorld model 1451631, license BY, source https://makerworld.com/en/models/1451631-dark-elf-skull-with-demonic-horns-fantasy-bust</p>","17.99","","/holiday-seasonal","MakerWorld, Commercial-safe, Made to order, PLA, 3D print","No",""
"","","","17.99","","","","",""
"","","","17.99","","","","",""
"","","","17.99","","","","",""
"christmas-ornament-with-photo-68584","Christmas Ornament with Photo","<p><strong>Christmas Ornament With Photo</strong> is a made-to-order PLA print based on the MakerWorld model <em>Christmas ornament with photo</em> by rostap.</p><p>Useful as a practical desk, home, gift, or hobby accessory, it is printed after purchase in your selected color: Black, Yellow, White, Red. Each print is checked before shipping, with small layer lines normal for FDM 3D printing.</p><p>Made to order in the Bay Area. Processing time is typically 3-5 business days, and supply is unlimited because items are printed on demand.</p><p>Gallery images are MakerWorld creator images and/or rendered previews of the actual model, not photos of this exact made-to-order print.</p><p>Care: keep away from high heat, dishwashers, candles, and small children where parts may present a choking risk.</p><p>Attribution: Christmas ornament with photo by rostap (@rostap), MakerWorld model 68584, license BY-SA, source https://makerworld.com/en/models/68584-christmas-ornament-with-photo</p>","15.99","","/holiday-seasonal","MakerWorld, Commercial-safe, Made to order, PLA, 3D print","No",""
"","","","15.99","","","","",""
"","","","15.99","","","","",""
"","","","15.99","","","","",""
"chain-lube-overspray-protector-1386418","Chain Lube Overspray Protector","<p><strong>Chain Lube Overspray Protector</strong> is a made-to-order PLA print based on the MakerWorld model <em>Chain Lube Overspray Protector</em> by Karmelek.</p><p>Useful as a practical desk, home, gift, or hobby accessory, it is printed after purchase in your selected color: Black, Yellow, White, Red. Each print is checked before shipping, with small layer lines normal for FDM 3D printing.</p><p>Made to order in the Bay Area. Processing time is typically 3-5 business days, and supply is unlimited because items are printed on demand.</p><p>Gallery images are MakerWorld creator images and/or rendered previews of the actual model, not photos of this exact made-to-order print.</p><p>Care: keep away from high heat, dishwashers, candles, and small children where parts may present a choking risk.</p><p>Attribution: Chain Lube Overspray Protector by Karmelek (@user_168616595), MakerWorld model 1386418, license CC0, source https://makerworld.com/en/models/1386418-chain-lube-overspray-protector</p>","23.49","","/general-3d-prints","MakerWorld, Commercial-safe, Made to order, PLA, 3D print","No",""
"","","","23.49","","","","",""
"","","","23.49","","","","",""
"","","","23.49","","","","",""
"masquerade-mask-2244262","Masquerade Mask","<p><strong>Masquerade Mask</strong> is a made-to-order PLA print based on the MakerWorld model <em>Masquerade mask</em> by 3C3D.</p><p>Useful as a practical desk, home, gift, or hobby accessory, it is printed after purchase in your selected color: Black, Yellow, White, Red. Each print is checked before shipping, with small layer lines normal for FDM 3D printing.</p><p>Made to order in the Bay Area. Processing time is typically 3-5 business days, and supply is unlimited because items are printed on demand.</p><p>Gallery images are MakerWorld creator images and/or rendered previews of the actual model, not photos of this exact made-to-order print.</p><p>Care: keep away from high heat, dishwashers, candles, and small children where parts may present a choking risk.</p><p>Attribution: Masquerade mask by 3C3D (@ThreeC3D), MakerWorld model 2244262, license BY-ND, source https://makerworld.com/en/models/2244262-masquerade-mask</p>","29.99","","/cosplay-props","MakerWorld, Commercial-safe, Made to order, PLA, 3D print","No",""
"","","","29.99","","","","",""
"","","","29.99","","","","",""
"","","","29.99","","","","",""
"articulated-replica-fn-herstal-p90-2150487","Articulated Replica FN Herstal P90","<p><strong>Articulated Replica FN Herstal P90</strong> is a made-to-order PLA print based on the MakerWorld model <em>Articulated replica FN Herstal P90</em> by Isambard King Kong Brunel.</p><p>Useful as a practical desk, home, gift, or hobby accessory, it is printed after purchase in your selected color: Black, Yellow, White, Red. Each print is checked before shipping, with small layer lines normal for FDM 3D printing.</p><p>Made to order in the Bay Area. Processing time is typically 3-5 business days, and supply is unlimited because items are printed on demand.</p><p>Gallery images are MakerWorld creator images and/or rendered previews of the actual model, not photos of this exact made-to-order print.</p><p>Care: keep away from high heat, dishwashers, candles, and small children where parts may present a choking risk.</p><p>Attribution: Articulated replica FN Herstal P90 by Isambard King Kong Brunel (@user_4283977244), MakerWorld model 2150487, license BY-SA, source https://makerworld.com/en/models/2150487-articulated-replica-fn-herstal-p90</p>","19.99","","/toys-figures","MakerWorld, Commercial-safe, Made to order, PLA, 3D print","No",""
"","","","19.99","","","","",""
"","","","19.99","","","","",""
"","","","19.99","","","","",""
"airsoft-target-with-automatic-bb-collection-tray-2216447","Airsoft Target with Automatic BB Collection Tray","<p><strong>Airsoft Target With Automatic BB Collection Tray</strong> is a made-to-order PLA print based on the MakerWorld model <em>Airsoft Target with Automatic BB Collection Tray</em> by BlootBroers.</p><p>Useful as a practical desk, home, gift, or hobby accessory, it is printed after purchase in your selected color: Black, Yellow, White, Red. Each print is checked before shipping, with small layer lines normal for FDM 3D printing.</p><p>Made to order in the Bay Area. Processing time is typically 3-5 business days, and supply is unlimited because items are printed on demand.</p><p>Gallery images are MakerWorld creator images and/or rendered previews of the actual model, not photos of this exact made-to-order print.</p><p>Care: keep away from high heat, dishwashers, candles, and small children where parts may present a choking risk.</p><p>Attribution: Airsoft Target with Automatic BB Collection Tray by BlootBroers (@Blootbroers23), MakerWorld model 2216447, license BY, source https://makerworld.com/en/models/2216447-airsoft-target-with-automatic-bb-collection-tray</p>","19.99","","/home-organization","MakerWorld, Commercial-safe, Made to order, PLA, 3D print","No",""
"","","","19.99","","","","",""
"","","","19.99","","","","",""
"","","","19.99","","","","",""
"a6-notepad-for-ultimate-dnd-players-kit-2242199","A6 Notepad for Ultimate D&D Players Kit","<p><strong>A6 Notepad For Ultimate DND Players Kit</strong> is a made-to-order PLA print based on the MakerWorld model <em>A6 Notepad for Ultimate DND Players Kit</em> by AlexD.</p><p>Useful as a practical desk, home, gift, or hobby accessory, it is printed after purchase in your selected color: Black, Yellow, White, Red. Each print is checked before shipping, with small layer lines normal for FDM 3D printing.</p><p>Made to order in the Bay Area. Processing time is typically 3-5 business days, and supply is unlimited because items are printed on demand.</p><p>Gallery images are MakerWorld creator images and/or rendered previews of the actual model, not photos of this exact made-to-order print.</p><p>Care: keep away from high heat, dishwashers, candles, and small children where parts may present a choking risk.</p><p>Attribution: A6 Notepad for Ultimate DND Players Kit by AlexD (@alexdenton), MakerWorld model 2242199, license BY-SA, source https://makerworld.com/en/models/2242199-a6-notepad-for-ultimate-dnd-players-kit</p>","17.99","","/general-3d-prints","MakerWorld, Commercial-safe, Made to order, PLA, 3D print","No",""
"","","","17.99","","","","",""
"","","","17.99","","","","",""
"","","","17.99","","","","",""
"firefighter-helmet-2165244","Firefighter Helmet","<p><strong>Firefighter Helmet</strong> is a made-to-order PLA print based on the MakerWorld model <em>Firefighter Helmet</em> by Laundry.</p><p>Useful as a practical desk, home, gift, or hobby accessory, it is printed after purchase in your selected color: Black, Yellow, White, Red. Each print is checked before shipping, with small layer lines normal for FDM 3D printing.</p><p>Made to order in the Bay Area. Processing time is typically 3-5 business days, and supply is unlimited because items are printed on demand.</p><p>Gallery images are MakerWorld creator images and/or rendered previews of the actual model, not photos of this exact made-to-order print.</p><p>Care: keep away from high heat, dishwashers, candles, and small children where parts may present a choking risk.</p><p>Attribution: Firefighter Helmet by Laundry (@Laundry), MakerWorld model 2165244, license CC0, source https://makerworld.com/en/models/2165244-firefighter-helmet</p>","24.49","","/cosplay-props","MakerWorld, Commercial-safe, Made to order, PLA, 3D print","No",""
"","","","24.49","","","","",""
"","","","24.49","","","","",""
"","","","24.49","","","","",""
"nagant-m1895-2338748","Nagant M1895","<p><strong>Nagant M1895</strong> is a made-to-order PLA print based on the MakerWorld model <em>Nagant M1895</em> by Revolver.</p><p>Useful as a practical desk, home, gift, or hobby accessory, it is printed after purchase in your selected color: Black, Yellow, White, Red. Each print is checked before shipping, with small layer lines normal for FDM 3D printing.</p><p>Made to order in the Bay Area. Processing time is typically 3-5 business days, and supply is unlimited because items are printed on demand.</p><p>Gallery images are MakerWorld creator images and/or rendered previews of the actual model, not photos of this exact made-to-order print.</p><p>Care: keep away from high heat, dishwashers, candles, and small children where parts may present a choking risk.</p><p>Attribution: Nagant M1895 by Revolver (@vanar), MakerWorld model 2338748, license BY, source https://makerworld.com/en/models/2338748-nagant-m1895</p>","19.99","","/general-3d-prints","MakerWorld, Commercial-safe, Made to order, PLA, 3D print","No",""
"","","","19.99","","","","",""
"","","","19.99","","","","",""
"","","","19.99","","","","",""
"alien-xenomorph-maintenance-hatch-display-prop-1794111","Alien Xenomorph Maintenance Hatch -Display Prop","<p><strong>Alien Xenomorph Maintenance Hatch -Display Prop</strong> is a made-to-order PLA print based on the MakerWorld model <em>Alien Xenomorph Maintenance Hatch -Display Prop</em> by weirdo1.</p><p>Useful as a practical desk, home, gift, or hobby accessory, it is printed after purchase in your selected color: Black, Yellow, White, Red. Each print is checked before shipping, with small layer lines normal for FDM 3D printing.</p><p>Made to order in the Bay Area. Processing time is typically 3-5 business days, and supply is unlimited because items are printed on demand.</p><p>Gallery images are MakerWorld creator images and/or rendered previews of the actual model, not photos of this exact made-to-order print.</p><p>Care: keep away from high heat, dishwashers, candles, and small children where parts may present a choking risk.</p><p>Attribution: Alien Xenomorph Maintenance Hatch -Display Prop by weirdo1 (@user_1904808180), MakerWorld model 1794111, license BY-SA, source https://makerworld.com/en/models/1794111-alien-xenomorph-maintenance-hatch-display-prop</p>","21.99","","/decor-art","MakerWorld, Commercial-safe, Made to order, PLA, 3D print","No",""
"","","","21.99","","","","",""
"","","","21.99","","","","",""
"","","","21.99","","","","",""
"wwe-announce-table-2023-model-2316573","Wwe Announce Table 2023 Model","<p><strong>Wwe Announce Table 2023 Model</strong> is a made-to-order PLA print based on the MakerWorld model <em>wwe announce table 2023 model</em> by Jethro lee.</p><p>Useful as a practical desk, home, gift, or hobby accessory, it is printed after purchase in your selected color: Black, Yellow, White, Red. Each print is checked before shipping, with small layer lines normal for FDM 3D printing.</p><p>Made to order in the Bay Area. Processing time is typically 3-5 business days, and supply is unlimited because items are printed on demand.</p><p>Gallery images are MakerWorld creator images and/or rendered previews of the actual model, not photos of this exact made-to-order print.</p><p>Care: keep away from high heat, dishwashers, candles, and small children where parts may present a choking risk.</p><p>Attribution: wwe announce table 2023 model by Jethro lee (@Jethro_Flynn208), MakerWorld model 2316573, license BY, source https://makerworld.com/en/models/2316573-wwe-announce-table-2023-model</p>","15.99","","/toys-figures","MakerWorld, Commercial-safe, Made to order, PLA, 3D print","No",""
"","","","15.99","","","","",""
"","","","15.99","","","","",""
"","","","15.99","","","","",""
"cowboy-hat-keychain-pendant-2155253","Cowboy Hat Keychain/Pendant","<p><strong>Cowboy Hat Keychain/Pendant</strong> is a made-to-order PLA print based on the MakerWorld model <em>Llavero/Colgante de Sombrero Vaquero</em> by Baja_Maker.</p><p>Useful as a practical desk, home, gift, or hobby accessory, it is printed after purchase in your selected color: Black, Yellow, White, Red. Each print is checked before shipping, with small layer lines normal for FDM 3D printing.</p><p>Made to order in the Bay Area. Processing time is typically 3-5 business days, and supply is unlimited because items are printed on demand.</p><p>Gallery images are MakerWorld creator images and/or rendered previews of the actual model, not photos of this exact made-to-order print.</p><p>Care: keep away from high heat, dishwashers, candles, and small children where parts may present a choking risk.</p><p>Attribution: Llavero/Colgante de Sombrero Vaquero by Baja_Maker (@Baja_Maker), MakerWorld model 2155253, license BY-ND, source https://makerworld.com/en/models/2155253-cowboy-hat-keychain-pendant</p>","13.99","","/keychains-charms","MakerWorld, Commercial-safe, Made to order, PLA, 3D print","No",""
"","","","13.99","","","","",""
"","","","13.99","","","","",""
"","","","13.99","","","","",""
"sea-dragon-116152","Sea Dragon","<p><strong>Sea Dragon</strong> is a made-to-order PLA print based on the MakerWorld model <em>sea dragon</em> by davidkelly021.</p><p>Useful as a practical desk, home, gift, or hobby accessory, it is printed after purchase in your selected color: Black, Yellow, White, Red. Each print is checked before shipping, with small layer lines normal for FDM 3D printing.</p><p>Made to order in the Bay Area. Processing time is typically 3-5 business days, and supply is unlimited because items are printed on demand.</p><p>Gallery images are MakerWorld creator images and/or rendered previews of the actual model, not photos of this exact made-to-order print.</p><p>Care: keep away from high heat, dishwashers, candles, and small children where parts may present a choking risk.</p><p>Attribution: sea dragon by davidkelly021 (@davidkelly021), MakerWorld model 116152, license BY-ND, source https://makerworld.com/en/models/116152-sea-dragon</p>","15.99","","/toys-figures","MakerWorld, Commercial-safe, Made to order, PLA, 3D print","No",""
"","","","15.99","","","","",""
"","","","15.99","","","","",""
"","","","15.99","","","","",""
"m821-81mm-mortar-1913206","M821 81mm Mortar","<p><strong>M821 81mm Mortar</strong> is a made-to-order PLA print based on the MakerWorld model <em>M821 81mm Mortar</em> by pixelhub.</p><p>Useful as a practical desk, home, gift, or hobby accessory, it is printed after purchase in your selected color: Black, Yellow, White, Red. Each print is checked before shipping, with small layer lines normal for FDM 3D printing.</p><p>Made to order in the Bay Area. Processing time is typically 3-5 business days, and supply is unlimited because items are printed on demand.</p><p>Gallery images are MakerWorld creator images and/or rendered previews of the actual model, not photos of this exact made-to-order print.</p><p>Care: keep away from high heat, dishwashers, candles, and small children where parts may present a choking risk.</p><p>Attribution: M821 81mm Mortar by pixelhub (@pixelhub), MakerWorld model 1913206, license CC0, source https://makerworld.com/en/models/1913206-m821-81mm-mortar</p>","21.99","","/general-3d-prints","MakerWorld, Commercial-safe, Made to order, PLA, 3D print","No",""
"","","","21.99","","","","",""
"","","","21.99","","","","",""
"","","","21.99","","","","",""
"apex-blade-r99-1742276","APEX Blade R99","<p><strong>APEX Blade R99</strong> is a made-to-order PLA print based on the MakerWorld model <em>APEX刀刃r99</em> by 一一得一.</p><p>Useful as a practical desk, home, gift, or hobby accessory, it is printed after purchase in your selected color: Black, Yellow, White, Red. Each print is checked before shipping, with small layer lines normal for FDM 3D printing.</p><p>Made to order in the Bay Area. Processing time is typically 3-5 business days, and supply is unlimited because items are printed on demand.</p><p>Gallery images are MakerWorld creator images and/or rendered previews of the actual model, not photos of this exact made-to-order print.</p><p>Care: keep away from high heat, dishwashers, candles, and small children where parts may present a choking risk.</p><p>Attribution: APEX刀刃r99 by 一一得一 (@user_763276081), MakerWorld model 1742276, license CC0, source https://makerworld.com/en/models/1742276-apex-blade-r99</p>","24.49","","/general-3d-prints","MakerWorld, Commercial-safe, Made to order, PLA, 3D print","No",""
"","","","24.49","","","","",""
"","","","24.49","","","","",""
"","","","24.49","","","","",""
"articulated-personalized-christmas-ornament-2039868","Articulated Personalized Christmas Ornament","<p><strong>Articulated Personalized Christmas Ornament</strong> is a made-to-order PLA print based on the MakerWorld model <em>Bola de navidad personalizada articulada</em> by Luis David.</p><p>Useful as a practical desk, home, gift, or hobby accessory, it is printed after purchase in your selected color: Black, Yellow, White, Red. Each print is checked before shipping, with small layer lines normal for FDM 3D printing.</p><p>Made to order in the Bay Area. Processing time is typically 3-5 business days, and supply is unlimited because items are printed on demand.</p><p>Gallery images are MakerWorld creator images and/or rendered previews of the actual model, not photos of this exact made-to-order print.</p><p>Care: keep away from high heat, dishwashers, candles, and small children where parts may present a choking risk.</p><p>Attribution: Bola de navidad personalizada articulada by Luis David (@luisdbetancor), MakerWorld model 2039868, license BY, source https://makerworld.com/en/models/2039868-articulated-personalized-christmas-ornament</p>","15.49","","/holiday-seasonal","MakerWorld, Commercial-safe, Made to order, PLA, 3D print","No",""
"","","","15.49","","","","",""
"","","","15.49","","","","",""
"","","","15.49","","","","",""
"harley-davidson-lamp-1785824","Harley Davidson Lamp Shade/Body","<p><strong>Harley Davidson Lamp Shade/Body</strong> is a made-to-order PLA print based on the MakerWorld model <em>lampe Harley Davidson</em> by tanguy.</p><p><strong>Listing note:</strong> This listing is for the made-to-order 3D printed plastic part only. LED modules, candles, electronics, screens, light kits, and other non-printed accessories shown for context are not included unless explicitly stated.</p><p>Useful as a practical desk, home, gift, or hobby accessory, it is printed after purchase in your selected color: Black, Yellow, White, Red. Each print is checked before shipping, with small layer lines normal for FDM 3D printing.</p><p>Made to order in the Bay Area. Processing time is typically 3-5 business days, and supply is unlimited because items are printed on demand.</p><p>Gallery images are MakerWorld creator images and/or rendered previews of the actual model, not photos of this exact made-to-order print.</p><p>Care: keep away from high heat, dishwashers, candles, and small children where parts may present a choking risk.</p><p>Attribution: lampe Harley Davidson by tanguy (@tanguy59), MakerWorld model 1785824, license BY-ND, source https://makerworld.com/en/models/1785824-harley-davidson-lamp</p>","25.99","","/decor-art","MakerWorld, Commercial-safe, Made to order, PLA, 3D print","No",""
"","","","25.99","","","","",""
"","","","25.99","","","","",""
"","","","25.99","","","","",""
"zero-supports-snorts-new-pig-in-town-articulated-print-in-place-239285","Zero Supports! ""Snorts"" New Pig in Town! Articulated Print in Place","<p><strong>Zero Supports! &quot;Snorts&quot; New Pig In Town! Articulated Print In Place</strong> is a made-to-order PLA print based on the MakerWorld model <em>Zero supports! &quot;Snorts&quot; New pig in town! Articulated print in place</em> by AcmeArt.</p><p>Useful as a practical desk, home, gift, or hobby accessory, it is printed after purchase in your selected color: Black, Yellow, White, Red. Each print is checked before shipping, with small layer lines normal for FDM 3D printing.</p><p>Made to order in the Bay Area. Processing time is typically 3-5 business days, and supply is unlimited because items are printed on demand.</p><p>Gallery images are MakerWorld creator images and/or rendered previews of the actual model, not photos of this exact made-to-order print.</p><p>Care: keep away from high heat, dishwashers, candles, and small children where parts may present a choking risk.</p><p>Attribution: Zero supports! &quot;Snorts&quot; New pig in town! Articulated print in place by AcmeArt (@AcmeArt), MakerWorld model 239285, license BY-ND, source https://makerworld.com/en/models/239285-zero-supports-snorts-new-pig-in-town-articulated-p</p>","14.49","","/toys-figures","MakerWorld, Commercial-safe, Made to order, PLA, 3D print","No",""
"","","","14.49","","","","",""
"","","","14.49","","","","",""
"","","","14.49","","","","",""
"m4-airsoft-stand-467757","M4 Airsoft Stand","<p><strong>M4 Airsoft Stand</strong> is a made-to-order PLA print based on the MakerWorld model <em>M4 airsoft stand</em> by KP design.</p><p>Useful as a practical desk, home, gift, or hobby accessory, it is printed after purchase in your selected color: Black, Yellow, White, Red. Each print is checked before shipping, with small layer lines normal for FDM 3D printing.</p><p>Made to order in the Bay Area. Processing time is typically 3-5 business days, and supply is unlimited because items are printed on demand.</p><p>Gallery images are MakerWorld creator images and/or rendered previews of the actual model, not photos of this exact made-to-order print.</p><p>Care: keep away from high heat, dishwashers, candles, and small children where parts may present a choking risk.</p><p>Attribution: M4 airsoft stand by KP design (@KPdesign), MakerWorld model 467757, license BY-SA, source https://makerworld.com/en/models/467757-m4-airsoft-stand</p>","23.99","","/desk-office","MakerWorld, Commercial-safe, Made to order, PLA, 3D print","No",""
"","","","23.99","","","","",""
"","","","23.99","","","","",""
"","","","23.99","","","","",""
"flexi-lazy-worm-articulated-fidget-worm-496895","Flexi Lazy Worm - Articulated Fidget Worm","<p><strong>Flexi Lazy Worm - Articulated Fidget Worm</strong> is a made-to-order PLA print based on the MakerWorld model <em>Flexi lazy worm - articulated fidget worm </em> by Boring Memories 3D.</p><p>Useful as a practical desk, home, gift, or hobby accessory, it is printed after purchase in your selected color: Black, Yellow, White, Red. Each print is checked before shipping, with small layer lines normal for FDM 3D printing.</p><p>Made to order in the Bay Area. Processing time is typically 3-5 business days, and supply is unlimited because items are printed on demand.</p><p>Gallery images are MakerWorld creator images and/or rendered previews of the actual model, not photos of this exact made-to-order print.</p><p>Care: keep away from high heat, dishwashers, candles, and small children where parts may present a choking risk.</p><p>Attribution: Flexi lazy worm - articulated fidget worm  by Boring Memories 3D (@Bormemo3d), MakerWorld model 496895, license CC0, source https://makerworld.com/en/models/496895-flexi-lazy-worm-articulated-fidget-worm</p>","19.99","","/toys-figures","MakerWorld, Commercial-safe, Made to order, PLA, 3D print","No",""
"","","","19.99","","","","",""
"","","","19.99","","","","",""
"","","","19.99","","","","",""
"extension-cable-holder-696229","Extension Cable Holder","<p><strong>Extension Cable Holder</strong> is a made-to-order PLA print based on the MakerWorld model <em>Extension cable holder</em> by Ainon3Dprint.</p><p>Useful as a practical desk, home, gift, or hobby accessory, it is printed after purchase in your selected color: Black, Yellow, White, Red. Each print is checked before shipping, with small layer lines normal for FDM 3D printing.</p><p>Made to order in the Bay Area. Processing time is typically 3-5 business days, and supply is unlimited because items are printed on demand.</p><p>Gallery images are MakerWorld creator images and/or rendered previews of the actual model, not photos of this exact made-to-order print.</p><p>Care: keep away from high heat, dishwashers, candles, and small children where parts may present a choking risk.</p><p>Attribution: Extension cable holder by Ainon3Dprint (@Ainon3Dprint), MakerWorld model 696229, license BY, source https://makerworld.com/en/models/696229-extension-cable-holder</p>","21.49","","/home-organization","MakerWorld, Commercial-safe, Made to order, PLA, 3D print","No",""
"","","","21.49","","","","",""
"","","","21.49","","","","",""
"","","","21.49","","","","",""
"wall-lamp-applique-industrial-473161","Wall Lamp/Applique Industrial Shade/Body","<p><strong>Wall Lamp/Applique Industrial Shade/Body</strong> is a made-to-order PLA print based on the MakerWorld model <em>Wall lamp/applique industrial</em> by Zorzet90.</p><p><strong>Listing note:</strong> This listing is for the made-to-order 3D printed plastic part only. LED modules, candles, electronics, screens, light kits, and other non-printed accessories shown for context are not included unless explicitly stated.</p><p>Useful as a practical desk, home, gift, or hobby accessory, it is printed after purchase in your selected color: Black, Yellow, White, Red. Each print is checked before shipping, with small layer lines normal for FDM 3D printing.</p><p>Made to order in the Bay Area. Processing time is typically 3-5 business days, and supply is unlimited because items are printed on demand.</p><p>Gallery images are MakerWorld creator images and/or rendered previews of the actual model, not photos of this exact made-to-order print.</p><p>Care: keep away from high heat, dishwashers, candles, and small children where parts may present a choking risk.</p><p>Attribution: Wall lamp/applique industrial by Zorzet90 (@Zorzet90), MakerWorld model 473161, license BY-SA, source https://makerworld.com/en/models/473161-wall-lamp-applique-industrial</p>","22.49","","/decor-art","MakerWorld, Commercial-safe, Made to order, PLA, 3D print","No",""
"","","","22.49","","","","",""
"","","","22.49","","","","",""
"","","","22.49","","","","",""
"modern-led-lamp-1247789","Modern LED Lamp Shade/Body","<p><strong>Modern LED Lamp Shade/Body</strong> is a made-to-order PLA print based on the MakerWorld model <em>Modern LED Lamp</em> by PrintAllDay.</p><p><strong>Listing note:</strong> This listing is for the made-to-order 3D printed plastic part only. LED modules, candles, electronics, screens, light kits, and other non-printed accessories shown for context are not included unless explicitly stated.</p><p>Useful as a practical desk, home, gift, or hobby accessory, it is printed after purchase in your selected color: Black, Yellow, White, Red. Each print is checked before shipping, with small layer lines normal for FDM 3D printing.</p><p>Made to order in the Bay Area. Processing time is typically 3-5 business days, and supply is unlimited because items are printed on demand.</p><p>Gallery images are MakerWorld creator images and/or rendered previews of the actual model, not photos of this exact made-to-order print.</p><p>Care: keep away from high heat, dishwashers, candles, and small children where parts may present a choking risk.</p><p>Attribution: Modern LED Lamp by PrintAllDay (@NuIIPointer), MakerWorld model 1247789, license BY-SA, source https://makerworld.com/en/models/1247789-modern-led-lamp</p>","27.99","","/decor-art","MakerWorld, Commercial-safe, Made to order, PLA, 3D print","No",""
"","","","27.99","","","","",""
"","","","27.99","","","","",""
"","","","27.99","","","","",""
"giant-heart-990842","Giant Heart","<p><strong>Giant Heart</strong> is a made-to-order PLA print based on the MakerWorld model <em>Giant Heart </em> by Toshu_Japan.</p><p>Useful as a practical desk, home, gift, or hobby accessory, it is printed after purchase in your selected color: Black, Yellow, White, Red. Each print is checked before shipping, with small layer lines normal for FDM 3D printing.</p><p>Made to order in the Bay Area. Processing time is typically 3-5 business days, and supply is unlimited because items are printed on demand.</p><p>Gallery images are MakerWorld creator images and/or rendered previews of the actual model, not photos of this exact made-to-order print.</p><p>Care: keep away from high heat, dishwashers, candles, and small children where parts may present a choking risk.</p><p>Attribution: Giant Heart  by Toshu_Japan (@Toshu_Japan), MakerWorld model 990842, license CC0, source https://makerworld.com/en/models/990842-giant-heart</p>","13.49","","/decor-art","MakerWorld, Commercial-safe, Made to order, PLA, 3D print","No",""
"","","","13.49","","","","",""
"","","","13.49","","","","",""
"","","","13.49","","","","",""
"colored-pencil-organizer-parametric-1903969","Colored Pencil Organizer [Parametric]","<p><strong>Colored Pencil Organizer [Parametric]</strong> is a made-to-order PLA print based on the MakerWorld model <em>Colored Pencil Organizer [Parametric]</em> by jaminv.</p><p>Useful as a practical desk, home, gift, or hobby accessory, it is printed after purchase in your selected color: Black, Yellow, White, Red. Each print is checked before shipping, with small layer lines normal for FDM 3D printing.</p><p>Made to order in the Bay Area. Processing time is typically 3-5 business days, and supply is unlimited because items are printed on demand.</p><p>Gallery images are MakerWorld creator images and/or rendered previews of the actual model, not photos of this exact made-to-order print.</p><p>Care: keep away from high heat, dishwashers, candles, and small children where parts may present a choking risk.</p><p>Attribution: Colored Pencil Organizer [Parametric] by jaminv (@jaminvanderberg), MakerWorld model 1903969, license CC0, source https://makerworld.com/en/models/1903969-colored-pencil-organizer-parametric</p>","21.99","","/home-organization","MakerWorld, Commercial-safe, Made to order, PLA, 3D print","No",""
"","","","21.99","","","","",""
"","","","21.99","","","","",""
"","","","21.99","","","","",""
"wood-panels-for-the-thousand-sunny-model-1374886","Wood Panels for the Thousand Sunny Model","<p><strong>Wood Panels For The Thousand Sunny Model</strong> is a made-to-order PLA print based on the MakerWorld model <em>Wood Panels for the Thousand Sunny model</em> by dino24t.</p><p>Useful as a practical desk, home, gift, or hobby accessory, it is printed after purchase in your selected color: Black, Yellow, White, Red. Each print is checked before shipping, with small layer lines normal for FDM 3D printing.</p><p>Made to order in the Bay Area. Processing time is typically 3-5 business days, and supply is unlimited because items are printed on demand.</p><p>Gallery images are MakerWorld creator images and/or rendered previews of the actual model, not photos of this exact made-to-order print.</p><p>Care: keep away from high heat, dishwashers, candles, and small children where parts may present a choking risk.</p><p>Attribution: Wood Panels for the Thousand Sunny model by dino24t (@dino24t), MakerWorld model 1374886, license BY, source https://makerworld.com/en/models/1374886-wood-panels-for-the-thousand-sunny-model</p>","13.99","","/general-3d-prints","MakerWorld, Commercial-safe, Made to order, PLA, 3D print","No",""
"","","","13.99","","","","",""
"","","","13.99","","","","",""
"","","","13.99","","","","",""
"nativity-lithophane-bell-859348","Nativity Lithophane Bell","<p><strong>Nativity Lithophane Bell</strong> is a made-to-order PLA print based on the MakerWorld model <em>Nativity Lithophane Bell</em> by khawk7708.</p><p>Useful as a practical desk, home, gift, or hobby accessory, it is printed after purchase in your selected color: Black, Yellow, White, Red. Each print is checked before shipping, with small layer lines normal for FDM 3D printing.</p><p>Made to order in the Bay Area. Processing time is typically 3-5 business days, and supply is unlimited because items are printed on demand.</p><p>Gallery images are MakerWorld creator images and/or rendered previews of the actual model, not photos of this exact made-to-order print.</p><p>Care: keep away from high heat, dishwashers, candles, and small children where parts may present a choking risk.</p><p>Attribution: Nativity Lithophane Bell by khawk7708 (@khawk7708), MakerWorld model 859348, license CC0, source https://makerworld.com/en/models/859348-nativity-lithophane-bell</p>","19.49","","/home-organization","MakerWorld, Commercial-safe, Made to order, PLA, 3D print","No",""
"","","","19.49","","","","",""
"","","","19.49","","","","",""
"","","","19.49","","","","",""
"140mm-angle-fan-riser-1914143","140mm Angle Fan Riser","<p><strong>140mm Angle Fan Riser</strong> is a made-to-order PLA print based on the MakerWorld model <em>140mm Angle Fan Riser </em> by JChimpo138.</p><p>Useful as a practical desk, home, gift, or hobby accessory, it is printed after purchase in your selected color: Black, Yellow, White, Red. Each print is checked before shipping, with small layer lines normal for FDM 3D printing.</p><p>Made to order in the Bay Area. Processing time is typically 3-5 business days, and supply is unlimited because items are printed on demand.</p><p>Gallery images are MakerWorld creator images and/or rendered previews of the actual model, not photos of this exact made-to-order print.</p><p>Care: keep away from high heat, dishwashers, candles, and small children where parts may present a choking risk.</p><p>Attribution: 140mm Angle Fan Riser  by JChimpo138 (@jchimpo138), MakerWorld model 1914143, license BY, source https://makerworld.com/en/models/1914143-140mm-angle-fan-riser</p>","12.49","","/general-3d-prints","MakerWorld, Commercial-safe, Made to order, PLA, 3D print","No",""
"","","","12.49","","","","",""
"","","","12.49","","","","",""
"","","","12.49","","","","",""
"magnetic-elegoo-saturn-3-ultra-drip-mount-2057355","(Magnetic) Elegoo Saturn 3 (Ultra) Drip Mount","<p><strong>(Magnetic) Elegoo Saturn 3 (Ultra) Drip Mount</strong> is a made-to-order PLA print based on the MakerWorld model <em>(Magnetic) Elegoo Saturn 3 (Ultra) Drip Mount</em> by LabCrow.</p><p>Useful as a practical desk, home, gift, or hobby accessory, it is printed after purchase in your selected color: Black, Yellow, White, Red. Each print is checked before shipping, with small layer lines normal for FDM 3D printing.</p><p>Made to order in the Bay Area. Processing time is typically 3-5 business days, and supply is unlimited because items are printed on demand.</p><p>Gallery images are MakerWorld creator images and/or rendered previews of the actual model, not photos of this exact made-to-order print.</p><p>Care: keep away from high heat, dishwashers, candles, and small children where parts may present a choking risk.</p><p>Attribution: (Magnetic) Elegoo Saturn 3 (Ultra) Drip Mount by LabCrow (@LabCrow), MakerWorld model 2057355, license BY, source https://makerworld.com/en/models/2057355-magnetic-elegoo-saturn-3-ultra-drip-mount</p>","15.99","","/functional-parts-tools","MakerWorld, Commercial-safe, Made to order, PLA, 3D print","No",""
"","","","15.99","","","","",""
"","","","15.99","","","","",""
"","","","15.99","","","","",""
"numbers-0-to-9-81681","Numbers 0 to 9","<p><strong>Numbers 0 To 9</strong> is a made-to-order PLA print based on the MakerWorld model <em>Numbers 0 to 9</em> by ypedal.</p><p>Useful as a practical desk, home, gift, or hobby accessory, it is printed after purchase in your selected color: Black, Yellow, White, Red. Each print is checked before shipping, with small layer lines normal for FDM 3D printing.</p><p>Made to order in the Bay Area. Processing time is typically 3-5 business days, and supply is unlimited because items are printed on demand.</p><p>Gallery images are MakerWorld creator images and/or rendered previews of the actual model, not photos of this exact made-to-order print.</p><p>Care: keep away from high heat, dishwashers, candles, and small children where parts may present a choking risk.</p><p>Attribution: Numbers 0 to 9 by ypedal (@ypedal), MakerWorld model 81681, license CC0, source https://makerworld.com/en/models/81681-numbers-0-to-9</p>","20.49","","/general-3d-prints","MakerWorld, Commercial-safe, Made to order, PLA, 3D print","No",""
"","","","20.49","","","","",""
"","","","20.49","","","","",""
"","","","20.49","","","","",""
"dont-forget-me-penny-2142665","Dont Forget Me Penny","<p><strong>Dont Forget Me Penny</strong> is a made-to-order PLA print based on the MakerWorld model <em>Dont forget me Penny</em> by Relicsempire.</p><p>Useful as a practical desk, home, gift, or hobby accessory, it is printed after purchase in your selected color: Black, Yellow, White, Red. Each print is checked before shipping, with small layer lines normal for FDM 3D printing.</p><p>Made to order in the Bay Area. Processing time is typically 3-5 business days, and supply is unlimited because items are printed on demand.</p><p>Gallery images are MakerWorld creator images and/or rendered previews of the actual model, not photos of this exact made-to-order print.</p><p>Care: keep away from high heat, dishwashers, candles, and small children where parts may present a choking risk.</p><p>Attribution: Dont forget me Penny by Relicsempire (@Relicsempire), MakerWorld model 2142665, license BY-ND, source https://makerworld.com/en/models/2142665-dont-forget-me-penny</p>","19.99","","/desk-office","MakerWorld, Commercial-safe, Made to order, PLA, 3D print","No",""
"","","","19.99","","","","",""
"","","","19.99","","","","",""
"","","","19.99","","","","",""
"lotus-lamp-739670","Lotus Lamp Shade/Body","<p><strong>Lotus Lamp Shade/Body</strong> is a made-to-order PLA print based on the MakerWorld model <em>Lotus Lamp</em> by Chris Bobo.</p><p><strong>Listing note:</strong> This listing is for the made-to-order 3D printed plastic part only. LED modules, candles, electronics, screens, light kits, and other non-printed accessories shown for context are not included unless explicitly stated.</p><p>Useful as a practical desk, home, gift, or hobby accessory, it is printed after purchase in your selected color: Black, Yellow, White, Red. Each print is checked before shipping, with small layer lines normal for FDM 3D printing.</p><p>Made to order in the Bay Area. Processing time is typically 3-5 business days, and supply is unlimited because items are printed on demand.</p><p>Gallery images are MakerWorld creator images and/or rendered previews of the actual model, not photos of this exact made-to-order print.</p><p>Care: keep away from high heat, dishwashers, candles, and small children where parts may present a choking risk.</p><p>Attribution: Lotus Lamp by Chris Bobo (@ChrisViolaNerd), MakerWorld model 739670, license BY-SA, source https://makerworld.com/en/models/739670-lotus-lamp</p>","17.99","","/decor-art","MakerWorld, Commercial-safe, Made to order, PLA, 3D print","No",""
"","","","17.99","","","","",""
"","","","17.99","","","","",""
"","","","17.99","","","","",""
"moon-globe-for-ceiling-light-1998098","Moon Globe for Ceiling Light","<p><strong>Moon Globe For Ceiling Light</strong> is a made-to-order PLA print based on the MakerWorld model <em>Moon Globe for ceiling light</em> by LochStar.</p><p>Useful as a practical desk, home, gift, or hobby accessory, it is printed after purchase in your selected color: Black, Yellow, White, Red. Each print is checked before shipping, with small layer lines normal for FDM 3D printing.</p><p>Made to order in the Bay Area. Processing time is typically 3-5 business days, and supply is unlimited because items are printed on demand.</p><p>Gallery images are MakerWorld creator images and/or rendered previews of the actual model, not photos of this exact made-to-order print.</p><p>Care: keep away from high heat, dishwashers, candles, and small children where parts may present a choking risk.</p><p>Attribution: Moon Globe for ceiling light by LochStar (@LochStar81), MakerWorld model 1998098, license BY-SA, source https://makerworld.com/en/models/1998098-moon-globe-for-ceiling-light</p>","27.49","","/decor-art","MakerWorld, Commercial-safe, Made to order, PLA, 3D print","No",""
"","","","27.49","","","","",""
"","","","27.49","","","","",""
"","","","27.49","","","","",""
"folded-lamp-shade-1321671","Folded Lamp Shade","<p><strong>Folded Lamp Shade</strong> is a made-to-order PLA print based on the MakerWorld model <em>Folded Lamp Shade</em> by UqdesignDigital.</p><p>Useful as a practical desk, home, gift, or hobby accessory, it is printed after purchase in your selected color: Black, Yellow, White, Red. Each print is checked before shipping, with small layer lines normal for FDM 3D printing.</p><p>Made to order in the Bay Area. Processing time is typically 3-5 business days, and supply is unlimited because items are printed on demand.</p><p>Gallery images are MakerWorld creator images and/or rendered previews of the actual model, not photos of this exact made-to-order print.</p><p>Care: keep away from high heat, dishwashers, candles, and small children where parts may present a choking risk.</p><p>Attribution: Folded Lamp Shade by UqdesignDigital (@uroosna), MakerWorld model 1321671, license CC0, source https://makerworld.com/en/models/1321671-folded-lamp-shade</p>","23.99","","/decor-art","MakerWorld, Commercial-safe, Made to order, PLA, 3D print","No",""
"","","","23.99","","","","",""
"","","","23.99","","","","",""
"","","","23.99","","","","",""
"love-typography-vase-2285524","LOVE Typography Vase","<p><strong>LOVE Typography Vase</strong> is a made-to-order PLA print based on the MakerWorld model <em>LOVE typography Vase</em> by STUDIO KHOA.</p><p>Useful as a practical desk, home, gift, or hobby accessory, it is printed after purchase in your selected color: Black, Yellow, White, Red. Each print is checked before shipping, with small layer lines normal for FDM 3D printing.</p><p>Made to order in the Bay Area. Processing time is typically 3-5 business days, and supply is unlimited because items are printed on demand.</p><p>Gallery images are MakerWorld creator images and/or rendered previews of the actual model, not photos of this exact made-to-order print.</p><p>Care: keep away from high heat, dishwashers, candles, and small children where parts may present a choking risk.</p><p>Attribution: LOVE typography Vase by STUDIO KHOA (@STD_KHOA), MakerWorld model 2285524, license CC0, source https://makerworld.com/en/models/2285524-love-typography-vase</p>","17.99","","/decor-art","MakerWorld, Commercial-safe, Made to order, PLA, 3D print","No",""
"","","","17.99","","","","",""
"","","","17.99","","","","",""
"","","","17.99","","","","",""
"boho-frame-ornaments-2053147","Boho Frame Ornaments","<p><strong>Boho Frame Ornaments</strong> is a made-to-order PLA print based on the MakerWorld model <em>Boho Frame Ornaments</em> by Ada &amp; K 3DA.</p><p>Useful as a practical desk, home, gift, or hobby accessory, it is printed after purchase in your selected color: Black, Yellow, White, Red. Each print is checked before shipping, with small layer lines normal for FDM 3D printing.</p><p>Made to order in the Bay Area. Processing time is typically 3-5 business days, and supply is unlimited because items are printed on demand.</p><p>Gallery images are MakerWorld creator images and/or rendered previews of the actual model, not photos of this exact made-to-order print.</p><p>Care: keep away from high heat, dishwashers, candles, and small children where parts may present a choking risk.</p><p>Attribution: Boho Frame Ornaments by Ada &amp; K 3DA (@Artizmee), MakerWorld model 2053147, license BY, source https://makerworld.com/en/models/2053147-boho-frame-ornaments</p>","13.99","","/holiday-seasonal","MakerWorld, Commercial-safe, Made to order, PLA, 3D print","No",""
"","","","13.99","","","","",""
"","","","13.99","","","","",""
"","","","13.99","","","","",""
"xbox-controller-stand-1023460","Xbox Controller Stand","<p><strong>Xbox Controller Stand</strong> is a made-to-order PLA print based on the MakerWorld model <em>Xbox controller stand</em> by ⃟.</p><p>Useful as a practical desk, home, gift, or hobby accessory, it is printed after purchase in your selected color: Black, Yellow, White, Red. Each print is checked before shipping, with small layer lines normal for FDM 3D printing.</p><p>Made to order in the Bay Area. Processing time is typically 3-5 business days, and supply is unlimited because items are printed on demand.</p><p>Gallery images are MakerWorld creator images and/or rendered previews of the actual model, not photos of this exact made-to-order print.</p><p>Care: keep away from high heat, dishwashers, candles, and small children where parts may present a choking risk.</p><p>Attribution: Xbox controller stand by ⃟ (@bababoi2222), MakerWorld model 1023460, license BY, source https://makerworld.com/en/models/1023460-xbox-controller-stand</p>","23.49","","/home-organization","MakerWorld, Commercial-safe, Made to order, PLA, 3D print","No",""
"","","","23.49","","","","",""
"","","","23.49","","","","",""
"","","","23.49","","","","",""
"phone-stand-2272160","Phone Stand","<p><strong>Phone Stand</strong> is a made-to-order PLA print based on the MakerWorld model <em>Phone Stand</em> by Mikzzy.</p><p>Useful as a practical desk, home, gift, or hobby accessory, it is printed after purchase in your selected color: Black, Yellow, White, Red. Each print is checked before shipping, with small layer lines normal for FDM 3D printing.</p><p>Made to order in the Bay Area. Processing time is typically 3-5 business days, and supply is unlimited because items are printed on demand.</p><p>Gallery images are MakerWorld creator images and/or rendered previews of the actual model, not photos of this exact made-to-order print.</p><p>Care: keep away from high heat, dishwashers, candles, and small children where parts may present a choking risk.</p><p>Attribution: Phone Stand by Mikzzy (@Mikzzy), MakerWorld model 2272160, license BY-SA, source https://makerworld.com/en/models/2272160-phone-stand</p>","23.49","","/desk-office","MakerWorld, Commercial-safe, Made to order, PLA, 3D print","No",""
"","","","23.49","","","","",""
"","","","23.49","","","","",""
"","","","23.49","","","","",""
"phone-clip-for-ps4-718585","Phone Clip for PS4","<p><strong>Phone Clip For PS4</strong> is a made-to-order PLA print based on the MakerWorld model <em>phone clip for PS4 </em> by Rafa Barajas.</p><p>Useful as a practical desk, home, gift, or hobby accessory, it is printed after purchase in your selected color: Black, Yellow, White, Red. Each print is checked before shipping, with small layer lines normal for FDM 3D printing.</p><p>Made to order in the Bay Area. Processing time is typically 3-5 business days, and supply is unlimited because items are printed on demand.</p><p>Gallery images are MakerWorld creator images and/or rendered previews of the actual model, not photos of this exact made-to-order print.</p><p>Care: keep away from high heat, dishwashers, candles, and small children where parts may present a choking risk.</p><p>Attribution: phone clip for PS4  by Rafa Barajas (@Bugeo3D), MakerWorld model 718585, license BY, source https://makerworld.com/en/models/718585-phone-clip-for-ps4</p>","13.99","","/desk-office","MakerWorld, Commercial-safe, Made to order, PLA, 3D print","No",""
"","","","13.99","","","","",""
"","","","13.99","","","","",""
"","","","13.99","","","","",""
"keychain-heart-love-1081032","Keychain Heart Love","<p><strong>Keychain Heart Love</strong> is a made-to-order PLA print based on the MakerWorld model <em>Keychain Heart Love</em> by AlemDeIdeias3D.</p><p>Useful as a practical desk, home, gift, or hobby accessory, it is printed after purchase in your selected color: Black, Yellow, White, Red. Each print is checked before shipping, with small layer lines normal for FDM 3D printing.</p><p>Made to order in the Bay Area. Processing time is typically 3-5 business days, and supply is unlimited because items are printed on demand.</p><p>Gallery images are MakerWorld creator images and/or rendered previews of the actual model, not photos of this exact made-to-order print.</p><p>Care: keep away from high heat, dishwashers, candles, and small children where parts may present a choking risk.</p><p>Attribution: Keychain Heart Love by AlemDeIdeias3D (@alemdeideias3d), MakerWorld model 1081032, license CC0, source https://makerworld.com/en/models/1081032-keychain-heart-love</p>","13.49","","/keychains-charms","MakerWorld, Commercial-safe, Made to order, PLA, 3D print","No",""
"","","","13.49","","","","",""
"","","","13.49","","","","",""
"","","","13.49","","","","",""
"7-segment-display-2126033","7-Segment Display","<p><strong>7-Segment Display</strong> is a made-to-order PLA print based on the MakerWorld model <em>7-Segmentanzeige</em> by user_3099764177.</p><p>Useful as a practical desk, home, gift, or hobby accessory, it is printed after purchase in your selected color: Black, Yellow, White, Red. Each print is checked before shipping, with small layer lines normal for FDM 3D printing.</p><p>Made to order in the Bay Area. Processing time is typically 3-5 business days, and supply is unlimited because items are printed on demand.</p><p>Gallery images are MakerWorld creator images and/or rendered previews of the actual model, not photos of this exact made-to-order print.</p><p>Care: keep away from high heat, dishwashers, candles, and small children where parts may present a choking risk.</p><p>Attribution: 7-Segmentanzeige by user_3099764177 (@user_3099764177), MakerWorld model 2126033, license CC0, source https://makerworld.com/en/models/2126033-7-segment-display</p>","17.99","","/decor-art","MakerWorld, Commercial-safe, Made to order, PLA, 3D print","No",""
"","","","17.99","","","","",""
"","","","17.99","","","","",""
"","","","17.99","","","","",""
"drone-form-business-card-holder-521546","Drone Form Business Card Holder","<p><strong>Drone Form Business Card Holder</strong> is a made-to-order PLA print based on the MakerWorld model <em>Drone Form Business Card Holder</em> by r.cheeks.</p><p>Useful as a practical desk, home, gift, or hobby accessory, it is printed after purchase in your selected color: Black, Yellow, White, Red. Each print is checked before shipping, with small layer lines normal for FDM 3D printing.</p><p>Made to order in the Bay Area. Processing time is typically 3-5 business days, and supply is unlimited because items are printed on demand.</p><p>Gallery images are MakerWorld creator images and/or rendered previews of the actual model, not photos of this exact made-to-order print.</p><p>Care: keep away from high heat, dishwashers, candles, and small children where parts may present a choking risk.</p><p>Attribution: Drone Form Business Card Holder by r.cheeks (@r.cheeks), MakerWorld model 521546, license BY-SA, source https://makerworld.com/en/models/521546-drone-form-business-card-holder</p>","17.99","","/home-organization","MakerWorld, Commercial-safe, Made to order, PLA, 3D print","No",""
"","","","17.99","","","","",""
"","","","17.99","","","","",""
"","","","17.99","","","","",""
"heart-box-print-in-place-53543","Heart Box ♡ Print-In-Place","<p><strong>Heart Box ♡ Print-In-Place</strong> is a made-to-order PLA print based on the MakerWorld model <em>Heart Box ♡ Print-in-place</em> by Triple G Workshop.</p><p>Useful as a practical desk, home, gift, or hobby accessory, it is printed after purchase in your selected color: Black, Yellow, White, Red. Each print is checked before shipping, with small layer lines normal for FDM 3D printing.</p><p>Made to order in the Bay Area. Processing time is typically 3-5 business days, and supply is unlimited because items are printed on demand.</p><p>Gallery images are MakerWorld creator images and/or rendered previews of the actual model, not photos of this exact made-to-order print.</p><p>Care: keep away from high heat, dishwashers, candles, and small children where parts may present a choking risk.</p><p>Attribution: Heart Box ♡ Print-in-place by Triple G Workshop (@TripleGWorkshop), MakerWorld model 53543, license BY, source https://makerworld.com/en/models/53543-heart-box-print-in-place</p>","19.49","","/toys-figures","MakerWorld, Commercial-safe, Made to order, PLA, 3D print","No",""
"","","","19.49","","","","",""
"","","","19.49","","","","",""
"","","","19.49","","","","",""
"fake-iphone-17-1928035","Fake iPhone 17","<p><strong>Fake Iphone 17</strong> is a made-to-order PLA print based on the MakerWorld model <em>fake iphone 17</em> by wiktor pł.</p><p>Useful as a practical desk, home, gift, or hobby accessory, it is printed after purchase in your selected color: Black, Yellow, White, Red. Each print is checked before shipping, with small layer lines normal for FDM 3D printing.</p><p>Made to order in the Bay Area. Processing time is typically 3-5 business days, and supply is unlimited because items are printed on demand.</p><p>Gallery images are MakerWorld creator images and/or rendered previews of the actual model, not photos of this exact made-to-order print.</p><p>Care: keep away from high heat, dishwashers, candles, and small children where parts may present a choking risk.</p><p>Attribution: fake iphone 17 by wiktor pł (@wiktor_pl), MakerWorld model 1928035, license CC0, source https://makerworld.com/en/models/1928035-fake-iphone-17</p>","14.49","","/desk-office","MakerWorld, Commercial-safe, Made to order, PLA, 3D print","No",""
"","","","14.49","","","","",""
"","","","14.49","","","","",""
"","","","14.49","","","","",""
"cable-gripper-wire-dispenser-filament-clutch-648292","Cable Gripper / Wire Dispenser / Filament Clutch","<p><strong>Cable Gripper / Wire Dispenser / Filament Clutch</strong> is a made-to-order PLA print based on the MakerWorld model <em>Cable Gripper / Wire Dispenser / Filament  Clutch</em> by NFC.</p><p>Useful as a practical desk, home, gift, or hobby accessory, it is printed after purchase in your selected color: Black, Yellow, White, Red. Each print is checked before shipping, with small layer lines normal for FDM 3D printing.</p><p>Made to order in the Bay Area. Processing time is typically 3-5 business days, and supply is unlimited because items are printed on demand.</p><p>Gallery images are MakerWorld creator images and/or rendered previews of the actual model, not photos of this exact made-to-order print.</p><p>Care: keep away from high heat, dishwashers, candles, and small children where parts may present a choking risk.</p><p>Attribution: Cable Gripper / Wire Dispenser / Filament  Clutch by NFC (@user_1254130294), MakerWorld model 648292, license BY-SA, source https://makerworld.com/en/models/648292-cable-gripper-wire-dispenser-filament-clutch</p>","13.49","","/desk-office","MakerWorld, Commercial-safe, Made to order, PLA, 3D print","No",""
"","","","13.49","","","","",""
"","","","13.49","","","","",""
"","","","13.49","","","","",""
"generator-parametric-vent-and-hole-covers-2322527","Generator - Parametric Vent and Hole Covers","<p><strong>Generator - Parametric Vent And Hole Covers</strong> is a made-to-order PLA print based on the MakerWorld model <em>Generator - Parametric Vent and Hole Covers</em> by MARCEL.</p><p>Useful as a practical desk, home, gift, or hobby accessory, it is printed after purchase in your selected color: Black, Yellow, White, Red. Each print is checked before shipping, with small layer lines normal for FDM 3D printing.</p><p>Made to order in the Bay Area. Processing time is typically 3-5 business days, and supply is unlimited because items are printed on demand.</p><p>Gallery images are MakerWorld creator images and/or rendered previews of the actual model, not photos of this exact made-to-order print.</p><p>Care: keep away from high heat, dishwashers, candles, and small children where parts may present a choking risk.</p><p>Attribution: Generator - Parametric Vent and Hole Covers by MARCEL (@MG3_3D), MakerWorld model 2322527, license CC0, source https://makerworld.com/en/models/2322527-generator-parametric-vent-and-hole-covers</p>","23.99","","/home-organization","MakerWorld, Commercial-safe, Made to order, PLA, 3D print","No",""
"","","","23.99","","","","",""
"","","","23.99","","","","",""
"","","","23.99","","","","",""
"halo-master-chief-universal-controller-holder-2086936","Halo Master Chief Universal Controller Holder","<p><strong>Halo Master Chief Universal Controller Holder</strong> is a made-to-order PLA print based on the MakerWorld model <em>Halo Master Chief Universal Controller Holder</em> by RobbosPrints.</p><p>Useful as a practical desk, home, gift, or hobby accessory, it is printed after purchase in your selected color: Black, Yellow, White, Red. Each print is checked before shipping, with small layer lines normal for FDM 3D printing.</p><p>Made to order in the Bay Area. Processing time is typically 3-5 business days, and supply is unlimited because items are printed on demand.</p><p>Gallery images are MakerWorld creator images and/or rendered previews of the actual model, not photos of this exact made-to-order print.</p><p>Care: keep away from high heat, dishwashers, candles, and small children where parts may present a choking risk.</p><p>Attribution: Halo Master Chief Universal Controller Holder by RobbosPrints (@RobbosPrints), MakerWorld model 2086936, license BY-SA, source https://makerworld.com/en/models/2086936-halo-master-chief-universal-controller-holder</p>","21.49","","/home-organization","MakerWorld, Commercial-safe, Made to order, PLA, 3D print","No",""
"","","","21.49","","","","",""
"","","","21.49","","","","",""
"","","","21.49","","","","",""
"desk-organizer-sticky-notes-airpods-and-more-1138662","Desk Organizer: Sticky Notes, Airpods and More","<p><strong>Desk Organizer: Sticky Notes, Airpods And More</strong> is a made-to-order PLA print based on the MakerWorld model <em>Desk organizer: sticky notes, airpods and more</em> by Saperi.</p><p>Useful as a practical desk, home, gift, or hobby accessory, it is printed after purchase in your selected color: Black, Yellow, White, Red. Each print is checked before shipping, with small layer lines normal for FDM 3D printing.</p><p>Made to order in the Bay Area. Processing time is typically 3-5 business days, and supply is unlimited because items are printed on demand.</p><p>Gallery images are MakerWorld creator images and/or rendered previews of the actual model, not photos of this exact made-to-order print.</p><p>Care: keep away from high heat, dishwashers, candles, and small children where parts may present a choking risk.</p><p>Attribution: Desk organizer: sticky notes, airpods and more by Saperi (@Saperi), MakerWorld model 1138662, license BY, source https://makerworld.com/en/models/1138662-desk-organizer-sticky-notes-airpods-and-more</p>","13.99","","/home-organization","MakerWorld, Commercial-safe, Made to order, PLA, 3D print","No",""
"","","","13.99","","","","",""
"","","","13.99","","","","",""
"","","","13.99","","","","",""
"soporte-movil-groot-115474","Soporte Movil Groot","<p><strong>Soporte Movil Groot</strong> is a made-to-order PLA print based on the MakerWorld model <em>soporte movil groot</em> by Mr chapuzas.</p><p>Useful as a practical desk, home, gift, or hobby accessory, it is printed after purchase in your selected color: Black, Yellow, White, Red. Each print is checked before shipping, with small layer lines normal for FDM 3D printing.</p><p>Made to order in the Bay Area. Processing time is typically 3-5 business days, and supply is unlimited because items are printed on demand.</p><p>Gallery images are MakerWorld creator images and/or rendered previews of the actual model, not photos of this exact made-to-order print.</p><p>Care: keep away from high heat, dishwashers, candles, and small children where parts may present a choking risk.</p><p>Attribution: soporte movil groot by Mr chapuzas (@Mr_chapuzas), MakerWorld model 115474, license BY-SA, source https://makerworld.com/en/models/115474-soporte-movil-groot</p>","15.49","","/general-3d-prints","MakerWorld, Commercial-safe, Made to order, PLA, 3D print","No",""
"","","","15.49","","","","",""
"","","","15.49","","","","",""
"","","","15.49","","","","",""
"wolfclan-war-helmet-2382477","Wolfclan War Helmet","<p><strong>Wolfclan War Helmet</strong> is a made-to-order PLA print based on the MakerWorld model <em>Wolfclan War helmet</em> by FrankBreda.</p><p>Useful as a practical desk, home, gift, or hobby accessory, it is printed after purchase in your selected color: Black, Yellow, White, Red. Each print is checked before shipping, with small layer lines normal for FDM 3D printing.</p><p>Made to order in the Bay Area. Processing time is typically 3-5 business days, and supply is unlimited because items are printed on demand.</p><p>Gallery images are MakerWorld creator images and/or rendered previews of the actual model, not photos of this exact made-to-order print.</p><p>Care: keep away from high heat, dishwashers, candles, and small children where parts may present a choking risk.</p><p>Attribution: Wolfclan War helmet by FrankBreda (@FrankBreda), MakerWorld model 2382477, license BY, source https://makerworld.com/en/models/2382477-wolfclan-war-helmet</p>","12.49","","/toys-figures","MakerWorld, Commercial-safe, Made to order, PLA, 3D print","No",""
"","","","12.49","","","","",""
"","","","12.49","","","","",""
"","","","12.49","","","","",""
"multi-color-name-keychain-with-ams-2128272","Multi-Color Name Keychain with AMS","<p><strong>Multi-Color Name Keychain With AMS</strong> is a made-to-order PLA print based on the MakerWorld model <em>Portachiavi con nome multicolore con AMS</em> by signo34.</p><p>Useful as a practical desk, home, gift, or hobby accessory, it is printed after purchase in your selected color: Black, Yellow, White, Red. Each print is checked before shipping, with small layer lines normal for FDM 3D printing.</p><p>Made to order in the Bay Area. Processing time is typically 3-5 business days, and supply is unlimited because items are printed on demand.</p><p>Gallery images are MakerWorld creator images and/or rendered previews of the actual model, not photos of this exact made-to-order print.</p><p>Care: keep away from high heat, dishwashers, candles, and small children where parts may present a choking risk.</p><p>Attribution: Portachiavi con nome multicolore con AMS by signo34 (@signo34), MakerWorld model 2128272, license BY, source https://makerworld.com/en/models/2128272-multi-color-name-keychain-with-ams</p>","10.49","","/keychains-charms","MakerWorld, Commercial-safe, Made to order, PLA, 3D print","No",""
"","","","10.49","","","","",""
"","","","10.49","","","","",""
"","","","10.49","","","","",""
"grogu-christmas-present-light-box-4-colors-64245","Grogu Christmas Present Light Box (4 Colors)","<p><strong>Grogu Christmas Present Light Box (4 Colors)</strong> is a made-to-order PLA print based on the MakerWorld model <em>Grogu Christmas present light box (4 colors)</em> by NotTooShabbyCreations.</p><p>Useful as a practical desk, home, gift, or hobby accessory, it is printed after purchase in your selected color: Black, Yellow, White, Red. Each print is checked before shipping, with small layer lines normal for FDM 3D printing.</p><p>Made to order in the Bay Area. Processing time is typically 3-5 business days, and supply is unlimited because items are printed on demand.</p><p>Gallery images are MakerWorld creator images and/or rendered previews of the actual model, not photos of this exact made-to-order print.</p><p>Care: keep away from high heat, dishwashers, candles, and small children where parts may present a choking risk.</p><p>Attribution: Grogu Christmas present light box (4 colors) by NotTooShabbyCreations (@NTSC), MakerWorld model 64245, license CC0, source https://makerworld.com/en/models/64245-grogu-christmas-present-light-box-4-colors</p>","25.99","","/holiday-seasonal","MakerWorld, Commercial-safe, Made to order, PLA, 3D print","No",""
"","","","25.99","","","","",""
"","","","25.99","","","","",""
"","","","25.99","","","","",""
"a-10-warthog-benchy-2372120","A-10 Warthog Benchy","<p><strong>A-10 Warthog Benchy</strong> is a made-to-order PLA print based on the MakerWorld model <em>A-10 Warthog Benchy</em> by btogs.</p><p>Useful as a practical desk, home, gift, or hobby accessory, it is printed after purchase in your selected color: Black, Yellow, White, Red. Each print is checked before shipping, with small layer lines normal for FDM 3D printing.</p><p>Made to order in the Bay Area. Processing time is typically 3-5 business days, and supply is unlimited because items are printed on demand.</p><p>Gallery images are MakerWorld creator images and/or rendered previews of the actual model, not photos of this exact made-to-order print.</p><p>Care: keep away from high heat, dishwashers, candles, and small children where parts may present a choking risk.</p><p>Attribution: A-10 Warthog Benchy by btogs (@btogs), MakerWorld model 2372120, license BY-SA, source https://makerworld.com/en/models/2372120-a-10-warthog-benchy</p>","15.49","","/decor-art","MakerWorld, Commercial-safe, Made to order, PLA, 3D print","No",""
"","","","15.49","","","","",""
"","","","15.49","","","","",""
"","","","15.49","","","","",""
"vaso-milkshake-nick-zootopia-2-2072970","Vaso Milkshake Nick, ZOOTOPIA 2","<p><strong>Vaso Milkshake Nick, ZOOTOPIA 2</strong> is a made-to-order PLA print based on the MakerWorld model <em>vaso milkshake nick, ZOOTOPIA 2</em> by MAXX 3D.</p><p>Useful as a practical desk, home, gift, or hobby accessory, it is printed after purchase in your selected color: Black, Yellow, White, Red. Each print is checked before shipping, with small layer lines normal for FDM 3D printing.</p><p>Made to order in the Bay Area. Processing time is typically 3-5 business days, and supply is unlimited because items are printed on demand.</p><p>Gallery images are MakerWorld creator images and/or rendered previews of the actual model, not photos of this exact made-to-order print.</p><p>Care: keep away from high heat, dishwashers, candles, and small children where parts may present a choking risk.</p><p>Attribution: vaso milkshake nick, ZOOTOPIA 2 by MAXX 3D (@Leandromax), MakerWorld model 2072970, license CC0, source https://makerworld.com/en/models/2072970-vaso-milkshake-nick-zootopia-2</p>","17.99","","/general-3d-prints","MakerWorld, Commercial-safe, Made to order, PLA, 3D print","No",""
"","","","17.99","","","","",""
"","","","17.99","","","","",""
"","","","17.99","","","","",""
"naughty-krampus-led-tealight-collection-2065888","Naughty Krampus LED Tealight Holder Collection","<p><strong>Naughty Krampus LED Tealight Holder Collection</strong> is a made-to-order PLA print based on the MakerWorld model <em>Naughty - Krampus LED tealight Collection</em> by RUMcajz.</p><p><strong>Listing note:</strong> This listing is for the made-to-order 3D printed plastic part only. LED modules, candles, electronics, screens, light kits, and other non-printed accessories shown for context are not included unless explicitly stated.</p><p>Useful as a practical desk, home, gift, or hobby accessory, it is printed after purchase in your selected color: Black, Yellow, White, Red. Each print is checked before shipping, with small layer lines normal for FDM 3D printing.</p><p>Made to order in the Bay Area. Processing time is typically 3-5 business days, and supply is unlimited because items are printed on demand.</p><p>Gallery images are MakerWorld creator images and/or rendered previews of the actual model, not photos of this exact made-to-order print.</p><p>Care: keep away from high heat, dishwashers, candles, and small children where parts may present a choking risk.</p><p>Attribution: Naughty - Krampus LED tealight Collection by RUMcajz (@RUMcajz), MakerWorld model 2065888, license BY, source https://makerworld.com/en/models/2065888-naughty-krampus-led-tealight-collection</p>","21.99","","/electronics-accessories","MakerWorld, Commercial-safe, Made to order, PLA, 3D print","No",""
"","","","21.99","","","","",""
"","","","21.99","","","","",""
"","","","21.99","","","","",""
"articulated-chumky-triceratops-1911842","Articulated Chumky Triceratops!","<p><strong>Articulated Chumky Triceratops!</strong> is a made-to-order PLA print based on the MakerWorld model <em>Articulated Chumky Triceratops!</em> by Waffly3D.</p><p>Useful as a practical desk, home, gift, or hobby accessory, it is printed after purchase in your selected color: Black, Yellow, White, Red. Each print is checked before shipping, with small layer lines normal for FDM 3D printing.</p><p>Made to order in the Bay Area. Processing time is typically 3-5 business days, and supply is unlimited because items are printed on demand.</p><p>Gallery images are MakerWorld creator images and/or rendered previews of the actual model, not photos of this exact made-to-order print.</p><p>Care: keep away from high heat, dishwashers, candles, and small children where parts may present a choking risk.</p><p>Attribution: Articulated Chumky Triceratops! by Waffly3D (@Waffly3D), MakerWorld model 1911842, license CC0, source https://makerworld.com/en/models/1911842-articulated-chumky-triceratops</p>","15.49","","/toys-figures","MakerWorld, Commercial-safe, Made to order, PLA, 3D print","No",""
"","","","15.49","","","","",""
"","","","15.49","","","","",""
"","","","15.49","","","","",""
"led-zeppelin-keychain-718655","LED Zeppelin Keychain","<p><strong>Led Zeppelin Keychain</strong> is a made-to-order PLA print based on the MakerWorld model <em>Led Zeppelin Keychain</em> by INE3DIT.</p><p>Useful as a practical desk, home, gift, or hobby accessory, it is printed after purchase in your selected color: Black, Yellow, White, Red. Each print is checked before shipping, with small layer lines normal for FDM 3D printing.</p><p>Made to order in the Bay Area. Processing time is typically 3-5 business days, and supply is unlimited because items are printed on demand.</p><p>Gallery images are MakerWorld creator images and/or rendered previews of the actual model, not photos of this exact made-to-order print.</p><p>Care: keep away from high heat, dishwashers, candles, and small children where parts may present a choking risk.</p><p>Attribution: Led Zeppelin Keychain by INE3DIT (@INE3DIT), MakerWorld model 718655, license BY-SA, source https://makerworld.com/en/models/718655-led-zeppelin-keychain</p>","10.49","","/keychains-charms","MakerWorld, Commercial-safe, Made to order, PLA, 3D print","No",""
"","","","10.49","","","","",""
"","","","10.49","","","","",""
"","","","10.49","","","","",""
"justin-led-name-sign-226569","""Justin"" LED Name Sign Frame","<p><strong>&quot;Justin&quot; LED Name Sign</strong> is a made-to-order PLA print based on the MakerWorld model <em>&quot;Justin&quot; LED Name Sign</em> by Create with Jake.</p><p><strong>Listing note:</strong> This listing is for the made-to-order 3D printed plastic part only. LED modules, candles, electronics, screens, light kits, and other non-printed accessories shown for context are not included unless explicitly stated.</p><p>Useful as a practical desk, home, gift, or hobby accessory, it is printed after purchase in your selected color: Black, Yellow, White, Red. Each print is checked before shipping, with small layer lines normal for FDM 3D printing.</p><p>Made to order in the Bay Area. Processing time is typically 3-5 business days, and supply is unlimited because items are printed on demand.</p><p>Gallery images are MakerWorld creator images and/or rendered previews of the actual model, not photos of this exact made-to-order print.</p><p>Care: keep away from high heat, dishwashers, candles, and small children where parts may present a choking risk.</p><p>Attribution: &quot;Justin&quot; LED Name Sign by Create with Jake (@jakejcarter), MakerWorld model 226569, license BY, source https://makerworld.com/en/models/226569-justin-led-name-sign</p>","19.99","","/decor-art","MakerWorld, Commercial-safe, Made to order, PLA, 3D print","No",""
"","","","19.99","","","","",""
"","","","19.99","","","","",""
"","","","19.99","","","","",""
"vw-wheel-center-hub-caps-different-sizes-v2-2076029","VW Wheel Center Hub Caps (Different Sizes) (V2)","<p><strong>VW Wheel Center Hub Caps (Different Sizes) (V2)</strong> is a made-to-order PLA print based on the MakerWorld model <em>VW Wheel Center Hub Caps (Different Sizes) (v2)</em> by vana.</p><p>Useful as a practical desk, home, gift, or hobby accessory, it is printed after purchase in your selected color: Black, Yellow, White, Red. Each print is checked before shipping, with small layer lines normal for FDM 3D printing.</p><p>Made to order in the Bay Area. Processing time is typically 3-5 business days, and supply is unlimited because items are printed on demand.</p><p>Gallery images are MakerWorld creator images and/or rendered previews of the actual model, not photos of this exact made-to-order print.</p><p>Care: keep away from high heat, dishwashers, candles, and small children where parts may present a choking risk.</p><p>Attribution: VW Wheel Center Hub Caps (Different Sizes) (v2) by vana (@vanapoeg), MakerWorld model 2076029, license BY, source https://makerworld.com/en/models/2076029-vw-wheel-center-hub-caps-different-sizes-v2</p>","13.99","","/functional-parts-tools","MakerWorld, Commercial-safe, Made to order, PLA, 3D print","No",""
"","","","13.99","","","","",""
"","","","13.99","","","","",""
"","","","13.99","","","","",""
"handled-barrel-can-coozie-with-texture-330ml-2166856","Handled Barrel Can Coozie with Texture - 330ml","<p><strong>Handled Barrel Can Coozie With Texture - 330ml</strong> is a made-to-order PLA print based on the MakerWorld model <em>Handled Barrel Can Coozie with Texture - 330ml </em> by TAH3DGeek.</p><p>Useful as a practical desk, home, gift, or hobby accessory, it is printed after purchase in your selected color: Black, Yellow, White, Red. Each print is checked before shipping, with small layer lines normal for FDM 3D printing.</p><p>Made to order in the Bay Area. Processing time is typically 3-5 business days, and supply is unlimited because items are printed on demand.</p><p>Gallery images are MakerWorld creator images and/or rendered previews of the actual model, not photos of this exact made-to-order print.</p><p>Care: keep away from high heat, dishwashers, candles, and small children where parts may present a choking risk.</p><p>Attribution: Handled Barrel Can Coozie with Texture - 330ml  by TAH3DGeek (@TAH3DGeek), MakerWorld model 2166856, license BY-ND, source https://makerworld.com/en/models/2166856-handled-barrel-can-coozie-with-texture-330ml</p>","11.99","","/functional-parts-tools","MakerWorld, Commercial-safe, Made to order, PLA, 3D print","No",""
"","","","11.99","","","","",""
"","","","11.99","","","","",""
"","","","11.99","","","","",""
"christmas-flexi-rex-santa-hat-candy-cane-edition-741241","Christmas Flexi Rex-Santa Hat & Candy Cane Edition","<p><strong>Christmas Flexi Rex-Santa Hat &amp; Candy Cane Edition</strong> is a made-to-order PLA print based on the MakerWorld model <em>Christmas Flexi Rex-Santa Hat &amp; Candy Cane Edition</em> by Miquel204151.</p><p>Useful as a practical desk, home, gift, or hobby accessory, it is printed after purchase in your selected color: Black, Yellow, White, Red. Each print is checked before shipping, with small layer lines normal for FDM 3D printing.</p><p>Made to order in the Bay Area. Processing time is typically 3-5 business days, and supply is unlimited because items are printed on demand.</p><p>Gallery images are MakerWorld creator images and/or rendered previews of the actual model, not photos of this exact made-to-order print.</p><p>Care: keep away from high heat, dishwashers, candles, and small children where parts may present a choking risk.</p><p>Attribution: Christmas Flexi Rex-Santa Hat &amp; Candy Cane Edition by Miquel204151 (@Miquel204151), MakerWorld model 741241, license BY-SA, source https://makerworld.com/en/models/741241-christmas-flexi-rex-santa-hat-candy-cane-edition</p>","12.49","","/holiday-seasonal","MakerWorld, Commercial-safe, Made to order, PLA, 3D print","No",""
"","","","12.49","","","","",""
"","","","12.49","","","","",""
"","","","12.49","","","","",""
"nox-padel-racket-keychain-2131566","NOX Padel Racket Keychain","<p><strong>NOX Padel Racket Keychain</strong> is a made-to-order PLA print based on the MakerWorld model <em>Llavero pala de padel NOX</em> by Andcar5589.</p><p>Useful as a practical desk, home, gift, or hobby accessory, it is printed after purchase in your selected color: Black, Yellow, White, Red. Each print is checked before shipping, with small layer lines normal for FDM 3D printing.</p><p>Made to order in the Bay Area. Processing time is typically 3-5 business days, and supply is unlimited because items are printed on demand.</p><p>Gallery images are MakerWorld creator images and/or rendered previews of the actual model, not photos of this exact made-to-order print.</p><p>Care: keep away from high heat, dishwashers, candles, and small children where parts may present a choking risk.</p><p>Attribution: Llavero pala de padel NOX by Andcar5589 (@Andcar5589), MakerWorld model 2131566, license BY-SA, source https://makerworld.com/en/models/2131566-nox-padel-racket-keychain</p>","15.99","","/keychains-charms","MakerWorld, Commercial-safe, Made to order, PLA, 3D print","No",""
"","","","15.99","","","","",""
"","","","15.99","","","","",""
"","","","15.99","","","","",""
"woodland-cabin-succulent-planter-2354328","Woodland Cabin Succulent Planter","<p><strong>Woodland Cabin Succulent Planter</strong> is a made-to-order PLA print based on the MakerWorld model <em>Woodland Cabin Succulent Planter</em> by LakesideLounge.</p><p>Useful as a practical desk, home, gift, or hobby accessory, it is printed after purchase in your selected color: Black, Yellow, White, Red. Each print is checked before shipping, with small layer lines normal for FDM 3D printing.</p><p>Made to order in the Bay Area. Processing time is typically 3-5 business days, and supply is unlimited because items are printed on demand.</p><p>Gallery images are MakerWorld creator images and/or rendered previews of the actual model, not photos of this exact made-to-order print.</p><p>Care: keep away from high heat, dishwashers, candles, and small children where parts may present a choking risk.</p><p>Attribution: Woodland Cabin Succulent Planter by LakesideLounge (@LakesideLounge), MakerWorld model 2354328, license BY-SA, source https://makerworld.com/en/models/2354328-woodland-cabin-succulent-planter</p>","15.49","","/home-organization","MakerWorld, Commercial-safe, Made to order, PLA, 3D print","No",""
"","","","15.49","","","","",""
"","","","15.49","","","","",""
"","","","15.49","","","","",""
"door-holder-519117","Door Holder","<p><strong>Door Holder</strong> is a made-to-order PLA print based on the MakerWorld model <em>Door holder</em> by Captain_May.</p><p>Useful as a practical desk, home, gift, or hobby accessory, it is printed after purchase in your selected color: Black, Yellow, White, Red. Each print is checked before shipping, with small layer lines normal for FDM 3D printing.</p><p>Made to order in the Bay Area. Processing time is typically 3-5 business days, and supply is unlimited because items are printed on demand.</p><p>Gallery images are MakerWorld creator images and/or rendered previews of the actual model, not photos of this exact made-to-order print.</p><p>Care: keep away from high heat, dishwashers, candles, and small children where parts may present a choking risk.</p><p>Attribution: Door holder by Captain_May (@Captain_May), MakerWorld model 519117, license BY-SA, source https://makerworld.com/en/models/519117-door-holder</p>","19.99","","/home-organization","MakerWorld, Commercial-safe, Made to order, PLA, 3D print","No",""
"","","","19.99","","","","",""
"","","","19.99","","","","",""
"","","","19.99","","","","",""
"countdown-til-christmas-90234","Countdown Til Christmas","<p><strong>Countdown Til Christmas</strong> is a made-to-order PLA print based on the MakerWorld model <em>Countdown Til... Christmas</em> by K.dot..</p><p>Useful as a practical desk, home, gift, or hobby accessory, it is printed after purchase in your selected color: Black, Yellow, White, Red. Each print is checked before shipping, with small layer lines normal for FDM 3D printing.</p><p>Made to order in the Bay Area. Processing time is typically 3-5 business days, and supply is unlimited because items are printed on demand.</p><p>Gallery images are MakerWorld creator images and/or rendered previews of the actual model, not photos of this exact made-to-order print.</p><p>Care: keep away from high heat, dishwashers, candles, and small children where parts may present a choking risk.</p><p>Attribution: Countdown Til... Christmas by K.dot. (@K.dot.), MakerWorld model 90234, license BY-SA, source https://makerworld.com/en/models/90234-countdown-til-christmas</p>","17.99","","/holiday-seasonal","MakerWorld, Commercial-safe, Made to order, PLA, 3D print","No",""
"","","","17.99","","","","",""
"","","","17.99","","","","",""
"","","","17.99","","","","",""
"cyberpunk-2077-nue-tsunami-defense-systems-gun-766531","Cyberpunk 2077 - NUE - Tsunami Defense Systems Gun","<p><strong>Cyberpunk 2077 - NUE - Tsunami Defense Systems Gun</strong> is a made-to-order PLA print based on the MakerWorld model <em>Cyberpunk 2077 - NUE - Tsunami Defense Systems Gun</em> by ra100.</p><p>Useful as a practical desk, home, gift, or hobby accessory, it is printed after purchase in your selected color: Black, Yellow, White, Red. Each print is checked before shipping, with small layer lines normal for FDM 3D printing.</p><p>Made to order in the Bay Area. Processing time is typically 3-5 business days, and supply is unlimited because items are printed on demand.</p><p>Gallery images are MakerWorld creator images and/or rendered previews of the actual model, not photos of this exact made-to-order print.</p><p>Care: keep away from high heat, dishwashers, candles, and small children where parts may present a choking risk.</p><p>Attribution: Cyberpunk 2077 - NUE - Tsunami Defense Systems Gun by ra100 (@ra100), MakerWorld model 766531, license BY-SA, source https://makerworld.com/en/models/766531-cyberpunk-2077-nue-tsunami-defense-systems-gun</p>","23.49","","/general-3d-prints","MakerWorld, Commercial-safe, Made to order, PLA, 3D print","No",""
"","","","23.49","","","","",""
"","","","23.49","","","","",""
"","","","23.49","","","","",""
"starlink-gen-3-mount-2047196","Starlink Gen 3 Mount","<p><strong>Starlink Gen 3 Mount</strong> is a made-to-order PLA print based on the MakerWorld model <em>Starlink Gen 3 mount</em> by CHEESYclover58.</p><p>Useful as a practical desk, home, gift, or hobby accessory, it is printed after purchase in your selected color: Black, Yellow, White, Red. Each print is checked before shipping, with small layer lines normal for FDM 3D printing.</p><p>Made to order in the Bay Area. Processing time is typically 3-5 business days, and supply is unlimited because items are printed on demand.</p><p>Gallery images are MakerWorld creator images and/or rendered previews of the actual model, not photos of this exact made-to-order print.</p><p>Care: keep away from high heat, dishwashers, candles, and small children where parts may present a choking risk.</p><p>Attribution: Starlink Gen 3 mount by CHEESYclover58 (@CHEESYclover58), MakerWorld model 2047196, license CC0, source https://makerworld.com/en/models/2047196-starlink-gen-3-mount</p>","23.99","","/functional-parts-tools","MakerWorld, Commercial-safe, Made to order, PLA, 3D print","No",""
"","","","23.99","","","","",""
"","","","23.99","","","","",""
"","","","23.99","","","","",""
"vintage-indian-2-sided-gas-station-lightbox-sign-2488549","VINTAGE INDIAN - 2-Sided Gas Station Lightbox Sign","<p><strong>VINTAGE INDIAN - 2-Sided Gas Station Lightbox Sign</strong> is a made-to-order PLA print based on the MakerWorld model <em>VINTAGE INDIAN - 2-Sided Gas Station Lightbox Sign</em> by ChopperOriginals.</p><p>Useful as a practical desk, home, gift, or hobby accessory, it is printed after purchase in your selected color: Black, Yellow, White, Red. Each print is checked before shipping, with small layer lines normal for FDM 3D printing.</p><p>Made to order in the Bay Area. Processing time is typically 3-5 business days, and supply is unlimited because items are printed on demand.</p><p>Gallery images are MakerWorld creator images and/or rendered previews of the actual model, not photos of this exact made-to-order print.</p><p>Care: keep away from high heat, dishwashers, candles, and small children where parts may present a choking risk.</p><p>Attribution: VINTAGE INDIAN - 2-Sided Gas Station Lightbox Sign by ChopperOriginals (@Chris_Robertson), MakerWorld model 2488549, license BY-ND, source https://makerworld.com/en/models/2488549-vintage-indian-2-sided-gas-station-lightbox-sign</p>","19.49","","/home-organization","MakerWorld, Commercial-safe, Made to order, PLA, 3D print","No",""
"","","","19.49","","","","",""
"","","","19.49","","","","",""
"","","","19.49","","","","",""
"tight-fit-knob-for-metric-hexagon-head-bolt-s-1750350","Tight Fit Knob for Metric Hexagon Head Bolt'S","<p><strong>Tight Fit Knob For Metric Hexagon Head Bolt'S</strong> is a made-to-order PLA print based on the MakerWorld model <em>Tight fit knob for metric hexagon head bolt's </em> by Tomeszkomesz.</p><p>Useful as a practical desk, home, gift, or hobby accessory, it is printed after purchase in your selected color: Black, Yellow, White, Red. Each print is checked before shipping, with small layer lines normal for FDM 3D printing.</p><p>Made to order in the Bay Area. Processing time is typically 3-5 business days, and supply is unlimited because items are printed on demand.</p><p>Gallery images are MakerWorld creator images and/or rendered previews of the actual model, not photos of this exact made-to-order print.</p><p>Care: keep away from high heat, dishwashers, candles, and small children where parts may present a choking risk.</p><p>Attribution: Tight fit knob for metric hexagon head bolt's  by Tomeszkomesz (@Tomeszkomesz), MakerWorld model 1750350, license BY, source https://makerworld.com/en/models/1750350-tight-fit-knob-for-metric-hexagon-head-bolt-s</p>","20.49","","/functional-parts-tools","MakerWorld, Commercial-safe, Made to order, PLA, 3D print","No",""
"","","","20.49","","","","",""
"","","","20.49","","","","",""
"","","","20.49","","","","",""
"crystal-corridor-diorama-book-nook-2241952","Crystal Corridor Diorama / Book Nook","<p><strong>Crystal Corridor Diorama / Book Nook</strong> is a made-to-order PLA print based on the MakerWorld model <em>Crystal Corridor Diorama / Book Nook</em> by 3L3D Designs.</p><p>Useful as a practical desk, home, gift, or hobby accessory, it is printed after purchase in your selected color: Black, Yellow, White, Red. Each print is checked before shipping, with small layer lines normal for FDM 3D printing.</p><p>Made to order in the Bay Area. Processing time is typically 3-5 business days, and supply is unlimited because items are printed on demand.</p><p>Gallery images are MakerWorld creator images and/or rendered previews of the actual model, not photos of this exact made-to-order print.</p><p>Care: keep away from high heat, dishwashers, candles, and small children where parts may present a choking risk.</p><p>Attribution: Crystal Corridor Diorama / Book Nook by 3L3D Designs (@3L3Ddesigns), MakerWorld model 2241952, license BY-SA, source https://makerworld.com/en/models/2241952-crystal-corridor-diorama-book-nook</p>","19.49","","/home-organization","MakerWorld, Commercial-safe, Made to order, PLA, 3D print","No",""
"","","","19.49","","","","",""
"","","","19.49","","","","",""
"","","","19.49","","","","",""
"the-best-pcb-holder-2076921","The Best PCB Holder","<p><strong>The Best PCB Holder</strong> is a made-to-order PLA print based on the MakerWorld model <em>The Best PCB Holder</em> by Pringlesdose.</p><p>Useful as a practical desk, home, gift, or hobby accessory, it is printed after purchase in your selected color: Black, Yellow, White, Red. Each print is checked before shipping, with small layer lines normal for FDM 3D printing.</p><p>Made to order in the Bay Area. Processing time is typically 3-5 business days, and supply is unlimited because items are printed on demand.</p><p>Gallery images are MakerWorld creator images and/or rendered previews of the actual model, not photos of this exact made-to-order print.</p><p>Care: keep away from high heat, dishwashers, candles, and small children where parts may present a choking risk.</p><p>Attribution: The Best PCB Holder by Pringlesdose (@Pringlesdose), MakerWorld model 2076921, license BY, source https://makerworld.com/en/models/2076921-the-best-pcb-holder</p>","19.49","","/home-organization","MakerWorld, Commercial-safe, Made to order, PLA, 3D print","No",""
"","","","19.49","","","","",""
"","","","19.49","","","","",""
"","","","19.49","","","","",""
"golf-mk2-lightbox-1475596","Golf Mk2 Lightbox","<p><strong>Golf Mk2 Lightbox</strong> is a made-to-order PLA print based on the MakerWorld model <em>Golf Mk2 Lightbox</em> by OrangeSs.</p><p>Useful as a practical desk, home, gift, or hobby accessory, it is printed after purchase in your selected color: Black, Yellow, White, Red. Each print is checked before shipping, with small layer lines normal for FDM 3D printing.</p><p>Made to order in the Bay Area. Processing time is typically 3-5 business days, and supply is unlimited because items are printed on demand.</p><p>Gallery images are MakerWorld creator images and/or rendered previews of the actual model, not photos of this exact made-to-order print.</p><p>Care: keep away from high heat, dishwashers, candles, and small children where parts may present a choking risk.</p><p>Attribution: Golf Mk2 Lightbox by OrangeSs (@OrangeSs), MakerWorld model 1475596, license BY-ND, source https://makerworld.com/en/models/1475596-golf-mk2-lightbox</p>","18.49","","/home-organization","MakerWorld, Commercial-safe, Made to order, PLA, 3D print","No",""
"","","","18.49","","","","",""
"","","","18.49","","","","",""
"","","","18.49","","","","",""
"mick-jagger-2165583","Mick Jagger","<p><strong>Mick Jagger</strong> is a made-to-order PLA print based on the MakerWorld model <em>Mick Jagger</em> by Notern (md Crew).</p><p>Useful as a practical desk, home, gift, or hobby accessory, it is printed after purchase in your selected color: Black, Yellow, White, Red. Each print is checked before shipping, with small layer lines normal for FDM 3D printing.</p><p>Made to order in the Bay Area. Processing time is typically 3-5 business days, and supply is unlimited because items are printed on demand.</p><p>Gallery images are MakerWorld creator images and/or rendered previews of the actual model, not photos of this exact made-to-order print.</p><p>Care: keep away from high heat, dishwashers, candles, and small children where parts may present a choking risk.</p><p>Attribution: Mick Jagger by Notern (md Crew) (@user_2123531592), MakerWorld model 2165583, license BY-SA, source https://makerworld.com/en/models/2165583-mick-jagger</p>","19.99","","/decor-art","MakerWorld, Commercial-safe, Made to order, PLA, 3D print","No",""
"","","","19.99","","","","",""
"","","","19.99","","","","",""
"","","","19.99","","","","",""
"cute-knitted-ghost-vase-or-pencil-holder-1916585","Cute Knitted Ghost Vase or Pencil Holder","<p><strong>Cute Knitted Ghost Vase Or Pencil Holder</strong> is a made-to-order PLA print based on the MakerWorld model <em>Cute Knitted Ghost Vase or Pencil Holder</em> by Szabee.</p><p>Useful as a practical desk, home, gift, or hobby accessory, it is printed after purchase in your selected color: Black, Yellow, White, Red. Each print is checked before shipping, with small layer lines normal for FDM 3D printing.</p><p>Made to order in the Bay Area. Processing time is typically 3-5 business days, and supply is unlimited because items are printed on demand.</p><p>Gallery images are MakerWorld creator images and/or rendered previews of the actual model, not photos of this exact made-to-order print.</p><p>Care: keep away from high heat, dishwashers, candles, and small children where parts may present a choking risk.</p><p>Attribution: Cute Knitted Ghost Vase or Pencil Holder by Szabee (@szabee94), MakerWorld model 1916585, license BY, source https://makerworld.com/en/models/1916585-cute-knitted-ghost-vase-or-pencil-holder</p>","17.99","","/home-organization","MakerWorld, Commercial-safe, Made to order, PLA, 3D print","No",""
"","","","17.99","","","","",""
"","","","17.99","","","","",""
"","","","17.99","","","","",""
"halloween-earrings-keyring-set-1921425","Halloween Earrings & Keyring Set ( )","<p><strong>Halloween Earrings &amp; Keyring Set ( )</strong> is a made-to-order PLA print based on the MakerWorld model <em>Halloween Earrings &amp; Keyring Set (free commercial)</em> by AniMai Designs.</p><p>Useful as a practical desk, home, gift, or hobby accessory, it is printed after purchase in your selected color: Black, Yellow, White, Red. Each print is checked before shipping, with small layer lines normal for FDM 3D printing.</p><p>Made to order in the Bay Area. Processing time is typically 3-5 business days, and supply is unlimited because items are printed on demand.</p><p>Gallery images are MakerWorld creator images and/or rendered previews of the actual model, not photos of this exact made-to-order print.</p><p>Care: keep away from high heat, dishwashers, candles, and small children where parts may present a choking risk.</p><p>Attribution: Halloween Earrings &amp; Keyring Set (free commercial) by AniMai Designs (@animaidesigns), MakerWorld model 1921425, license BY-ND, source https://makerworld.com/en/models/1921425-halloween-earrings-keyring-set-free-commercial</p>","8.49","","/holiday-seasonal","MakerWorld, Commercial-safe, Made to order, PLA, 3D print","No",""
"","","","8.49","","","","",""
"","","","8.49","","","","",""
"","","","8.49","","","","",""
"the-wave-lampshade-1413711","The Wave Lampshade","<p><strong>The Wave Lampshade</strong> is a made-to-order PLA print based on the MakerWorld model <em>The wave Lampshade</em> by enjoy.orange.</p><p>Useful as a practical desk, home, gift, or hobby accessory, it is printed after purchase in your selected color: Black, Yellow, White, Red. Each print is checked before shipping, with small layer lines normal for FDM 3D printing.</p><p>Made to order in the Bay Area. Processing time is typically 3-5 business days, and supply is unlimited because items are printed on demand.</p><p>Gallery images are MakerWorld creator images and/or rendered previews of the actual model, not photos of this exact made-to-order print.</p><p>Care: keep away from high heat, dishwashers, candles, and small children where parts may present a choking risk.</p><p>Attribution: The wave Lampshade by enjoy.orange (@enjoy.orange), MakerWorld model 1413711, license BY, source https://makerworld.com/en/models/1413711-the-wave-lampshade</p>","25.49","","/decor-art","MakerWorld, Commercial-safe, Made to order, PLA, 3D print","No",""
"","","","25.49","","","","",""
"","","","25.49","","","","",""
"","","","25.49","","","","",""
"keychain-whistle-221526","Keychain Whistle","<p><strong>Keychain Whistle</strong> is a made-to-order PLA print based on the MakerWorld model <em>Keychain whistle</em> by Sfast.</p><p>Useful as a practical desk, home, gift, or hobby accessory, it is printed after purchase in your selected color: Black, Yellow, White, Red. Each print is checked before shipping, with small layer lines normal for FDM 3D printing.</p><p>Made to order in the Bay Area. Processing time is typically 3-5 business days, and supply is unlimited because items are printed on demand.</p><p>Gallery images are MakerWorld creator images and/or rendered previews of the actual model, not photos of this exact made-to-order print.</p><p>Care: keep away from high heat, dishwashers, candles, and small children where parts may present a choking risk.</p><p>Attribution: Keychain whistle by Sfast (@Sfast), MakerWorld model 221526, license BY, source https://makerworld.com/en/models/221526-keychain-whistle</p>","15.99","","/keychains-charms","MakerWorld, Commercial-safe, Made to order, PLA, 3D print","No",""
"","","","15.99","","","","",""
"","","","15.99","","","","",""
"","","","15.99","","","","",""
"flexible-paint-station-stand-base-a4-18-clips-2166989","Flexible Paint Station Stand Base - A4 - 18 Clips","<p><strong>Flexible Paint Station Stand Base - A4 - 18 Clips</strong> is a made-to-order PLA print based on the MakerWorld model <em>Flexible Paint Station stand base - A4 - 18 clips</em> by sanj9000.</p><p>Useful as a practical desk, home, gift, or hobby accessory, it is printed after purchase in your selected color: Black, Yellow, White, Red. Each print is checked before shipping, with small layer lines normal for FDM 3D printing.</p><p>Made to order in the Bay Area. Processing time is typically 3-5 business days, and supply is unlimited because items are printed on demand.</p><p>Gallery images are MakerWorld creator images and/or rendered previews of the actual model, not photos of this exact made-to-order print.</p><p>Care: keep away from high heat, dishwashers, candles, and small children where parts may present a choking risk.</p><p>Attribution: Flexible Paint Station stand base - A4 - 18 clips by sanj9000 (@sanj9000), MakerWorld model 2166989, license BY-SA, source https://makerworld.com/en/models/2166989-flexible-paint-station-stand-base-a4-18-clips</p>","11.49","","/toys-figures","MakerWorld, Commercial-safe, Made to order, PLA, 3D print","No",""
"","","","11.49","","","","",""
"","","","11.49","","","","",""
"","","","11.49","","","","",""
"spray-nozzle-for-lead-screw-anti-splash-2071871","Spray Nozzle for Lead Screw - Anti Splash","<p><strong>Spray Nozzle For Lead Screw - Anti Splash</strong> is a made-to-order PLA print based on the MakerWorld model <em>Spray nozzle for lead screw - Anti splash</em> by Paticpl.</p><p>Useful as a practical desk, home, gift, or hobby accessory, it is printed after purchase in your selected color: Black, Yellow, White, Red. Each print is checked before shipping, with small layer lines normal for FDM 3D printing.</p><p>Made to order in the Bay Area. Processing time is typically 3-5 business days, and supply is unlimited because items are printed on demand.</p><p>Gallery images are MakerWorld creator images and/or rendered previews of the actual model, not photos of this exact made-to-order print.</p><p>Care: keep away from high heat, dishwashers, candles, and small children where parts may present a choking risk.</p><p>Attribution: Spray nozzle for lead screw - Anti splash by Paticpl (@paticpl), MakerWorld model 2071871, license BY, source https://makerworld.com/en/models/2071871-spray-nozzle-for-lead-screw-anti-splash</p>","15.99","","/functional-parts-tools","MakerWorld, Commercial-safe, Made to order, PLA, 3D print","No",""
"","","","15.99","","","","",""
"","","","15.99","","","","",""
"","","","15.99","","","","",""
"12v-fuse-wire-connector-1904128","12v Fuse Wire Connector","<p><strong>12v Fuse Wire Connector</strong> is a made-to-order PLA print based on the MakerWorld model <em>12v Fuse Wire Connector</em> by k3ldar.</p><p>Useful as a practical desk, home, gift, or hobby accessory, it is printed after purchase in your selected color: Black, Yellow, White, Red. Each print is checked before shipping, with small layer lines normal for FDM 3D printing.</p><p>Made to order in the Bay Area. Processing time is typically 3-5 business days, and supply is unlimited because items are printed on demand.</p><p>Gallery images are MakerWorld creator images and/or rendered previews of the actual model, not photos of this exact made-to-order print.</p><p>Care: keep away from high heat, dishwashers, candles, and small children where parts may present a choking risk.</p><p>Attribution: 12v Fuse Wire Connector by k3ldar (@k3ldar), MakerWorld model 1904128, license BY-SA, source https://makerworld.com/en/models/1904128-12v-fuse-wire-connector</p>","14.49","","/functional-parts-tools","MakerWorld, Commercial-safe, Made to order, PLA, 3D print","No",""
"","","","14.49","","","","",""
"","","","14.49","","","","",""
"","","","14.49","","","","",""
"maltese-holding-heart-use-2366588","Maltese Holding Heart ( Use)","<p><strong>Maltese Holding Heart ( Use)</strong> is a made-to-order PLA print based on the MakerWorld model <em>Maltese Holding Heart   (Free Commercial Use)</em> by Muvvo.</p><p>Useful as a practical desk, home, gift, or hobby accessory, it is printed after purchase in your selected color: Black, Yellow, White, Red. Each print is checked before shipping, with small layer lines normal for FDM 3D printing.</p><p>Made to order in the Bay Area. Processing time is typically 3-5 business days, and supply is unlimited because items are printed on demand.</p><p>Gallery images are MakerWorld creator images and/or rendered previews of the actual model, not photos of this exact made-to-order print.</p><p>Care: keep away from high heat, dishwashers, candles, and small children where parts may present a choking risk.</p><p>Attribution: Maltese Holding Heart   (Free Commercial Use) by Muvvo (@Muvvo), MakerWorld model 2366588, license BY-SA, source https://makerworld.com/en/models/2366588-maltese-holding-heart-free-commercial-use</p>","13.99","","/toys-figures","MakerWorld, Commercial-safe, Made to order, PLA, 3D print","No",""
"","","","13.99","","","","",""
"","","","13.99","","","","",""
"","","","13.99","","","","",""
"gladiator-helmet-2248152","Gladiator Helmet","<p><strong>Gladiator Helmet</strong> is a made-to-order PLA print based on the MakerWorld model <em>Gladiator Helmet</em> by GG.</p><p>Useful as a practical desk, home, gift, or hobby accessory, it is printed after purchase in your selected color: Black, Yellow, White, Red. Each print is checked before shipping, with small layer lines normal for FDM 3D printing.</p><p>Made to order in the Bay Area. Processing time is typically 3-5 business days, and supply is unlimited because items are printed on demand.</p><p>Gallery images are MakerWorld creator images and/or rendered previews of the actual model, not photos of this exact made-to-order print.</p><p>Care: keep away from high heat, dishwashers, candles, and small children where parts may present a choking risk.</p><p>Attribution: Gladiator Helmet by GG (@GG96), MakerWorld model 2248152, license BY, source https://makerworld.com/en/models/2248152-gladiator-helmet</p>","29.49","","/cosplay-props","MakerWorld, Commercial-safe, Made to order, PLA, 3D print","No",""
"","","","29.49","","","","",""
"","","","29.49","","","","",""
"","","","29.49","","","","",""
"hildingr-the-beserker-2322032","Hildingr the Beserker!!!","<p><strong>Hildingr The Beserker!!!</strong> is a made-to-order PLA print based on the MakerWorld model <em>Hildingr the Beserker!!!</em> by JudgeThor44.</p><p>Useful as a practical desk, home, gift, or hobby accessory, it is printed after purchase in your selected color: Black, Yellow, White, Red. Each print is checked before shipping, with small layer lines normal for FDM 3D printing.</p><p>Made to order in the Bay Area. Processing time is typically 3-5 business days, and supply is unlimited because items are printed on demand.</p><p>Gallery images are MakerWorld creator images and/or rendered previews of the actual model, not photos of this exact made-to-order print.</p><p>Care: keep away from high heat, dishwashers, candles, and small children where parts may present a choking risk.</p><p>Attribution: Hildingr the Beserker!!! by JudgeThor44 (@JudgeThor44), MakerWorld model 2322032, license BY-SA, source https://makerworld.com/en/models/2322032-hildingr-the-beserker</p>","19.99","","/general-3d-prints","MakerWorld, Commercial-safe, Made to order, PLA, 3D print","No",""
"","","","19.99","","","","",""
"","","","19.99","","","","",""
"","","","19.99","","","","",""
"plunger-holder-stand-1750143","Plunger Holder/Stand","<p><strong>Plunger Holder/Stand</strong> is a made-to-order PLA print based on the MakerWorld model <em>P&ouml;mpel Halter/St&auml;nder</em> by demrios.</p><p>Useful as a practical desk, home, gift, or hobby accessory, it is printed after purchase in your selected color: Black, Yellow, White, Red. Each print is checked before shipping, with small layer lines normal for FDM 3D printing.</p><p>Made to order in the Bay Area. Processing time is typically 3-5 business days, and supply is unlimited because items are printed on demand.</p><p>Gallery images are MakerWorld creator images and/or rendered previews of the actual model, not photos of this exact made-to-order print.</p><p>Care: keep away from high heat, dishwashers, candles, and small children where parts may present a choking risk.</p><p>Attribution: P&ouml;mpel Halter/St&auml;nder by demrios (@demrios), MakerWorld model 1750143, license BY-SA, source https://makerworld.com/en/models/1750143-plunger-holder-stand</p>","21.49","","/home-organization","MakerWorld, Commercial-safe, Made to order, PLA, 3D print","No",""
"","","","21.49","","","","",""
"","","","21.49","","","","",""
"","","","21.49","","","","",""
"mini-arcade-2152075","Mini Arcade","<p><strong>Mini Arcade</strong> is a made-to-order PLA print based on the MakerWorld model <em>Mini Arcade</em> by nimbus.</p><p>Useful as a practical desk, home, gift, or hobby accessory, it is printed after purchase in your selected color: Black, Yellow, White, Red. Each print is checked before shipping, with small layer lines normal for FDM 3D printing.</p><p>Made to order in the Bay Area. Processing time is typically 3-5 business days, and supply is unlimited because items are printed on demand.</p><p>Gallery images are MakerWorld creator images and/or rendered previews of the actual model, not photos of this exact made-to-order print.</p><p>Care: keep away from high heat, dishwashers, candles, and small children where parts may present a choking risk.</p><p>Attribution: Mini Arcade by nimbus (@nimbus510), MakerWorld model 2152075, license BY, source https://makerworld.com/en/models/2152075-mini-arcade</p>","13.49","","/vehicles-rc","MakerWorld, Commercial-safe, Made to order, PLA, 3D print","No",""
"","","","13.49","","","","",""
"","","","13.49","","","","",""
"","","","13.49","","","","",""
"melitta-aromaboy-coffee-maker-keychain-721784","Melitta Aromaboy Coffee Maker Keychain","<p><strong>Melitta Aromaboy Coffee Maker Keychain</strong> is a made-to-order PLA print based on the MakerWorld model <em>Melitta Aromaboy coffee maker keychain</em> by MartinLfr.</p><p>Useful as a practical desk, home, gift, or hobby accessory, it is printed after purchase in your selected color: Black, Yellow, White, Red. Each print is checked before shipping, with small layer lines normal for FDM 3D printing.</p><p>Made to order in the Bay Area. Processing time is typically 3-5 business days, and supply is unlimited because items are printed on demand.</p><p>Gallery images are MakerWorld creator images and/or rendered previews of the actual model, not photos of this exact made-to-order print.</p><p>Care: keep away from high heat, dishwashers, candles, and small children where parts may present a choking risk.</p><p>Attribution: Melitta Aromaboy coffee maker keychain by MartinLfr (@MartinLfr), MakerWorld model 721784, license CC0, source https://makerworld.com/en/models/721784-melitta-aromaboy-coffee-maker-keychain</p>","15.99","","/keychains-charms","MakerWorld, Commercial-safe, Made to order, PLA, 3D print","No",""
"","","","15.99","","","","",""
"","","","15.99","","","","",""
"","","","15.99","","","","",""
"undaunted-contract-split-pieces-zi-que-jin-lang-2-0-phantom-1372581","Undaunted Contract Split Pieces Zi Que Jin Lang 2 0 Phantom","<p><strong>Undaunted Contract Split Pieces Zi Que Jin Lang 2 0 Phantom</strong> is a made-to-order PLA print based on the MakerWorld model <em>无畏契约分件紫阙金琅2.0幻影</em> by 玉面手雷王.</p><p>Useful as a practical desk, home, gift, or hobby accessory, it is printed after purchase in your selected color: Black, Yellow, White, Red. Each print is checked before shipping, with small layer lines normal for FDM 3D printing.</p><p>Made to order in the Bay Area. Processing time is typically 3-5 business days, and supply is unlimited because items are printed on demand.</p><p>Gallery images are MakerWorld creator images and/or rendered previews of the actual model, not photos of this exact made-to-order print.</p><p>Care: keep away from high heat, dishwashers, candles, and small children where parts may present a choking risk.</p><p>Attribution: 无畏契约分件紫阙金琅2.0幻影 by 玉面手雷王 (@user_1388455215), MakerWorld model 1372581, license BY, source https://makerworld.com/en/models/1372581-undaunted-contract-split-pieces-zi-que-jin-lang-2</p>","15.99","","/general-3d-prints","MakerWorld, Commercial-safe, Made to order, PLA, 3D print","No",""
"","","","15.99","","","","",""
"","","","15.99","","","","",""
"","","","15.99","","","","",""
"headphone-holder-for-sony-687998","Headphone Holder for Sony","<p><strong>Headphone Holder For Sony</strong> is a made-to-order PLA print based on the MakerWorld model <em>Headphone holder for Sony</em> by christoph.</p><p>Useful as a practical desk, home, gift, or hobby accessory, it is printed after purchase in your selected color: Black, Yellow, White, Red. Each print is checked before shipping, with small layer lines normal for FDM 3D printing.</p><p>Made to order in the Bay Area. Processing time is typically 3-5 business days, and supply is unlimited because items are printed on demand.</p><p>Gallery images are MakerWorld creator images and/or rendered previews of the actual model, not photos of this exact made-to-order print.</p><p>Care: keep away from high heat, dishwashers, candles, and small children where parts may present a choking risk.</p><p>Attribution: Headphone holder for Sony by christoph (@christoph.stom), MakerWorld model 687998, license BY-ND, source https://makerworld.com/en/models/687998-headphone-holder-for-sony</p>","20.49","","/home-organization","MakerWorld, Commercial-safe, Made to order, PLA, 3D print","No",""
"","","","20.49","","","","",""
"","","","20.49","","","","",""
"","","","20.49","","","","",""
"eldritch-magma-drake-epic-dragon-bust-statuette-2124736","Eldritch Magma Drake - Epic Dragon Bust Statuette","<p><strong>Eldritch Magma Drake - Epic Dragon Bust Statuette</strong> is a made-to-order PLA print based on the MakerWorld model <em>Eldritch Magma Drake - Epic Dragon Bust Statuette</em> by MasterWork Dungeons.</p><p>Useful as a practical desk, home, gift, or hobby accessory, it is printed after purchase in your selected color: Black, Yellow, White, Red. Each print is checked before shipping, with small layer lines normal for FDM 3D printing.</p><p>Made to order in the Bay Area. Processing time is typically 3-5 business days, and supply is unlimited because items are printed on demand.</p><p>Gallery images are MakerWorld creator images and/or rendered previews of the actual model, not photos of this exact made-to-order print.</p><p>Care: keep away from high heat, dishwashers, candles, and small children where parts may present a choking risk.</p><p>Attribution: Eldritch Magma Drake - Epic Dragon Bust Statuette by MasterWork Dungeons (@rubenbc_), MakerWorld model 2124736, license BY-ND, source https://makerworld.com/en/models/2124736-eldritch-magma-drake-epic-dragon-bust-statuette</p>","18.49","","/toys-figures","MakerWorld, Commercial-safe, Made to order, PLA, 3D print","No",""
"","","","18.49","","","","",""
"","","","18.49","","","","",""
"","","","18.49","","","","",""
"christmas-gingerbread-woman-cookie-229129","Christmas Gingerbread Woman Cookie","<p><strong>Christmas Gingerbread Woman Cookie</strong> is a made-to-order PLA print based on the MakerWorld model <em>Christmas Gingerbread Woman Cookie</em> by ThesBer.</p><p>Useful as a practical desk, home, gift, or hobby accessory, it is printed after purchase in your selected color: Black, Yellow, White, Red. Each print is checked before shipping, with small layer lines normal for FDM 3D printing.</p><p>Made to order in the Bay Area. Processing time is typically 3-5 business days, and supply is unlimited because items are printed on demand.</p><p>Gallery images are MakerWorld creator images and/or rendered previews of the actual model, not photos of this exact made-to-order print.</p><p>Care: keep away from high heat, dishwashers, candles, and small children where parts may present a choking risk.</p><p>Attribution: Christmas Gingerbread Woman Cookie by ThesBer (@Toni_ThesBer), MakerWorld model 229129, license BY-SA, source https://makerworld.com/en/models/229129-christmas-gingerbread-woman-cookie</p>","14.49","","/holiday-seasonal","MakerWorld, Commercial-safe, Made to order, PLA, 3D print","No",""
"","","","14.49","","","","",""
"","","","14.49","","","","",""
"","","","14.49","","","","",""
"valentines-fat-cat-1010706","Valentines Fat Cat","<p><strong>Valentines Fat Cat</strong> is a made-to-order PLA print based on the MakerWorld model <em>Valentines Fat Cat</em> by eclien.</p><p>Useful as a practical desk, home, gift, or hobby accessory, it is printed after purchase in your selected color: Black, Yellow, White, Red. Each print is checked before shipping, with small layer lines normal for FDM 3D printing.</p><p>Made to order in the Bay Area. Processing time is typically 3-5 business days, and supply is unlimited because items are printed on demand.</p><p>Gallery images are MakerWorld creator images and/or rendered previews of the actual model, not photos of this exact made-to-order print.</p><p>Care: keep away from high heat, dishwashers, candles, and small children where parts may present a choking risk.</p><p>Attribution: Valentines Fat Cat by eclien (@eclien), MakerWorld model 1010706, license BY-SA, source https://makerworld.com/en/models/1010706-valentines-fat-cat</p>","14.99","","/holiday-seasonal","MakerWorld, Commercial-safe, Made to order, PLA, 3D print","No",""
"","","","14.99","","","","",""
"","","","14.99","","","","",""
"","","","14.99","","","","",""
"pennywise-bust-2258301","Pennywise Bust","<p><strong>Pennywise Bust</strong> is a made-to-order PLA print based on the MakerWorld model <em>Pennywise B&uuml;ste</em> by Farzborben.</p><p>Useful as a practical desk, home, gift, or hobby accessory, it is printed after purchase in your selected color: Black, Yellow, White, Red. Each print is checked before shipping, with small layer lines normal for FDM 3D printing.</p><p>Made to order in the Bay Area. Processing time is typically 3-5 business days, and supply is unlimited because items are printed on demand.</p><p>Gallery images are MakerWorld creator images and/or rendered previews of the actual model, not photos of this exact made-to-order print.</p><p>Care: keep away from high heat, dishwashers, candles, and small children where parts may present a choking risk.</p><p>Attribution: Pennywise B&uuml;ste by Farzborben (@Farzborben), MakerWorld model 2258301, license BY, source https://makerworld.com/en/models/2258301-pennywise-bust</p>","12.49","","/desk-office","MakerWorld, Commercial-safe, Made to order, PLA, 3D print","No",""
"","","","12.49","","","","",""
"","","","12.49","","","","",""
"","","","12.49","","","","",""
"t-rminator-t-800-controller-holder-2086851","T£RMINATOR T-800 Controller Holder","<p><strong>T&pound;RMINATOR T-800 Controller Holder</strong> is a made-to-order PLA print based on the MakerWorld model <em>T&pound;RMINATOR T-800 Controller Holder</em> by RobbosPrints.</p><p>Useful as a practical desk, home, gift, or hobby accessory, it is printed after purchase in your selected color: Black, Yellow, White, Red. Each print is checked before shipping, with small layer lines normal for FDM 3D printing.</p><p>Made to order in the Bay Area. Processing time is typically 3-5 business days, and supply is unlimited because items are printed on demand.</p><p>Gallery images are MakerWorld creator images and/or rendered previews of the actual model, not photos of this exact made-to-order print.</p><p>Care: keep away from high heat, dishwashers, candles, and small children where parts may present a choking risk.</p><p>Attribution: T&pound;RMINATOR T-800 Controller Holder by RobbosPrints (@RobbosPrints), MakerWorld model 2086851, license BY-SA, source https://makerworld.com/en/models/2086851-tpsrminator-t-800-controller-holder</p>","17.99","","/home-organization","MakerWorld, Commercial-safe, Made to order, PLA, 3D print","No",""
"","","","17.99","","","","",""
"","","","17.99","","","","",""
"","","","17.99","","","","",""
"punisher-grips-for-1911-2356753","Punisher Grips for 1911","<p><strong>Punisher Grips For 1911</strong> is a made-to-order PLA print based on the MakerWorld model <em>punisher grips for 1911</em> by We-The-People.</p><p>Useful as a practical desk, home, gift, or hobby accessory, it is printed after purchase in your selected color: Black, Yellow, White, Red. Each print is checked before shipping, with small layer lines normal for FDM 3D printing.</p><p>Made to order in the Bay Area. Processing time is typically 3-5 business days, and supply is unlimited because items are printed on demand.</p><p>Gallery images are MakerWorld creator images and/or rendered previews of the actual model, not photos of this exact made-to-order print.</p><p>Care: keep away from high heat, dishwashers, candles, and small children where parts may present a choking risk.</p><p>Attribution: punisher grips for 1911 by We-The-People (@f_da_law), MakerWorld model 2356753, license CC0, source https://makerworld.com/en/models/2356753-punisher-grips-for-1911</p>","19.99","","/general-3d-prints","MakerWorld, Commercial-safe, Made to order, PLA, 3D print","No",""
"","","","19.99","","","","",""
"","","","19.99","","","","",""
"","","","19.99","","","","",""
"lightbox-indian-motorcycle-511421","Lightbox Indian Motorcycle","<p><strong>Lightbox Indian Motorcycle</strong> is a made-to-order PLA print based on the MakerWorld model <em>Lightbox Indian Motorcycle</em> by 3D Baptista Printing.</p><p>Useful as a practical desk, home, gift, or hobby accessory, it is printed after purchase in your selected color: Black, Yellow, White, Red. Each print is checked before shipping, with small layer lines normal for FDM 3D printing.</p><p>Made to order in the Bay Area. Processing time is typically 3-5 business days, and supply is unlimited because items are printed on demand.</p><p>Gallery images are MakerWorld creator images and/or rendered previews of the actual model, not photos of this exact made-to-order print.</p><p>Care: keep away from high heat, dishwashers, candles, and small children where parts may present a choking risk.</p><p>Attribution: Lightbox Indian Motorcycle by 3D Baptista Printing (@3DBaptistaPrint), MakerWorld model 511421, license BY-ND, source https://makerworld.com/en/models/511421-lightbox-indian-motorcycle</p>","13.49","","/home-organization","MakerWorld, Commercial-safe, Made to order, PLA, 3D print","No",""
"","","","13.49","","","","",""
"","","","13.49","","","","",""
"","","","13.49","","","","",""
"3d-advent-bolivia-day-25-grinch-flexi-2174568","3D Advent Bolivia | Day 25 Grinch Flexi","<p><strong>3D Advent Bolivia | Day 25 Grinch Flexi</strong> is a made-to-order PLA print based on the MakerWorld model <em>3D Advent Bolivia | Day 25 Grinch Flexi</em> by Jov3DPrint.</p><p>Useful as a practical desk, home, gift, or hobby accessory, it is printed after purchase in your selected color: Black, Yellow, White, Red. Each print is checked before shipping, with small layer lines normal for FDM 3D printing.</p><p>Made to order in the Bay Area. Processing time is typically 3-5 business days, and supply is unlimited because items are printed on demand.</p><p>Gallery images are MakerWorld creator images and/or rendered previews of the actual model, not photos of this exact made-to-order print.</p><p>Care: keep away from high heat, dishwashers, candles, and small children where parts may present a choking risk.</p><p>Attribution: 3D Advent Bolivia | Day 25 Grinch Flexi by Jov3DPrint (@josean3gd), MakerWorld model 2174568, license BY-ND, source https://makerworld.com/en/models/2174568-3d-advent-bolivia-day-25-grinch-flexi</p>","10.49","","/toys-figures","MakerWorld, Commercial-safe, Made to order, PLA, 3D print","No",""
"","","","10.49","","","","",""
"","","","10.49","","","","",""
"","","","10.49","","","","",""
"mate-piston-smooth-polymer-2412280","Mate Piston Smooth Polymer","<p><strong>Mate Piston Smooth Polymer</strong> is a made-to-order PLA print based on the MakerWorld model <em>Mate piston Polimero Liso</em> by SCAMPA.</p><p>Useful as a practical desk, home, gift, or hobby accessory, it is printed after purchase in your selected color: Black, Yellow, White, Red. Each print is checked before shipping, with small layer lines normal for FDM 3D printing.</p><p>Made to order in the Bay Area. Processing time is typically 3-5 business days, and supply is unlimited because items are printed on demand.</p><p>Gallery images are MakerWorld creator images and/or rendered previews of the actual model, not photos of this exact made-to-order print.</p><p>Care: keep away from high heat, dishwashers, candles, and small children where parts may present a choking risk.</p><p>Attribution: Mate piston Polimero Liso by SCAMPA (@ezecampanello), MakerWorld model 2412280, license BY-SA, source https://makerworld.com/en/models/2412280-mate-piston-smooth-polymer</p>","17.49","","/general-3d-prints","MakerWorld, Commercial-safe, Made to order, PLA, 3D print","No",""
"","","","17.49","","","","",""
"","","","17.49","","","","",""
"","","","17.49","","","","",""
"eva-ayanami-rei-by-theomega-1912586","Eva Ayanami Rei by TheOmega","<p><strong>Eva Ayanami Rei By TheOmega</strong> is a made-to-order PLA print based on the MakerWorld model <em>eva绫波丽 by theOmega</em> by user_1133078562.</p><p>Useful as a practical desk, home, gift, or hobby accessory, it is printed after purchase in your selected color: Black, Yellow, White, Red. Each print is checked before shipping, with small layer lines normal for FDM 3D printing.</p><p>Made to order in the Bay Area. Processing time is typically 3-5 business days, and supply is unlimited because items are printed on demand.</p><p>Gallery images are MakerWorld creator images and/or rendered previews of the actual model, not photos of this exact made-to-order print.</p><p>Care: keep away from high heat, dishwashers, candles, and small children where parts may present a choking risk.</p><p>Attribution: eva绫波丽 by theOmega by user_1133078562 (@user_1133078562), MakerWorld model 1912586, license BY-SA, source https://makerworld.com/en/models/1912586-eva-ayanami-rei-by-theomega</p>","19.49","","/general-3d-prints","MakerWorld, Commercial-safe, Made to order, PLA, 3D print","No",""
"","","","19.49","","","","",""
"","","","19.49","","","","",""
"","","","19.49","","","","",""
"two-tiered-cake-and-snack-stand-serving-stand-2057570","Two Tiered Cake and Snack Stand, Serving Stand","<p><strong>Two Tiered Cake And Snack Stand, Serving Stand</strong> is a made-to-order PLA print based on the MakerWorld model <em>Two tiered cake and snack stand, serving stand</em> by chicken boy.</p><p>Useful as a practical desk, home, gift, or hobby accessory, it is printed after purchase in your selected color: Black, Yellow, White, Red. Each print is checked before shipping, with small layer lines normal for FDM 3D printing.</p><p>Made to order in the Bay Area. Processing time is typically 3-5 business days, and supply is unlimited because items are printed on demand.</p><p>Gallery images are MakerWorld creator images and/or rendered previews of the actual model, not photos of this exact made-to-order print.</p><p>Care: keep away from high heat, dishwashers, candles, and small children where parts may present a choking risk.</p><p>Attribution: Two tiered cake and snack stand, serving stand by chicken boy (@chicken_boy), MakerWorld model 2057570, license BY-ND, source https://makerworld.com/en/models/2057570-two-tiered-cake-and-snack-stand-serving-stand</p>","19.49","","/desk-office","MakerWorld, Commercial-safe, Made to order, PLA, 3D print","No",""
"","","","19.49","","","","",""
"","","","19.49","","","","",""
"","","","19.49","","","","",""
"ferrero-rocher-christmas-ornament-2037552","Ferrero Rocher Christmas Ornament","<p><strong>Ferrero Rocher Christmas Ornament</strong> is a made-to-order PLA print based on the MakerWorld model <em>Ferrero Rocher Christmas Ornament</em> by Jakub Lattenberg.</p><p>Useful as a practical desk, home, gift, or hobby accessory, it is printed after purchase in your selected color: Black, Yellow, White, Red. Each print is checked before shipping, with small layer lines normal for FDM 3D printing.</p><p>Made to order in the Bay Area. Processing time is typically 3-5 business days, and supply is unlimited because items are printed on demand.</p><p>Gallery images are MakerWorld creator images and/or rendered previews of the actual model, not photos of this exact made-to-order print.</p><p>Care: keep away from high heat, dishwashers, candles, and small children where parts may present a choking risk.</p><p>Attribution: Ferrero Rocher Christmas Ornament by Jakub Lattenberg (@jll8), MakerWorld model 2037552, license BY, source https://makerworld.com/en/models/2037552-ferrero-rocher-christmas-ornament</p>","13.99","","/holiday-seasonal","MakerWorld, Commercial-safe, Made to order, PLA, 3D print","No",""
"","","","13.99","","","","",""
"","","","13.99","","","","",""
"","","","13.99","","","","",""
"baby-grinch-holiday-special-edition-v3-2038404","Baby Grinch: Holiday Special Edition (V3)","<p><strong>Baby Grinch: Holiday Special Edition (V3)</strong> is a made-to-order PLA print based on the MakerWorld model <em>Baby Grinch: Holiday Special Edition (V3)</em> by Aura3D_Studio.</p><p>Useful as a practical desk, home, gift, or hobby accessory, it is printed after purchase in your selected color: Black, Yellow, White, Red. Each print is checked before shipping, with small layer lines normal for FDM 3D printing.</p><p>Made to order in the Bay Area. Processing time is typically 3-5 business days, and supply is unlimited because items are printed on demand.</p><p>Gallery images are MakerWorld creator images and/or rendered previews of the actual model, not photos of this exact made-to-order print.</p><p>Care: keep away from high heat, dishwashers, candles, and small children where parts may present a choking risk.</p><p>Attribution: Baby Grinch: Holiday Special Edition (V3) by Aura3D_Studio (@aura3dstudio), MakerWorld model 2038404, license BY-SA, source https://makerworld.com/en/models/2038404-baby-grinch-holiday-special-edition-v3</p>","23.49","","/holiday-seasonal","MakerWorld, Commercial-safe, Made to order, PLA, 3D print","No",""
"","","","23.49","","","","",""
"","","","23.49","","","","",""
"","","","23.49","","","","",""
"keychain-be-my-valentine-1016481","Keychain Be My Valentine","<p><strong>Keychain Be My Valentine</strong> is a made-to-order PLA print based on the MakerWorld model <em>Keychain Be my Valentine</em> by UMarts3D.</p><p>Useful as a practical desk, home, gift, or hobby accessory, it is printed after purchase in your selected color: Black, Yellow, White, Red. Each print is checked before shipping, with small layer lines normal for FDM 3D printing.</p><p>Made to order in the Bay Area. Processing time is typically 3-5 business days, and supply is unlimited because items are printed on demand.</p><p>Gallery images are MakerWorld creator images and/or rendered previews of the actual model, not photos of this exact made-to-order print.</p><p>Care: keep away from high heat, dishwashers, candles, and small children where parts may present a choking risk.</p><p>Attribution: Keychain Be my Valentine by UMarts3D (@UMarts3D), MakerWorld model 1016481, license BY-ND, source https://makerworld.com/en/models/1016481-keychain-be-my-valentine</p>","9.99","","/holiday-seasonal","MakerWorld, Commercial-safe, Made to order, PLA, 3D print","No",""
"","","","9.99","","","","",""
"","","","9.99","","","","",""
"","","","9.99","","","","",""
"book-page-dividers-2426192","Book Page Dividers","<p><strong>Book Page Dividers</strong> is a made-to-order PLA print based on the MakerWorld model <em>Separadores de hojas para libros</em> by mori.</p><p>Useful as a practical desk, home, gift, or hobby accessory, it is printed after purchase in your selected color: Black, Yellow, White, Red. Each print is checked before shipping, with small layer lines normal for FDM 3D printing.</p><p>Made to order in the Bay Area. Processing time is typically 3-5 business days, and supply is unlimited because items are printed on demand.</p><p>Gallery images are MakerWorld creator images and/or rendered previews of the actual model, not photos of this exact made-to-order print.</p><p>Care: keep away from high heat, dishwashers, candles, and small children where parts may present a choking risk.</p><p>Attribution: Separadores de hojas para libros by mori (@morimakes), MakerWorld model 2426192, license BY-SA, source https://makerworld.com/en/models/2426192-book-page-dividers</p>","19.99","","/general-3d-prints","MakerWorld, Commercial-safe, Made to order, PLA, 3D print","No",""
"","","","19.99","","","","",""
"","","","19.99","","","","",""
"","","","19.99","","","","",""
"krilin-exploding-lamp-1750281","Krilin Exploding Lamp Shade/Body","<p><strong>Krilin Exploding Lamp Shade/Body</strong> is a made-to-order PLA print based on the MakerWorld model <em>Lampara de Krilin Explotando</em> by Desarrollo5D.</p><p><strong>Listing note:</strong> This listing is for the made-to-order 3D printed plastic part only. LED modules, candles, electronics, screens, light kits, and other non-printed accessories shown for context are not included unless explicitly stated.</p><p>Useful as a practical desk, home, gift, or hobby accessory, it is printed after purchase in your selected color: Black, Yellow, White, Red. Each print is checked before shipping, with small layer lines normal for FDM 3D printing.</p><p>Made to order in the Bay Area. Processing time is typically 3-5 business days, and supply is unlimited because items are printed on demand.</p><p>Gallery images are MakerWorld creator images and/or rendered previews of the actual model, not photos of this exact made-to-order print.</p><p>Care: keep away from high heat, dishwashers, candles, and small children where parts may present a choking risk.</p><p>Attribution: Lampara de Krilin Explotando by Desarrollo5D (@Desarrollo5D), MakerWorld model 1750281, license BY, source https://makerworld.com/en/models/1750281-krilin-exploding-lamp</p>","22.49","","/decor-art","MakerWorld, Commercial-safe, Made to order, PLA, 3D print","No",""
"","","","22.49","","","","",""
"","","","22.49","","","","",""
"","","","22.49","","","","",""
"alphabet-number-mini-bookshelves-a-z-0-9-set-2306937","Alphabet & Number Mini Bookshelves: A-Z & 0-9 Set","<p><strong>Alphabet &amp; Number Mini Bookshelves: A-Z &amp; 0-9 Set</strong> is a made-to-order PLA print based on the MakerWorld model <em>Alphabet &amp; Number Mini Bookshelves: A-Z &amp; 0-9 Set</em> by Subton.</p><p>Useful as a practical desk, home, gift, or hobby accessory, it is printed after purchase in your selected color: Black, Yellow, White, Red. Each print is checked before shipping, with small layer lines normal for FDM 3D printing.</p><p>Made to order in the Bay Area. Processing time is typically 3-5 business days, and supply is unlimited because items are printed on demand.</p><p>Gallery images are MakerWorld creator images and/or rendered previews of the actual model, not photos of this exact made-to-order print.</p><p>Care: keep away from high heat, dishwashers, candles, and small children where parts may present a choking risk.</p><p>Attribution: Alphabet &amp; Number Mini Bookshelves: A-Z &amp; 0-9 Set by Subton (@subton), MakerWorld model 2306937, license BY, source https://makerworld.com/en/models/2306937-alphabet-number-mini-bookshelves-a-z-0-9-set</p>","17.99","","/home-organization","MakerWorld, Commercial-safe, Made to order, PLA, 3D print","No",""
"","","","17.99","","","","",""
"","","","17.99","","","","",""
"","","","17.99","","","","",""
"under-desk-drawer-1928034","Under-Desk Drawer","<p><strong>Under-Desk Drawer</strong> is a made-to-order PLA print based on the MakerWorld model <em>Untertisch-Schublade</em> by Maker-Vibee.</p><p>Useful as a practical desk, home, gift, or hobby accessory, it is printed after purchase in your selected color: Black, Yellow, White, Red. Each print is checked before shipping, with small layer lines normal for FDM 3D printing.</p><p>Made to order in the Bay Area. Processing time is typically 3-5 business days, and supply is unlimited because items are printed on demand.</p><p>Gallery images are MakerWorld creator images and/or rendered previews of the actual model, not photos of this exact made-to-order print.</p><p>Care: keep away from high heat, dishwashers, candles, and small children where parts may present a choking risk.</p><p>Attribution: Untertisch-Schublade by Maker-Vibee (@Maker_Vibee), MakerWorld model 1928034, license CC0, source https://makerworld.com/en/models/1928034-under-desk-drawer</p>","19.99","","/home-organization","MakerWorld, Commercial-safe, Made to order, PLA, 3D print","No",""
"","","","19.99","","","","",""
"","","","19.99","","","","",""
"","","","19.99","","","","",""
"helmet-dead-space-2209390","Helmet Dead Space","<p><strong>Helmet Dead Space</strong> is a made-to-order PLA print based on the MakerWorld model <em>Helmet Dead Space</em> by Kostyk.</p><p>Useful as a practical desk, home, gift, or hobby accessory, it is printed after purchase in your selected color: Black, Yellow, White, Red. Each print is checked before shipping, with small layer lines normal for FDM 3D printing.</p><p>Made to order in the Bay Area. Processing time is typically 3-5 business days, and supply is unlimited because items are printed on demand.</p><p>Gallery images are MakerWorld creator images and/or rendered previews of the actual model, not photos of this exact made-to-order print.</p><p>Care: keep away from high heat, dishwashers, candles, and small children where parts may present a choking risk.</p><p>Attribution: Helmet Dead Space by Kostyk (@Kostyk), MakerWorld model 2209390, license BY-ND, source https://makerworld.com/en/models/2209390-helmet-dead-space</p>","29.99","","/cosplay-props","MakerWorld, Commercial-safe, Made to order, PLA, 3D print","No",""
"","","","29.99","","","","",""
"","","","29.99","","","","",""
"","","","29.99","","","","",""
"lolly-pop-pencil-holder-2337147","Lolly Pop Pencil Holder","<p><strong>Lolly Pop Pencil Holder</strong> is a made-to-order PLA print based on the MakerWorld model <em>Lolly pop pencil holder </em> by Ada &amp; K 3DA.</p><p>Useful as a practical desk, home, gift, or hobby accessory, it is printed after purchase in your selected color: Black, Yellow, White, Red. Each print is checked before shipping, with small layer lines normal for FDM 3D printing.</p><p>Made to order in the Bay Area. Processing time is typically 3-5 business days, and supply is unlimited because items are printed on demand.</p><p>Gallery images are MakerWorld creator images and/or rendered previews of the actual model, not photos of this exact made-to-order print.</p><p>Care: keep away from high heat, dishwashers, candles, and small children where parts may present a choking risk.</p><p>Attribution: Lolly pop pencil holder  by Ada &amp; K 3DA (@Artizmee), MakerWorld model 2337147, license BY-ND, source https://makerworld.com/en/models/2337147-lolly-pop-pencil-holder</p>","17.99","","/home-organization","MakerWorld, Commercial-safe, Made to order, PLA, 3D print","No",""
"","","","17.99","","","","",""
"","","","17.99","","","","",""
"","","","17.99","","","","",""
"hapata-5-fpv-drone-frame-1926243","HAPATA 5 FPV Drone Frame","<p><strong>HAPATA 5 FPV Drone Frame</strong> is a made-to-order PLA print based on the MakerWorld model <em>HAPATA 5 FPV Drone Frame</em> by Hapata.</p><p>Useful as a practical desk, home, gift, or hobby accessory, it is printed after purchase in your selected color: Black, Yellow, White, Red. Each print is checked before shipping, with small layer lines normal for FDM 3D printing.</p><p>Made to order in the Bay Area. Processing time is typically 3-5 business days, and supply is unlimited because items are printed on demand.</p><p>Gallery images are MakerWorld creator images and/or rendered previews of the actual model, not photos of this exact made-to-order print.</p><p>Care: keep away from high heat, dishwashers, candles, and small children where parts may present a choking risk.</p><p>Attribution: HAPATA 5 FPV Drone Frame by Hapata (@Hapata), MakerWorld model 1926243, license BY, source https://makerworld.com/en/models/1926243-hapata-5-fpv-drone-frame</p>","21.49","","/general-3d-prints","MakerWorld, Commercial-safe, Made to order, PLA, 3D print","No",""
"","","","21.49","","","","",""
"","","","21.49","","","","",""
"","","","21.49","","","","",""
"memory-lantern-an-illuminated-lithophane-holder-454453","Memory Lantern - an Illuminated Lithophane Holder","<p><strong>Memory Lantern – An Illuminated Lithophane Holder</strong> is a made-to-order PLA print based on the MakerWorld model <em>Memory Lantern – An Illuminated Lithophane Holder</em> by NotUrTypicalUserName.</p><p>Useful as a practical desk, home, gift, or hobby accessory, it is printed after purchase in your selected color: Black, Yellow, White, Red. Each print is checked before shipping, with small layer lines normal for FDM 3D printing.</p><p>Made to order in the Bay Area. Processing time is typically 3-5 business days, and supply is unlimited because items are printed on demand.</p><p>Gallery images are MakerWorld creator images and/or rendered previews of the actual model, not photos of this exact made-to-order print.</p><p>Care: keep away from high heat, dishwashers, candles, and small children where parts may present a choking risk.</p><p>Attribution: Memory Lantern – An Illuminated Lithophane Holder by NotUrTypicalUserName (@nutun), MakerWorld model 454453, license BY, source https://makerworld.com/en/models/454453-memory-lantern-an-illuminated-lithophane-holder</p>","25.99","","/home-organization","MakerWorld, Commercial-safe, Made to order, PLA, 3D print","No",""
"","","","25.99","","","","",""
"","","","25.99","","","","",""
"","","","25.99","","","","",""
"minimalistic-flexible-key-tags-51468","Minimalistic Flexible Key Tags","<p><strong>Minimalistic Flexible Key Tags</strong> is a made-to-order PLA print based on the MakerWorld model <em>Minimalistic Flexible Key Tags</em> by Akio-42.</p><p>Useful as a practical desk, home, gift, or hobby accessory, it is printed after purchase in your selected color: Black, Yellow, White, Red. Each print is checked before shipping, with small layer lines normal for FDM 3D printing.</p><p>Made to order in the Bay Area. Processing time is typically 3-5 business days, and supply is unlimited because items are printed on demand.</p><p>Gallery images are MakerWorld creator images and/or rendered previews of the actual model, not photos of this exact made-to-order print.</p><p>Care: keep away from high heat, dishwashers, candles, and small children where parts may present a choking risk.</p><p>Attribution: Minimalistic Flexible Key Tags by Akio-42 (@Akio42), MakerWorld model 51468, license BY-SA, source https://makerworld.com/en/models/51468-minimalistic-flexible-key-tags</p>","16.49","","/toys-figures","MakerWorld, Commercial-safe, Made to order, PLA, 3D print","No",""
"","","","16.49","","","","",""
"","","","16.49","","","","",""
"","","","16.49","","","","",""
"ac-dc-acdc-australian-rock-roll-band-icon-light-1756697","AC/DC Rock Band Icon Light Box Frame","<p><strong>AC/DC Rock Band Icon Light Box Frame</strong> is a made-to-order PLA print based on the MakerWorld model <em>AC/DC (ACDC) Australian Rock Roll Band Icon Light</em> by vidguide.</p><p><strong>Listing note:</strong> This listing is for the made-to-order 3D printed plastic part only. LED modules, candles, electronics, screens, light kits, and other non-printed accessories shown for context are not included unless explicitly stated.</p><p>Useful as a practical desk, home, gift, or hobby accessory, it is printed after purchase in your selected color: Black, Yellow, White, Red. Each print is checked before shipping, with small layer lines normal for FDM 3D printing.</p><p>Made to order in the Bay Area. Processing time is typically 3-5 business days, and supply is unlimited because items are printed on demand.</p><p>Gallery images are MakerWorld creator images and/or rendered previews of the actual model, not photos of this exact made-to-order print.</p><p>Care: keep away from high heat, dishwashers, candles, and small children where parts may present a choking risk.</p><p>Attribution: AC/DC (ACDC) Australian Rock Roll Band Icon Light by vidguide (@vidguide), MakerWorld model 1756697, license BY-SA, source https://makerworld.com/en/models/1756697-ac-dc-acdc-australian-rock-roll-band-icon-light</p>","21.49","","/decor-art","MakerWorld, Commercial-safe, Made to order, PLA, 3D print","No",""
"","","","21.49","","","","",""
"","","","21.49","","","","",""
"","","","21.49","","","","",""
"ussr-fighter-jet-1191212","USSR FIGHTER JET","<p><strong>USSR FIGHTER JET</strong> is a made-to-order PLA print based on the MakerWorld model <em>USSR FIGHTER JET</em> by bggento.</p><p>Useful as a practical desk, home, gift, or hobby accessory, it is printed after purchase in your selected color: Black, Yellow, White, Red. Each print is checked before shipping, with small layer lines normal for FDM 3D printing.</p><p>Made to order in the Bay Area. Processing time is typically 3-5 business days, and supply is unlimited because items are printed on demand.</p><p>Gallery images are MakerWorld creator images and/or rendered previews of the actual model, not photos of this exact made-to-order print.</p><p>Care: keep away from high heat, dishwashers, candles, and small children where parts may present a choking risk.</p><p>Attribution: USSR FIGHTER JET by bggento (@bggento), MakerWorld model 1191212, license CC0, source https://makerworld.com/en/models/1191212-ussr-fighter-jet</p>","15.49","","/general-3d-prints","MakerWorld, Commercial-safe, Made to order, PLA, 3D print","No",""
"","","","15.49","","","","",""
"","","","15.49","","","","",""
"","","","15.49","","","","",""
"bitten-chocolate-keychain-2158279","Bitten Chocolate Keychain","<p><strong>Bitten Chocolate Keychain</strong> is a made-to-order PLA print based on the MakerWorld model <em>Llavero chocolate mordido</em> by Primero3D.</p><p>Useful as a practical desk, home, gift, or hobby accessory, it is printed after purchase in your selected color: Black, Yellow, White, Red. Each print is checked before shipping, with small layer lines normal for FDM 3D printing.</p><p>Made to order in the Bay Area. Processing time is typically 3-5 business days, and supply is unlimited because items are printed on demand.</p><p>Gallery images are MakerWorld creator images and/or rendered previews of the actual model, not photos of this exact made-to-order print.</p><p>Care: keep away from high heat, dishwashers, candles, and small children where parts may present a choking risk.</p><p>Attribution: Llavero chocolate mordido by Primero3D (@Primero3D), MakerWorld model 2158279, license BY, source https://makerworld.com/en/models/2158279-bitten-chocolate-keychain</p>","18.49","","/keychains-charms","MakerWorld, Commercial-safe, Made to order, PLA, 3D print","No",""
"","","","18.49","","","","",""
"","","","18.49","","","","",""
"","","","18.49","","","","",""
"vase-twisted-454130","Vase Twisted","<p><strong>Vase Twisted</strong> is a made-to-order PLA print based on the MakerWorld model <em>Vase Twisted</em> by user_1800842215.</p><p>Useful as a practical desk, home, gift, or hobby accessory, it is printed after purchase in your selected color: Black, Yellow, White, Red. Each print is checked before shipping, with small layer lines normal for FDM 3D printing.</p><p>Made to order in the Bay Area. Processing time is typically 3-5 business days, and supply is unlimited because items are printed on demand.</p><p>Gallery images are MakerWorld creator images and/or rendered previews of the actual model, not photos of this exact made-to-order print.</p><p>Care: keep away from high heat, dishwashers, candles, and small children where parts may present a choking risk.</p><p>Attribution: Vase Twisted by user_1800842215 (@user_1800842215), MakerWorld model 454130, license BY, source https://makerworld.com/en/models/454130-vase-twisted</p>","21.99","","/decor-art","MakerWorld, Commercial-safe, Made to order, PLA, 3D print","No",""
"","","","21.99","","","","",""
"","","","21.99","","","","",""
"","","","21.99","","","","",""
"zeus-greek-mythology-with-joypad-1752249","Zeus Greek Mythology with Joypad","<p><strong>Zeus Greek Mythology With Joypad</strong> is a made-to-order PLA print based on the MakerWorld model <em>Zeus greek mythology with joypad</em> by ShoheiX.</p><p>Useful as a practical desk, home, gift, or hobby accessory, it is printed after purchase in your selected color: Black, Yellow, White, Red. Each print is checked before shipping, with small layer lines normal for FDM 3D printing.</p><p>Made to order in the Bay Area. Processing time is typically 3-5 business days, and supply is unlimited because items are printed on demand.</p><p>Gallery images are MakerWorld creator images and/or rendered previews of the actual model, not photos of this exact made-to-order print.</p><p>Care: keep away from high heat, dishwashers, candles, and small children where parts may present a choking risk.</p><p>Attribution: Zeus greek mythology with joypad by ShoheiX (@ShoheiX), MakerWorld model 1752249, license BY, source https://makerworld.com/en/models/1752249-zeus-greek-mythology-with-joypad</p>","17.99","","/toys-figures","MakerWorld, Commercial-safe, Made to order, PLA, 3D print","No",""
"","","","17.99","","","","",""
"","","","17.99","","","","",""
"","","","17.99","","","","",""
"yt-tues-miniature-dh-bike-2096899","YT Tues - Miniature DH Bike","<p><strong>YT Tues - Miniature DH Bike</strong> is a made-to-order PLA print based on the MakerWorld model <em>YT Tues - Miniature DH Bike</em> by zidnorclover.</p><p>Useful as a practical desk, home, gift, or hobby accessory, it is printed after purchase in your selected color: Black, Yellow, White, Red. Each print is checked before shipping, with small layer lines normal for FDM 3D printing.</p><p>Made to order in the Bay Area. Processing time is typically 3-5 business days, and supply is unlimited because items are printed on demand.</p><p>Gallery images are MakerWorld creator images and/or rendered previews of the actual model, not photos of this exact made-to-order print.</p><p>Care: keep away from high heat, dishwashers, candles, and small children where parts may present a choking risk.</p><p>Attribution: YT Tues - Miniature DH Bike by zidnorclover (@zidnorclover), MakerWorld model 2096899, license CC0, source https://makerworld.com/en/models/2096899-yt-tues-miniature-dh-bike</p>","19.99","","/toys-figures","MakerWorld, Commercial-safe, Made to order, PLA, 3D print","No",""
"","","","19.99","","","","",""
"","","","19.99","","","","",""
"","","","19.99","","","","",""
"vintage-triumph-2-sided-station-lightbox-sign-2488479","VINTAGE TRIUMPH - 2-Sided Station Lightbox Sign","<p><strong>VINTAGE TRIUMPH - 2-Sided Station Lightbox Sign</strong> is a made-to-order PLA print based on the MakerWorld model <em>VINTAGE TRIUMPH - 2-Sided Station Lightbox Sign</em> by ChopperOriginals.</p><p>Useful as a practical desk, home, gift, or hobby accessory, it is printed after purchase in your selected color: Black, Yellow, White, Red. Each print is checked before shipping, with small layer lines normal for FDM 3D printing.</p><p>Made to order in the Bay Area. Processing time is typically 3-5 business days, and supply is unlimited because items are printed on demand.</p><p>Gallery images are MakerWorld creator images and/or rendered previews of the actual model, not photos of this exact made-to-order print.</p><p>Care: keep away from high heat, dishwashers, candles, and small children where parts may present a choking risk.</p><p>Attribution: VINTAGE TRIUMPH - 2-Sided Station Lightbox Sign by ChopperOriginals (@Chris_Robertson), MakerWorld model 2488479, license BY-ND, source https://makerworld.com/en/models/2488479-vintage-triumph-2-sided-station-lightbox-sign</p>","17.99","","/home-organization","MakerWorld, Commercial-safe, Made to order, PLA, 3D print","No",""
"","","","17.99","","","","",""
"","","","17.99","","","","",""
"","","","17.99","","","","",""
"lampara-1342147","Lampara","<p><strong>Lampara</strong> is a made-to-order PLA print based on the MakerWorld model <em>Lampara</em> by user_926599960.</p><p>Useful as a practical desk, home, gift, or hobby accessory, it is printed after purchase in your selected color: Black, Yellow, White, Red. Each print is checked before shipping, with small layer lines normal for FDM 3D printing.</p><p>Made to order in the Bay Area. Processing time is typically 3-5 business days, and supply is unlimited because items are printed on demand.</p><p>Gallery images are MakerWorld creator images and/or rendered previews of the actual model, not photos of this exact made-to-order print.</p><p>Care: keep away from high heat, dishwashers, candles, and small children where parts may present a choking risk.</p><p>Attribution: Lampara by user_926599960 (@user_926599960), MakerWorld model 1342147, license BY, source https://makerworld.com/en/models/1342147-lampara</p>","20.49","","/decor-art","MakerWorld, Commercial-safe, Made to order, PLA, 3D print","No",""
"","","","20.49","","","","",""
"","","","20.49","","","","",""
"","","","20.49","","","","",""
"cup-stacker-2303720","Cup Stacker","<p><strong>Cup Stacker</strong> is a made-to-order PLA print based on the MakerWorld model <em>Cup Stacker</em> by H11.</p><p>Useful as a practical desk, home, gift, or hobby accessory, it is printed after purchase in your selected color: Black, Yellow, White, Red. Each print is checked before shipping, with small layer lines normal for FDM 3D printing.</p><p>Made to order in the Bay Area. Processing time is typically 3-5 business days, and supply is unlimited because items are printed on demand.</p><p>Gallery images are MakerWorld creator images and/or rendered previews of the actual model, not photos of this exact made-to-order print.</p><p>Care: keep away from high heat, dishwashers, candles, and small children where parts may present a choking risk.</p><p>Attribution: Cup Stacker by H11 (@user_1976400918), MakerWorld model 2303720, license BY, source https://makerworld.com/en/models/2303720-cup-stacker</p>","23.99","","/home-organization","MakerWorld, Commercial-safe, Made to order, PLA, 3D print","No",""
"","","","23.99","","","","",""
"","","","23.99","","","","",""
"","","","23.99","","","","",""
"keystone-housing-with-cable-clamp-base-2107491","Keystone Housing with Cable Clamp Base","<p><strong>Keystone Housing With Cable Clamp Base</strong> is a made-to-order PLA print based on the MakerWorld model <em>Keystone Geh&auml;use mit Kabel quetsch Boden</em> by Benno Wolf.</p><p>Useful as a practical desk, home, gift, or hobby accessory, it is printed after purchase in your selected color: Black, Yellow, White, Red. Each print is checked before shipping, with small layer lines normal for FDM 3D printing.</p><p>Made to order in the Bay Area. Processing time is typically 3-5 business days, and supply is unlimited because items are printed on demand.</p><p>Gallery images are MakerWorld creator images and/or rendered previews of the actual model, not photos of this exact made-to-order print.</p><p>Care: keep away from high heat, dishwashers, candles, and small children where parts may present a choking risk.</p><p>Attribution: Keystone Geh&auml;use mit Kabel quetsch Boden by Benno Wolf (@bennowolf), MakerWorld model 2107491, license CC0, source https://makerworld.com/en/models/2107491-keystone-housing-with-cable-clamp-base</p>","23.99","","/desk-office","MakerWorld, Commercial-safe, Made to order, PLA, 3D print","No",""
"","","","23.99","","","","",""
"","","","23.99","","","","",""
"","","","23.99","","","","",""
"beartoad-ez-molle-mounting-systems-2164592","BearToad EZ Molle Mounting Systems","<p><strong>BearToad EZ Molle Mounting Systems</strong> is a made-to-order PLA print based on the MakerWorld model <em>BearToad EZ Molle Mounting Systems</em> by BearToad.</p><p>Useful as a practical desk, home, gift, or hobby accessory, it is printed after purchase in your selected color: Black, Yellow, White, Red. Each print is checked before shipping, with small layer lines normal for FDM 3D printing.</p><p>Made to order in the Bay Area. Processing time is typically 3-5 business days, and supply is unlimited because items are printed on demand.</p><p>Gallery images are MakerWorld creator images and/or rendered previews of the actual model, not photos of this exact made-to-order print.</p><p>Care: keep away from high heat, dishwashers, candles, and small children where parts may present a choking risk.</p><p>Attribution: BearToad EZ Molle Mounting Systems by BearToad (@BeerTheFuzz), MakerWorld model 2164592, license BY-ND, source https://makerworld.com/en/models/2164592-beartoad-ez-molle-mounting-systems</p>","14.49","","/toys-figures","MakerWorld, Commercial-safe, Made to order, PLA, 3D print","No",""
"","","","14.49","","","","",""
"","","","14.49","","","","",""
"","","","14.49","","","","",""
"organizer-for-sata-3-5-hard-drives-gridfinity-2142550","Organizer for SATA 3 5 Hard Drives (Gridfinity)","<p><strong>Organizer For SATA 3 5 Hard Drives (Gridfinity)</strong> is a made-to-order PLA print based on the MakerWorld model <em>Organizer for SATA 3.5 Hard Drives (Gridfinity)</em> by Amador Profissional.</p><p>Useful as a practical desk, home, gift, or hobby accessory, it is printed after purchase in your selected color: Black, Yellow, White, Red. Each print is checked before shipping, with small layer lines normal for FDM 3D printing.</p><p>Made to order in the Bay Area. Processing time is typically 3-5 business days, and supply is unlimited because items are printed on demand.</p><p>Gallery images are MakerWorld creator images and/or rendered previews of the actual model, not photos of this exact made-to-order print.</p><p>Care: keep away from high heat, dishwashers, candles, and small children where parts may present a choking risk.</p><p>Attribution: Organizer for SATA 3.5 Hard Drives (Gridfinity) by Amador Profissional (@amadorpro), MakerWorld model 2142550, license BY, source https://makerworld.com/en/models/2142550-organizer-for-sata-3-5-hard-drives-gridfinity</p>","19.49","","/home-organization","MakerWorld, Commercial-safe, Made to order, PLA, 3D print","No",""
"","","","19.49","","","","",""
"","","","19.49","","","","",""
"","","","19.49","","","","",""
"temptress-gargoyle-can-holder-beer-mug-2423795","Temptress Gargoyle - Can Holder / Beer Mug","<p><strong>Temptress Gargoyle - Can Holder / Beer Mug</strong> is a made-to-order PLA print based on the MakerWorld model <em>Temptress Gargoyle - Can Holder / Beer mug</em> by RUMcajz.</p><p>Useful as a practical desk, home, gift, or hobby accessory, it is printed after purchase in your selected color: Black, Yellow, White, Red. Each print is checked before shipping, with small layer lines normal for FDM 3D printing.</p><p>Made to order in the Bay Area. Processing time is typically 3-5 business days, and supply is unlimited because items are printed on demand.</p><p>Gallery images are MakerWorld creator images and/or rendered previews of the actual model, not photos of this exact made-to-order print.</p><p>Care: keep away from high heat, dishwashers, candles, and small children where parts may present a choking risk.</p><p>Attribution: Temptress Gargoyle - Can Holder / Beer mug by RUMcajz (@RUMcajz), MakerWorld model 2423795, license BY, source https://makerworld.com/en/models/2423795-temptress-gargoyle-can-holder-beer-mug</p>","15.99","","/home-organization","MakerWorld, Commercial-safe, Made to order, PLA, 3D print","No",""
"","","","15.99","","","","",""
"","","","15.99","","","","",""
"","","","15.99","","","","",""
"lampe-jack-skellington-2067047","Lampe Jack Skellington","<p><strong>Lampe Jack Skellington</strong> is a made-to-order PLA print based on the MakerWorld model <em>lampe Jack Skellington </em> by tanguy.</p><p>Useful as a practical desk, home, gift, or hobby accessory, it is printed after purchase in your selected color: Black, Yellow, White, Red. Each print is checked before shipping, with small layer lines normal for FDM 3D printing.</p><p>Made to order in the Bay Area. Processing time is typically 3-5 business days, and supply is unlimited because items are printed on demand.</p><p>Gallery images are MakerWorld creator images and/or rendered previews of the actual model, not photos of this exact made-to-order print.</p><p>Care: keep away from high heat, dishwashers, candles, and small children where parts may present a choking risk.</p><p>Attribution: lampe Jack Skellington  by tanguy (@tanguy59), MakerWorld model 2067047, license BY-ND, source https://makerworld.com/en/models/2067047-lampe-jack-skellington</p>","23.49","","/decor-art","MakerWorld, Commercial-safe, Made to order, PLA, 3D print","No",""
"","","","23.49","","","","",""
"","","","23.49","","","","",""
"","","","23.49","","","","",""
"soda-can-slicer-1946385","Soda Can Slicer","<p><strong>Soda Can Slicer</strong> is a made-to-order PLA print based on the MakerWorld model <em>Soda can slicer</em> by Radditzuniverse54.</p><p>Useful as a practical desk, home, gift, or hobby accessory, it is printed after purchase in your selected color: Black, Yellow, White, Red. Each print is checked before shipping, with small layer lines normal for FDM 3D printing.</p><p>Made to order in the Bay Area. Processing time is typically 3-5 business days, and supply is unlimited because items are printed on demand.</p><p>Gallery images are MakerWorld creator images and/or rendered previews of the actual model, not photos of this exact made-to-order print.</p><p>Care: keep away from high heat, dishwashers, candles, and small children where parts may present a choking risk.</p><p>Attribution: Soda can slicer by Radditzuniverse54 (@user_4079520297), MakerWorld model 1946385, license CC0, source https://makerworld.com/en/models/1946385-soda-can-slicer</p>","25.99","","/general-3d-prints","MakerWorld, Commercial-safe, Made to order, PLA, 3D print","No",""
"","","","25.99","","","","",""
"","","","25.99","","","","",""
"","","","25.99","","","","",""
"christmas-ornament-tree-ball-text-edit-on-slicer-727579","Christmas Ornament Tree Ball Text Edit on Slicer","<p><strong>Christmas Ornament Tree Ball Text Edit On Slicer</strong> is a made-to-order PLA print based on the MakerWorld model <em>Christmas ornament tree ball text edit on slicer</em> by Pedro Vila Nova.</p><p>Useful as a practical desk, home, gift, or hobby accessory, it is printed after purchase in your selected color: Black, Yellow, White, Red. Each print is checked before shipping, with small layer lines normal for FDM 3D printing.</p><p>Made to order in the Bay Area. Processing time is typically 3-5 business days, and supply is unlimited because items are printed on demand.</p><p>Gallery images are MakerWorld creator images and/or rendered previews of the actual model, not photos of this exact made-to-order print.</p><p>Care: keep away from high heat, dishwashers, candles, and small children where parts may present a choking risk.</p><p>Attribution: Christmas ornament tree ball text edit on slicer by Pedro Vila Nova (@PedroVN), MakerWorld model 727579, license CC0, source https://makerworld.com/en/models/727579-christmas-ornament-tree-ball-text-edit-on-slicer</p>","7.99","","/holiday-seasonal","MakerWorld, Commercial-safe, Made to order, PLA, 3D print","No",""
"","","","7.99","","","","",""
"","","","7.99","","","","",""
"","","","7.99","","","","",""
"lighting-chandelier-775729","Lighting , Chandelier","<p><strong>Lighting , Chandelier</strong> is a made-to-order PLA print based on the MakerWorld model <em>Lighting , chandelier</em> by huzicpat.</p><p>Useful as a practical desk, home, gift, or hobby accessory, it is printed after purchase in your selected color: Black, Yellow, White, Red. Each print is checked before shipping, with small layer lines normal for FDM 3D printing.</p><p>Made to order in the Bay Area. Processing time is typically 3-5 business days, and supply is unlimited because items are printed on demand.</p><p>Gallery images are MakerWorld creator images and/or rendered previews of the actual model, not photos of this exact made-to-order print.</p><p>Care: keep away from high heat, dishwashers, candles, and small children where parts may present a choking risk.</p><p>Attribution: Lighting , chandelier by huzicpat (@huzicpat), MakerWorld model 775729, license BY, source https://makerworld.com/en/models/775729-lighting-chandelier</p>","19.49","","/general-3d-prints","MakerWorld, Commercial-safe, Made to order, PLA, 3D print","No",""
"","","","19.49","","","","",""
"","","","19.49","","","","",""
"","","","19.49","","","","",""
"shotgun-light-mount-2063961","Shotgun Light Mount","<p><strong>Shotgun Light Mount</strong> is a made-to-order PLA print based on the MakerWorld model <em>Shotgun Light Mount</em> by pmac.</p><p>Useful as a practical desk, home, gift, or hobby accessory, it is printed after purchase in your selected color: Black, Yellow, White, Red. Each print is checked before shipping, with small layer lines normal for FDM 3D printing.</p><p>Made to order in the Bay Area. Processing time is typically 3-5 business days, and supply is unlimited because items are printed on demand.</p><p>Gallery images are MakerWorld creator images and/or rendered previews of the actual model, not photos of this exact made-to-order print.</p><p>Care: keep away from high heat, dishwashers, candles, and small children where parts may present a choking risk.</p><p>Attribution: Shotgun Light Mount by pmac (@pmac), MakerWorld model 2063961, license BY-ND, source https://makerworld.com/en/models/2063961-shotgun-light-mount</p>","19.99","","/functional-parts-tools","MakerWorld, Commercial-safe, Made to order, PLA, 3D print","No",""
"","","","19.99","","","","",""
"","","","19.99","","","","",""
"","","","19.99","","","","",""
"beta-fish-2352153","Beta Fish","<p><strong>Beta Fish</strong> is a made-to-order PLA print based on the MakerWorld model <em>Beta Fish</em> by Gorgz.</p><p>Useful as a practical desk, home, gift, or hobby accessory, it is printed after purchase in your selected color: Black, Yellow, White, Red. Each print is checked before shipping, with small layer lines normal for FDM 3D printing.</p><p>Made to order in the Bay Area. Processing time is typically 3-5 business days, and supply is unlimited because items are printed on demand.</p><p>Gallery images are MakerWorld creator images and/or rendered previews of the actual model, not photos of this exact made-to-order print.</p><p>Care: keep away from high heat, dishwashers, candles, and small children where parts may present a choking risk.</p><p>Attribution: Beta Fish by Gorgz (@gorgz), MakerWorld model 2352153, license BY-ND, source https://makerworld.com/en/models/2352153-beta-fish</p>","14.49","","/toys-figures","MakerWorld, Commercial-safe, Made to order, PLA, 3D print","No",""
"","","","14.49","","","","",""
"","","","14.49","","","","",""
"","","","14.49","","","","",""
"christmas-litho-light-ball-no2-1931425","Christmas Lithophane Light Ball Shell No2","<p><strong>Christmas Lithophane Light Ball Shell No2</strong> is a made-to-order PLA print based on the MakerWorld model <em>Christmas Litho Light Ball No2</em> by Georgia 3D Workshop.</p><p><strong>Listing note:</strong> This listing is for the made-to-order 3D printed plastic part only. LED modules, candles, electronics, screens, light kits, and other non-printed accessories shown for context are not included unless explicitly stated.</p><p>Useful as a practical desk, home, gift, or hobby accessory, it is printed after purchase in your selected color: Black, Yellow, White, Red. Each print is checked before shipping, with small layer lines normal for FDM 3D printing.</p><p>Made to order in the Bay Area. Processing time is typically 3-5 business days, and supply is unlimited because items are printed on demand.</p><p>Gallery images are MakerWorld creator images and/or rendered previews of the actual model, not photos of this exact made-to-order print.</p><p>Care: keep away from high heat, dishwashers, candles, and small children where parts may present a choking risk.</p><p>Attribution: Christmas Litho Light Ball No2 by Georgia 3D Workshop (@liakos3), MakerWorld model 1931425, license BY-ND, source https://makerworld.com/en/models/1931425-christmas-litho-light-ball-no2</p>","21.49","","/holiday-seasonal","MakerWorld, Commercial-safe, Made to order, PLA, 3D print","No",""
"","","","21.49","","","","",""
"","","","21.49","","","","",""
"","","","21.49","","","","",""
"dnd-human-male-rogue-32mm-scale-2298540","D&D Human Male Rogue 32mm Scale","<p><strong>DnD Human Male Rogue 32mm Scale</strong> is a made-to-order PLA print based on the MakerWorld model <em>DnD Human Male Rogue 32mm scale</em> by Amlan.</p><p>Useful as a practical desk, home, gift, or hobby accessory, it is printed after purchase in your selected color: Black, Yellow, White, Red. Each print is checked before shipping, with small layer lines normal for FDM 3D printing.</p><p>Made to order in the Bay Area. Processing time is typically 3-5 business days, and supply is unlimited because items are printed on demand.</p><p>Gallery images are MakerWorld creator images and/or rendered previews of the actual model, not photos of this exact made-to-order print.</p><p>Care: keep away from high heat, dishwashers, candles, and small children where parts may present a choking risk.</p><p>Attribution: DnD Human Male Rogue 32mm scale by Amlan (@amlanting), MakerWorld model 2298540, license CC0, source https://makerworld.com/en/models/2298540-dnd-human-male-rogue-32mm-scale</p>","15.99","","/general-3d-prints","MakerWorld, Commercial-safe, Made to order, PLA, 3D print","No",""
"","","","15.99","","","","",""
"","","","15.99","","","","",""
"","","","15.99","","","","",""
"christmas-balls-380835","Christmas Balls","<p><strong>Christmas Balls</strong> is a made-to-order PLA print based on the MakerWorld model <em>Christmas balls</em> by Sop3d.</p><p>Useful as a practical desk, home, gift, or hobby accessory, it is printed after purchase in your selected color: Black, Yellow, White, Red. Each print is checked before shipping, with small layer lines normal for FDM 3D printing.</p><p>Made to order in the Bay Area. Processing time is typically 3-5 business days, and supply is unlimited because items are printed on demand.</p><p>Gallery images are MakerWorld creator images and/or rendered previews of the actual model, not photos of this exact made-to-order print.</p><p>Care: keep away from high heat, dishwashers, candles, and small children where parts may present a choking risk.</p><p>Attribution: Christmas balls by Sop3d (@Sop3D), MakerWorld model 380835, license BY-SA, source https://makerworld.com/en/models/380835-christmas-balls</p>","17.99","","/holiday-seasonal","MakerWorld, Commercial-safe, Made to order, PLA, 3D print","No",""
"","","","17.99","","","","",""
"","","","17.99","","","","",""
"","","","17.99","","","","",""
"makeup-drawer-organisers-optional-gridfinity-2219907","Makeup Drawer Organisers (Optional Gridfinity)","<p><strong>Makeup Drawer Organisers (Optional Gridfinity)</strong> is a made-to-order PLA print based on the MakerWorld model <em>Makeup Drawer Organisers (Optional Gridfinity)</em> by ValleyPrintsmith.</p><p>Useful as a practical desk, home, gift, or hobby accessory, it is printed after purchase in your selected color: Black, Yellow, White, Red. Each print is checked before shipping, with small layer lines normal for FDM 3D printing.</p><p>Made to order in the Bay Area. Processing time is typically 3-5 business days, and supply is unlimited because items are printed on demand.</p><p>Gallery images are MakerWorld creator images and/or rendered previews of the actual model, not photos of this exact made-to-order print.</p><p>Care: keep away from high heat, dishwashers, candles, and small children where parts may present a choking risk.</p><p>Attribution: Makeup Drawer Organisers (Optional Gridfinity) by ValleyPrintsmith (@vPrintsmith), MakerWorld model 2219907, license BY-SA, source https://makerworld.com/en/models/2219907-makeup-drawer-organisers-optional-gridfinity</p>","23.49","","/home-organization","MakerWorld, Commercial-safe, Made to order, PLA, 3D print","No",""
"","","","23.49","","","","",""
"","","","23.49","","","","",""
"","","","23.49","","","","",""
"achiles-1734794","Achiles","<p><strong>Achiles</strong> is a made-to-order PLA print based on the MakerWorld model <em>Achiles</em> by 3DominikPrint.</p><p>Useful as a practical desk, home, gift, or hobby accessory, it is printed after purchase in your selected color: Black, Yellow, White, Red. Each print is checked before shipping, with small layer lines normal for FDM 3D printing.</p><p>Made to order in the Bay Area. Processing time is typically 3-5 business days, and supply is unlimited because items are printed on demand.</p><p>Gallery images are MakerWorld creator images and/or rendered previews of the actual model, not photos of this exact made-to-order print.</p><p>Care: keep away from high heat, dishwashers, candles, and small children where parts may present a choking risk.</p><p>Attribution: Achiles by 3DominikPrint (@3DominikPrint), MakerWorld model 1734794, license CC0, source https://makerworld.com/en/models/1734794-achiles</p>","19.99","","/general-3d-prints","MakerWorld, Commercial-safe, Made to order, PLA, 3D print","No",""
"","","","19.99","","","","",""
"","","","19.99","","","","",""
"","","","19.99","","","","",""
"gremlin-punk-1916827","Gremlin Punk","<p><strong>Gremlin Punk</strong> is a made-to-order PLA print based on the MakerWorld model <em>Gremlin punk</em> by lemeneur.</p><p>Useful as a practical desk, home, gift, or hobby accessory, it is printed after purchase in your selected color: Black, Yellow, White, Red. Each print is checked before shipping, with small layer lines normal for FDM 3D printing.</p><p>Made to order in the Bay Area. Processing time is typically 3-5 business days, and supply is unlimited because items are printed on demand.</p><p>Gallery images are MakerWorld creator images and/or rendered previews of the actual model, not photos of this exact made-to-order print.</p><p>Care: keep away from high heat, dishwashers, candles, and small children where parts may present a choking risk.</p><p>Attribution: Gremlin punk by lemeneur (@lemeneur), MakerWorld model 1916827, license BY-SA, source https://makerworld.com/en/models/1916827-gremlin-punk</p>","21.49","","/general-3d-prints","MakerWorld, Commercial-safe, Made to order, PLA, 3D print","No",""
"","","","21.49","","","","",""
"","","","21.49","","","","",""
"","","","21.49","","","","",""
"sayodevice-o3c-desktop-stand-2155104","SayoDevice O3C Desktop Stand","<p><strong>SayoDevice O3C Desktop Stand</strong> is a made-to-order PLA print based on the MakerWorld model <em>SayoDevice O3C Desktop Stand</em> by Pafi.</p><p>Useful as a practical desk, home, gift, or hobby accessory, it is printed after purchase in your selected color: Black, Yellow, White, Red. Each print is checked before shipping, with small layer lines normal for FDM 3D printing.</p><p>Made to order in the Bay Area. Processing time is typically 3-5 business days, and supply is unlimited because items are printed on demand.</p><p>Gallery images are MakerWorld creator images and/or rendered previews of the actual model, not photos of this exact made-to-order print.</p><p>Care: keep away from high heat, dishwashers, candles, and small children where parts may present a choking risk.</p><p>Attribution: SayoDevice O3C Desktop Stand by Pafi (@Pafi_), MakerWorld model 2155104, license BY, source https://makerworld.com/en/models/2155104-sayodevice-o3c-desktop-stand</p>","19.99","","/desk-office","MakerWorld, Commercial-safe, Made to order, PLA, 3D print","No",""
"","","","19.99","","","","",""
"","","","19.99","","","","",""
"","","","19.99","","","","",""
"love-tealights-966233","LOVE Tealights","<p><strong>LOVE Tealights</strong> is a made-to-order PLA print based on the MakerWorld model <em>LOVE Tealights</em> by santannabradshaw.</p><p>Useful as a practical desk, home, gift, or hobby accessory, it is printed after purchase in your selected color: Black, Yellow, White, Red. Each print is checked before shipping, with small layer lines normal for FDM 3D printing.</p><p>Made to order in the Bay Area. Processing time is typically 3-5 business days, and supply is unlimited because items are printed on demand.</p><p>Gallery images are MakerWorld creator images and/or rendered previews of the actual model, not photos of this exact made-to-order print.</p><p>Care: keep away from high heat, dishwashers, candles, and small children where parts may present a choking risk.</p><p>Attribution: LOVE Tealights by santannabradshaw (@santannabradsha), MakerWorld model 966233, license CC0, source https://makerworld.com/en/models/966233-love-tealights</p>","26.49","","/home-organization","MakerWorld, Commercial-safe, Made to order, PLA, 3D print","No",""
"","","","26.49","","","","",""
"","","","26.49","","","","",""
"","","","26.49","","","","",""
"boombox-form-business-card-holder-529523","Boombox Form Business Card Holder","<p><strong>Boombox Form Business Card Holder</strong> is a made-to-order PLA print based on the MakerWorld model <em>Boombox Form Business Card Holder</em> by r.cheeks.</p><p>Useful as a practical desk, home, gift, or hobby accessory, it is printed after purchase in your selected color: Black, Yellow, White, Red. Each print is checked before shipping, with small layer lines normal for FDM 3D printing.</p><p>Made to order in the Bay Area. Processing time is typically 3-5 business days, and supply is unlimited because items are printed on demand.</p><p>Gallery images are MakerWorld creator images and/or rendered previews of the actual model, not photos of this exact made-to-order print.</p><p>Care: keep away from high heat, dishwashers, candles, and small children where parts may present a choking risk.</p><p>Attribution: Boombox Form Business Card Holder by r.cheeks (@r.cheeks), MakerWorld model 529523, license BY-SA, source https://makerworld.com/en/models/529523-boombox-form-business-card-holder</p>","15.99","","/home-organization","MakerWorld, Commercial-safe, Made to order, PLA, 3D print","No",""
"","","","15.99","","","","",""
"","","","15.99","","","","",""
"","","","15.99","","","","",""
"two-keychains-with-names-on-the-back-1039741","Two Keychains with Names on the Back","<p><strong>Two Keychains With Names On The Back</strong> is a made-to-order PLA print based on the MakerWorld model <em>Dos llaveros con nombre por detr&aacute;s</em> by Rodrigo Blanco.</p><p>Useful as a practical desk, home, gift, or hobby accessory, it is printed after purchase in your selected color: Black, Yellow, White, Red. Each print is checked before shipping, with small layer lines normal for FDM 3D printing.</p><p>Made to order in the Bay Area. Processing time is typically 3-5 business days, and supply is unlimited because items are printed on demand.</p><p>Gallery images are MakerWorld creator images and/or rendered previews of the actual model, not photos of this exact made-to-order print.</p><p>Care: keep away from high heat, dishwashers, candles, and small children where parts may present a choking risk.</p><p>Attribution: Dos llaveros con nombre por detr&aacute;s by Rodrigo Blanco (@rodrigo_b), MakerWorld model 1039741, license BY, source https://makerworld.com/en/models/1039741-two-keychains-with-names-on-the-back</p>","11.49","","/keychains-charms","MakerWorld, Commercial-safe, Made to order, PLA, 3D print","No",""
"","","","11.49","","","","",""
"","","","11.49","","","","",""
"","","","11.49","","","","",""
"realistic-human-skull-1350047","Realistic Human Skull","<p><strong>Realistic Human Skull</strong> is a made-to-order PLA print based on the MakerWorld model <em>Realistic human skull</em> by Ainon3Dprint.</p><p>Useful as a practical desk, home, gift, or hobby accessory, it is printed after purchase in your selected color: Black, Yellow, White, Red. Each print is checked before shipping, with small layer lines normal for FDM 3D printing.</p><p>Made to order in the Bay Area. Processing time is typically 3-5 business days, and supply is unlimited because items are printed on demand.</p><p>Gallery images are MakerWorld creator images and/or rendered previews of the actual model, not photos of this exact made-to-order print.</p><p>Care: keep away from high heat, dishwashers, candles, and small children where parts may present a choking risk.</p><p>Attribution: Realistic human skull by Ainon3Dprint (@Ainon3Dprint), MakerWorld model 1350047, license BY, source https://makerworld.com/en/models/1350047-realistic-human-skull</p>","11.99","","/holiday-seasonal","MakerWorld, Commercial-safe, Made to order, PLA, 3D print","No",""
"","","","11.99","","","","",""
"","","","11.99","","","","",""
"","","","11.99","","","","",""
"main-types-of-ammunition-used-in-the-world-2248272","Main Types of Ammunition Used in the World","<p><strong>Main Types Of Ammunition Used In The World</strong> is a made-to-order PLA print based on the MakerWorld model <em>Main types of ammunition used in the world</em> by Bryan Extreme.</p><p>Useful as a practical desk, home, gift, or hobby accessory, it is printed after purchase in your selected color: Black, Yellow, White, Red. Each print is checked before shipping, with small layer lines normal for FDM 3D printing.</p><p>Made to order in the Bay Area. Processing time is typically 3-5 business days, and supply is unlimited because items are printed on demand.</p><p>Gallery images are MakerWorld creator images and/or rendered previews of the actual model, not photos of this exact made-to-order print.</p><p>Care: keep away from high heat, dishwashers, candles, and small children where parts may present a choking risk.</p><p>Attribution: Main types of ammunition used in the world by Bryan Extreme (@user_233999261), MakerWorld model 2248272, license CC0, source https://makerworld.com/en/models/2248272-main-types-of-ammunition-used-in-the-world</p>","17.99","","/general-3d-prints","MakerWorld, Commercial-safe, Made to order, PLA, 3D print","No",""
"","","","17.99","","","","",""
"","","","17.99","","","","",""
"","","","17.99","","","","",""
"iloveu-pencil-or-flower-pot-154475","ILoveU Pencil or Flower Pot","<p><strong>ILoveU Pencil Or Flower Pot</strong> is a made-to-order PLA print based on the MakerWorld model <em>ILoveU Pencil or Flower Pot</em> by Lucky Luc.</p><p>Useful as a practical desk, home, gift, or hobby accessory, it is printed after purchase in your selected color: Black, Yellow, White, Red. Each print is checked before shipping, with small layer lines normal for FDM 3D printing.</p><p>Made to order in the Bay Area. Processing time is typically 3-5 business days, and supply is unlimited because items are printed on demand.</p><p>Gallery images are MakerWorld creator images and/or rendered previews of the actual model, not photos of this exact made-to-order print.</p><p>Care: keep away from high heat, dishwashers, candles, and small children where parts may present a choking risk.</p><p>Attribution: ILoveU Pencil or Flower Pot by Lucky Luc (@LuckyLuc), MakerWorld model 154475, license BY-SA, source https://makerworld.com/en/models/154475-iloveu-pencil-or-flower-pot</p>","13.99","","/desk-office","MakerWorld, Commercial-safe, Made to order, PLA, 3D print","No",""
"","","","13.99","","","","",""
"","","","13.99","","","","",""
"","","","13.99","","","","",""
"photo-frame-christmas-globe-76535","Photo Frame Christmas Globe","<p><strong>Photo Frame Christmas Globe</strong> is a made-to-order PLA print based on the MakerWorld model <em>Photo Frame Christmas globe</em> by ZumDag.</p><p>Useful as a practical desk, home, gift, or hobby accessory, it is printed after purchase in your selected color: Black, Yellow, White, Red. Each print is checked before shipping, with small layer lines normal for FDM 3D printing.</p><p>Made to order in the Bay Area. Processing time is typically 3-5 business days, and supply is unlimited because items are printed on demand.</p><p>Gallery images are MakerWorld creator images and/or rendered previews of the actual model, not photos of this exact made-to-order print.</p><p>Care: keep away from high heat, dishwashers, candles, and small children where parts may present a choking risk.</p><p>Attribution: Photo Frame Christmas globe by ZumDag (@ZumDag), MakerWorld model 76535, license BY, source https://makerworld.com/en/models/76535-photo-frame-christmas-globe</p>","11.99","","/holiday-seasonal","MakerWorld, Commercial-safe, Made to order, PLA, 3D print","No",""
"","","","11.99","","","","",""
"","","","11.99","","","","",""
"","","","11.99","","","","",""
"the-halloween-horror-door-corners-1756198","The Halloween Horror Door Corners","<p><strong>The Halloween Horror Door Corners</strong> is a made-to-order PLA print based on the MakerWorld model <em>The Halloween Horror Door Corners</em> by TheKirklands.</p><p>Useful as a practical desk, home, gift, or hobby accessory, it is printed after purchase in your selected color: Black, Yellow, White, Red. Each print is checked before shipping, with small layer lines normal for FDM 3D printing.</p><p>Made to order in the Bay Area. Processing time is typically 3-5 business days, and supply is unlimited because items are printed on demand.</p><p>Gallery images are MakerWorld creator images and/or rendered previews of the actual model, not photos of this exact made-to-order print.</p><p>Care: keep away from high heat, dishwashers, candles, and small children where parts may present a choking risk.</p><p>Attribution: The Halloween Horror Door Corners by TheKirklands (@TheKirklands), MakerWorld model 1756198, license CC0, source https://makerworld.com/en/models/1756198-the-halloween-horror-door-corners</p>","17.49","","/holiday-seasonal","MakerWorld, Commercial-safe, Made to order, PLA, 3D print","No",""
"","","","17.49","","","","",""
"","","","17.49","","","","",""
"","","","17.49","","","","",""
"sir-daniel-fortesque-medievil-dan-hand-1924084","Sir Daniel Fortesque - MediEvil - Dan-Hand","<p><strong>Sir Daniel Fortesque - MediEvil - Dan-Hand</strong> is a made-to-order PLA print based on the MakerWorld model <em>Sir Daniel Fortesque - MediEvil - Dan-hand</em> by VenomDrake.</p><p>Useful as a practical desk, home, gift, or hobby accessory, it is printed after purchase in your selected color: Black, Yellow, White, Red. Each print is checked before shipping, with small layer lines normal for FDM 3D printing.</p><p>Made to order in the Bay Area. Processing time is typically 3-5 business days, and supply is unlimited because items are printed on demand.</p><p>Gallery images are MakerWorld creator images and/or rendered previews of the actual model, not photos of this exact made-to-order print.</p><p>Care: keep away from high heat, dishwashers, candles, and small children where parts may present a choking risk.</p><p>Attribution: Sir Daniel Fortesque - MediEvil - Dan-hand by VenomDrake (@venomdrake), MakerWorld model 1924084, license BY-SA, source https://makerworld.com/en/models/1924084-sir-daniel-fortesque-medievil-dan-hand</p>","13.49","","/general-3d-prints","MakerWorld, Commercial-safe, Made to order, PLA, 3D print","No",""
"","","","13.49","","","","",""
"","","","13.49","","","","",""
"","","","13.49","","","","",""
"valentine-s-day-i-love-you-gift-declaration-of-love-hueforge-4color-139068","Valentine'S Day, I Love You , Gift, Declaration of Love HueForge 4color","<p><strong>Valentine'S Day, I Love You , Gift, Declaration Of Love HueForge 4color</strong> is a made-to-order PLA print based on the MakerWorld model <em>Valentine's Day, I Love You , gift, declaration of love HueForge 4color</em> by fikuss30.</p><p>Useful as a practical desk, home, gift, or hobby accessory, it is printed after purchase in your selected color: Black, Yellow, White, Red. Each print is checked before shipping, with small layer lines normal for FDM 3D printing.</p><p>Made to order in the Bay Area. Processing time is typically 3-5 business days, and supply is unlimited because items are printed on demand.</p><p>Gallery images are MakerWorld creator images and/or rendered previews of the actual model, not photos of this exact made-to-order print.</p><p>Care: keep away from high heat, dishwashers, candles, and small children where parts may present a choking risk.</p><p>Attribution: Valentine's Day, I Love You , gift, declaration of love HueForge 4color by fikuss30 (@fikuss30), MakerWorld model 139068, license BY, source https://makerworld.com/en/models/139068-valentine-s-day-i-love-you-gift-declaration-of-lov</p>","21.99","","/holiday-seasonal","MakerWorld, Commercial-safe, Made to order, PLA, 3D print","No",""
"","","","21.99","","","","",""
"","","","21.99","","","","",""
"","","","21.99","","","","",""
"medusa-snake-headband-1748087","Medusa Snake Headband","<p><strong>Medusa Snake Headband</strong> is a made-to-order PLA print based on the MakerWorld model <em>Medusa Snake Headband</em> by Momma_Iris.</p><p>Useful as a practical desk, home, gift, or hobby accessory, it is printed after purchase in your selected color: Black, Yellow, White, Red. Each print is checked before shipping, with small layer lines normal for FDM 3D printing.</p><p>Made to order in the Bay Area. Processing time is typically 3-5 business days, and supply is unlimited because items are printed on demand.</p><p>Gallery images are MakerWorld creator images and/or rendered previews of the actual model, not photos of this exact made-to-order print.</p><p>Care: keep away from high heat, dishwashers, candles, and small children where parts may present a choking risk.</p><p>Attribution: Medusa Snake Headband by Momma_Iris (@Momma_Iris), MakerWorld model 1748087, license BY-SA, source https://makerworld.com/en/models/1748087-medusa-snake-headband</p>","21.99","","/general-3d-prints","MakerWorld, Commercial-safe, Made to order, PLA, 3D print","No",""
"","","","21.99","","","","",""
"","","","21.99","","","","",""
"","","","21.99","","","","",""
"heart-string-art-1018044","Heart String Art","<p><strong>Heart String Art</strong> is a made-to-order PLA print based on the MakerWorld model <em>Heart String Art</em> by Wisniadruk3D.</p><p>Useful as a practical desk, home, gift, or hobby accessory, it is printed after purchase in your selected color: Black, Yellow, White, Red. Each print is checked before shipping, with small layer lines normal for FDM 3D printing.</p><p>Made to order in the Bay Area. Processing time is typically 3-5 business days, and supply is unlimited because items are printed on demand.</p><p>Gallery images are MakerWorld creator images and/or rendered previews of the actual model, not photos of this exact made-to-order print.</p><p>Care: keep away from high heat, dishwashers, candles, and small children where parts may present a choking risk.</p><p>Attribution: Heart String Art by Wisniadruk3D (@user_4154753164), MakerWorld model 1018044, license BY, source https://makerworld.com/en/models/1018044-heart-string-art</p>","17.49","","/decor-art","MakerWorld, Commercial-safe, Made to order, PLA, 3D print","No",""
"","","","17.49","","","","",""
"","","","17.49","","","","",""
"","","","17.49","","","","",""
"red-gundam-1742337","Red Gundam","<p><strong>Red Gundam</strong> is a made-to-order PLA print based on the MakerWorld model <em>红色高达</em> by 一一得一.</p><p>Useful as a practical desk, home, gift, or hobby accessory, it is printed after purchase in your selected color: Black, Yellow, White, Red. Each print is checked before shipping, with small layer lines normal for FDM 3D printing.</p><p>Made to order in the Bay Area. Processing time is typically 3-5 business days, and supply is unlimited because items are printed on demand.</p><p>Gallery images are MakerWorld creator images and/or rendered previews of the actual model, not photos of this exact made-to-order print.</p><p>Care: keep away from high heat, dishwashers, candles, and small children where parts may present a choking risk.</p><p>Attribution: 红色高达 by 一一得一 (@user_763276081), MakerWorld model 1742337, license CC0, source https://makerworld.com/en/models/1742337-red-gundam</p>","29.99","","/general-3d-prints","MakerWorld, Commercial-safe, Made to order, PLA, 3D print","No",""
"","","","29.99","","","","",""
"","","","29.99","","","","",""
"","","","29.99","","","","",""
"mg-valve-cap-1850504","MG Valve Cap","<p><strong>MG Valve Cap</strong> is a made-to-order PLA print based on the MakerWorld model <em>tap&oacute;n v&aacute;lvula MG</em> by rodiprint.</p><p>Useful as a practical desk, home, gift, or hobby accessory, it is printed after purchase in your selected color: Black, Yellow, White, Red. Each print is checked before shipping, with small layer lines normal for FDM 3D printing.</p><p>Made to order in the Bay Area. Processing time is typically 3-5 business days, and supply is unlimited because items are printed on demand.</p><p>Gallery images are MakerWorld creator images and/or rendered previews of the actual model, not photos of this exact made-to-order print.</p><p>Care: keep away from high heat, dishwashers, candles, and small children where parts may present a choking risk.</p><p>Attribution: tap&oacute;n v&aacute;lvula MG by rodiprint (@rodi), MakerWorld model 1850504, license BY, source https://makerworld.com/en/models/1850504-mg-valve-cap</p>","19.49","","/functional-parts-tools","MakerWorld, Commercial-safe, Made to order, PLA, 3D print","No",""
"","","","19.49","","","","",""
"","","","19.49","","","","",""
"","","","19.49","","","","",""
"easter-bunny-decoration-with-baby-16-cm-2411201","Easter Bunny Decoration with Baby 16 Cm","<p><strong>Easter Bunny Decoration With Baby 16 Cm</strong> is a made-to-order PLA print based on the MakerWorld model <em>Osterhasendeko Osterhase mit Baby 16 cm</em> by Daniel.</p><p>Useful as a practical desk, home, gift, or hobby accessory, it is printed after purchase in your selected color: Black, Yellow, White, Red. Each print is checked before shipping, with small layer lines normal for FDM 3D printing.</p><p>Made to order in the Bay Area. Processing time is typically 3-5 business days, and supply is unlimited because items are printed on demand.</p><p>Gallery images are MakerWorld creator images and/or rendered previews of the actual model, not photos of this exact made-to-order print.</p><p>Care: keep away from high heat, dishwashers, candles, and small children where parts may present a choking risk.</p><p>Attribution: Osterhasendeko Osterhase mit Baby 16 cm by Daniel (@Daniel.stangl), MakerWorld model 2411201, license BY, source https://makerworld.com/en/models/2411201-easter-bunny-decoration-with-baby-16-cm</p>","16.49","","/holiday-seasonal","MakerWorld, Commercial-safe, Made to order, PLA, 3D print","No",""
"","","","16.49","","","","",""
"","","","16.49","","","","",""
"","","","16.49","","","","",""
"burnt-peanut-witness-me-2275771","Burnt Peanut WITNESS ME!","<p><strong>Burnt Peanut WITNESS ME!</strong> is a made-to-order PLA print based on the MakerWorld model <em>Burnt Peanut WITNESS ME!</em> by teamspeed16.</p><p>Useful as a practical desk, home, gift, or hobby accessory, it is printed after purchase in your selected color: Black, Yellow, White, Red. Each print is checked before shipping, with small layer lines normal for FDM 3D printing.</p><p>Made to order in the Bay Area. Processing time is typically 3-5 business days, and supply is unlimited because items are printed on demand.</p><p>Gallery images are MakerWorld creator images and/or rendered previews of the actual model, not photos of this exact made-to-order print.</p><p>Care: keep away from high heat, dishwashers, candles, and small children where parts may present a choking risk.</p><p>Attribution: Burnt Peanut WITNESS ME! by teamspeed16 (@teamspeed16), MakerWorld model 2275771, license CC0, source https://makerworld.com/en/models/2275771-burnt-peanut-witness-me</p>","15.99","","/functional-parts-tools","MakerWorld, Commercial-safe, Made to order, PLA, 3D print","No",""
"","","","15.99","","","","",""
"","","","15.99","","","","",""
"","","","15.99","","","","",""
"capybara-led-2223389","Capybara LED Light Frame","<p><strong>Capybara LED Light Frame</strong> is a made-to-order PLA print based on the MakerWorld model <em>Capybara LED</em> by Hatschi.</p><p><strong>Listing note:</strong> This listing is for the made-to-order 3D printed plastic part only. LED modules, candles, electronics, screens, light kits, and other non-printed accessories shown for context are not included unless explicitly stated.</p><p>Useful as a practical desk, home, gift, or hobby accessory, it is printed after purchase in your selected color: Black, Yellow, White, Red. Each print is checked before shipping, with small layer lines normal for FDM 3D printing.</p><p>Made to order in the Bay Area. Processing time is typically 3-5 business days, and supply is unlimited because items are printed on demand.</p><p>Gallery images are MakerWorld creator images and/or rendered previews of the actual model, not photos of this exact made-to-order print.</p><p>Care: keep away from high heat, dishwashers, candles, and small children where parts may present a choking risk.</p><p>Attribution: Capybara LED by Hatschi (@Hatschi), MakerWorld model 2223389, license BY-ND, source https://makerworld.com/en/models/2223389-capybara-led</p>","13.99","","/functional-parts-tools","MakerWorld, Commercial-safe, Made to order, PLA, 3D print","No",""
"","","","13.99","","","","",""
"","","","13.99","","","","",""
"","","","13.99","","","","",""
"void-helm-can-holder-beer-mug-2429353","Void Helm - Can Holder / Beer Mug","<p><strong>Void Helm - Can Holder / Beer Mug</strong> is a made-to-order PLA print based on the MakerWorld model <em>Void Helm - Can Holder / Beer mug</em> by RUMcajz.</p><p>Useful as a practical desk, home, gift, or hobby accessory, it is printed after purchase in your selected color: Black, Yellow, White, Red. Each print is checked before shipping, with small layer lines normal for FDM 3D printing.</p><p>Made to order in the Bay Area. Processing time is typically 3-5 business days, and supply is unlimited because items are printed on demand.</p><p>Gallery images are MakerWorld creator images and/or rendered previews of the actual model, not photos of this exact made-to-order print.</p><p>Care: keep away from high heat, dishwashers, candles, and small children where parts may present a choking risk.</p><p>Attribution: Void Helm - Can Holder / Beer mug by RUMcajz (@RUMcajz), MakerWorld model 2429353, license BY, source https://makerworld.com/en/models/2429353-void-helm-can-holder-beer-mug</p>","15.49","","/home-organization","MakerWorld, Commercial-safe, Made to order, PLA, 3D print","No",""
"","","","15.49","","","","",""
"","","","15.49","","","","",""
"","","","15.49","","","","",""
"flexi-fish-infill-swatch-23227","Flexi Fish - Infill Swatch","<p><strong>Flexi Fish - Infill Swatch</strong> is a made-to-order PLA print based on the MakerWorld model <em>Flexi Fish - Infill Swatch</em> by m_IDEX.</p><p>Useful as a practical desk, home, gift, or hobby accessory, it is printed after purchase in your selected color: Black, Yellow, White, Red. Each print is checked before shipping, with small layer lines normal for FDM 3D printing.</p><p>Made to order in the Bay Area. Processing time is typically 3-5 business days, and supply is unlimited because items are printed on demand.</p><p>Gallery images are MakerWorld creator images and/or rendered previews of the actual model, not photos of this exact made-to-order print.</p><p>Care: keep away from high heat, dishwashers, candles, and small children where parts may present a choking risk.</p><p>Attribution: Flexi Fish - Infill Swatch by m_IDEX (@m_IDEX), MakerWorld model 23227, license BY-SA, source https://makerworld.com/en/models/23227-flexi-fish-infill-swatch</p>","13.99","","/toys-figures","MakerWorld, Commercial-safe, Made to order, PLA, 3D print","No",""
"","","","13.99","","","","",""
"","","","13.99","","","","",""
"","","","13.99","","","","",""
"robust-high-current-cylindrical-cell-holder-2355110","Robust High Current Cylindrical Cell Holder","<p><strong>Robust High Current Cylindrical Cell Holder</strong> is a made-to-order PLA print based on the MakerWorld model <em>Robust high current cylindrical cell holder</em> by Green Haniwa.</p><p>Useful as a practical desk, home, gift, or hobby accessory, it is printed after purchase in your selected color: Black, Yellow, White, Red. Each print is checked before shipping, with small layer lines normal for FDM 3D printing.</p><p>Made to order in the Bay Area. Processing time is typically 3-5 business days, and supply is unlimited because items are printed on demand.</p><p>Gallery images are MakerWorld creator images and/or rendered previews of the actual model, not photos of this exact made-to-order print.</p><p>Care: keep away from high heat, dishwashers, candles, and small children where parts may present a choking risk.</p><p>Attribution: Robust high current cylindrical cell holder by Green Haniwa (@green_haniwa), MakerWorld model 2355110, license BY-SA, source https://makerworld.com/en/models/2355110-robust-high-current-cylindrical-cell-holder</p>","20.49","","/home-organization","MakerWorld, Commercial-safe, Made to order, PLA, 3D print","No",""
"","","","20.49","","","","",""
"","","","20.49","","","","",""
"","","","20.49","","","","",""
"grinch-mini-can-holder-cup-2034457","Grinch Mini Can Holder/Cup","<p><strong>Grinch Mini Can Holder/Cup</strong> is a made-to-order PLA print based on the MakerWorld model <em>Grinch Mini Can Holder/Cup</em> by bvvfd05.</p><p>Useful as a practical desk, home, gift, or hobby accessory, it is printed after purchase in your selected color: Black, Yellow, White, Red. Each print is checked before shipping, with small layer lines normal for FDM 3D printing.</p><p>Made to order in the Bay Area. Processing time is typically 3-5 business days, and supply is unlimited because items are printed on demand.</p><p>Gallery images are MakerWorld creator images and/or rendered previews of the actual model, not photos of this exact made-to-order print.</p><p>Care: keep away from high heat, dishwashers, candles, and small children where parts may present a choking risk.</p><p>Attribution: Grinch Mini Can Holder/Cup by bvvfd05 (@bvvfd05), MakerWorld model 2034457, license BY, source https://makerworld.com/en/models/2034457-grinch-mini-can-holder-cup</p>","15.49","","/home-organization","MakerWorld, Commercial-safe, Made to order, PLA, 3D print","No",""
"","","","15.49","","","","",""
"","","","15.49","","","","",""
"","","","15.49","","","","",""
"kymco-ak550-high-detail-3d-printed-mini-model-1397085","KYMCO AK550 - High Detail Mini Model","<p><strong>KYMCO AK550 – High Detail 3D Printed Mini Model</strong> is a made-to-order PLA print based on the MakerWorld model <em>KYMCO AK550 – High Detail 3D Printed Mini Model</em> by zzindori.</p><p>Useful as a practical desk, home, gift, or hobby accessory, it is printed after purchase in your selected color: Black, Yellow, White, Red. Each print is checked before shipping, with small layer lines normal for FDM 3D printing.</p><p>Made to order in the Bay Area. Processing time is typically 3-5 business days, and supply is unlimited because items are printed on demand.</p><p>Gallery images are MakerWorld creator images and/or rendered previews of the actual model, not photos of this exact made-to-order print.</p><p>Care: keep away from high heat, dishwashers, candles, and small children where parts may present a choking risk.</p><p>Attribution: KYMCO AK550 – High Detail 3D Printed Mini Model by zzindori (@jinsukYoon), MakerWorld model 1397085, license BY, source https://makerworld.com/en/models/1397085-kymco-ak550-high-detail-3d-printed-mini-model</p>","9.99","","/general-3d-prints","MakerWorld, Commercial-safe, Made to order, PLA, 3D print","No",""
"","","","9.99","","","","",""
"","","","9.99","","","","",""
"","","","9.99","","","","",""
"money-box-piggy-bank-1922651","Money Box Piggy Bank","<p><strong>Money Box Piggy Bank</strong> is a made-to-order PLA print based on the MakerWorld model <em>Money box piggy bank</em> by tomo3D.</p><p>Useful as a practical desk, home, gift, or hobby accessory, it is printed after purchase in your selected color: Black, Yellow, White, Red. Each print is checked before shipping, with small layer lines normal for FDM 3D printing.</p><p>Made to order in the Bay Area. Processing time is typically 3-5 business days, and supply is unlimited because items are printed on demand.</p><p>Gallery images are MakerWorld creator images and/or rendered previews of the actual model, not photos of this exact made-to-order print.</p><p>Care: keep away from high heat, dishwashers, candles, and small children where parts may present a choking risk.</p><p>Attribution: Money box piggy bank by tomo3D (@tomo3D), MakerWorld model 1922651, license BY-ND, source https://makerworld.com/en/models/1922651-money-box-piggy-bank</p>","13.99","","/home-organization","MakerWorld, Commercial-safe, Made to order, PLA, 3D print","No",""
"","","","13.99","","","","",""
"","","","13.99","","","","",""
"","","","13.99","","","","",""
"pet-to-filament-converter-2055879","PET to Filament Converter","<p><strong>PET To Filament Converter</strong> is a made-to-order PLA print based on the MakerWorld model <em>PET to Filament Converter</em> by BitOfElectronics.</p><p>Useful as a practical desk, home, gift, or hobby accessory, it is printed after purchase in your selected color: Black, Yellow, White, Red. Each print is checked before shipping, with small layer lines normal for FDM 3D printing.</p><p>Made to order in the Bay Area. Processing time is typically 3-5 business days, and supply is unlimited because items are printed on demand.</p><p>Gallery images are MakerWorld creator images and/or rendered previews of the actual model, not photos of this exact made-to-order print.</p><p>Care: keep away from high heat, dishwashers, candles, and small children where parts may present a choking risk.</p><p>Attribution: PET to Filament Converter by BitOfElectronics (@user_1944273384), MakerWorld model 2055879, license BY-SA, source https://makerworld.com/en/models/2055879-pet-to-filament-converter</p>","15.99","","/general-3d-prints","MakerWorld, Commercial-safe, Made to order, PLA, 3D print","No",""
"","","","15.99","","","","",""
"","","","15.99","","","","",""
"","","","15.99","","","","",""
"violinist-chess-set-2169815","Violinist Chess Set","<p><strong>Violinist Chess Set</strong> is a made-to-order PLA print based on the MakerWorld model <em>Violinist Chess Set</em> by melbamorph.</p><p>Useful as a practical desk, home, gift, or hobby accessory, it is printed after purchase in your selected color: Black, Yellow, White, Red. Each print is checked before shipping, with small layer lines normal for FDM 3D printing.</p><p>Made to order in the Bay Area. Processing time is typically 3-5 business days, and supply is unlimited because items are printed on demand.</p><p>Gallery images are MakerWorld creator images and/or rendered previews of the actual model, not photos of this exact made-to-order print.</p><p>Care: keep away from high heat, dishwashers, candles, and small children where parts may present a choking risk.</p><p>Attribution: Violinist Chess Set by melbamorph (@melbamorph), MakerWorld model 2169815, license CC0, source https://makerworld.com/en/models/2169815-violinist-chess-set</p>","13.99","","/general-3d-prints","MakerWorld, Commercial-safe, Made to order, PLA, 3D print","No",""
"","","","13.99","","","","",""
"","","","13.99","","","","",""
"","","","13.99","","","","",""
"cute-animal-love-decor-valentine-s-day-collection-2345237","Cute Animal Love Decor - Valentine'S Day Collection","<p><strong>Cute Animal Love Decor –Valentine’S Day Collection</strong> is a made-to-order PLA print based on the MakerWorld model <em>Cute Animal Love Decor –Valentine’s Day Collection</em> by BlooLab.</p><p>Useful as a practical desk, home, gift, or hobby accessory, it is printed after purchase in your selected color: Black, Yellow, White, Red. Each print is checked before shipping, with small layer lines normal for FDM 3D printing.</p><p>Made to order in the Bay Area. Processing time is typically 3-5 business days, and supply is unlimited because items are printed on demand.</p><p>Gallery images are MakerWorld creator images and/or rendered previews of the actual model, not photos of this exact made-to-order print.</p><p>Care: keep away from high heat, dishwashers, candles, and small children where parts may present a choking risk.</p><p>Attribution: Cute Animal Love Decor –Valentine’s Day Collection by BlooLab (@bloopeska), MakerWorld model 2345237, license BY, source https://makerworld.com/en/models/2345237-cute-animal-love-decor-valentine-s-day-collection</p>","15.99","","/holiday-seasonal","MakerWorld, Commercial-safe, Made to order, PLA, 3D print","No",""
"","","","15.99","","","","",""
"","","","15.99","","","","",""
"","","","15.99","","","","",""
"snap-buckle-clip-2152631","Snap Buckle Clip","<p><strong>Snap Buckle Clip</strong> is a made-to-order PLA print based on the MakerWorld model <em>Snap Buckle Clip</em> by BOOSTER_ziNdOr.</p><p>Useful as a practical desk, home, gift, or hobby accessory, it is printed after purchase in your selected color: Black, Yellow, White, Red. Each print is checked before shipping, with small layer lines normal for FDM 3D printing.</p><p>Made to order in the Bay Area. Processing time is typically 3-5 business days, and supply is unlimited because items are printed on demand.</p><p>Gallery images are MakerWorld creator images and/or rendered previews of the actual model, not photos of this exact made-to-order print.</p><p>Care: keep away from high heat, dishwashers, candles, and small children where parts may present a choking risk.</p><p>Attribution: Snap Buckle Clip by BOOSTER_ziNdOr (@BOOSTER_ziNdOr), MakerWorld model 2152631, license CC0, source https://makerworld.com/en/models/2152631-snap-buckle-clip</p>","17.99","","/functional-parts-tools","MakerWorld, Commercial-safe, Made to order, PLA, 3D print","No",""
"","","","17.99","","","","",""
"","","","17.99","","","","",""
"","","","17.99","","","","",""
"christmas-tree-with-options-of-tealight-or-ikea-kapplake-74097","Christmas Tree Tealight or IKEA Kapplake Holder","<p><strong>Christmas Tree With Options Of Tealight Or IKEA Kapplake</strong> is a made-to-order PLA print based on the MakerWorld model <em>Christmas Tree with options of tealight or IKEA Kapplake</em> by KogKbo.</p><p><strong>Listing note:</strong> This listing is for the made-to-order 3D printed plastic part only. LED modules, candles, electronics, screens, light kits, and other non-printed accessories shown for context are not included unless explicitly stated.</p><p>Useful as a practical desk, home, gift, or hobby accessory, it is printed after purchase in your selected color: Black, Yellow, White, Red. Each print is checked before shipping, with small layer lines normal for FDM 3D printing.</p><p>Made to order in the Bay Area. Processing time is typically 3-5 business days, and supply is unlimited because items are printed on demand.</p><p>Gallery images are MakerWorld creator images and/or rendered previews of the actual model, not photos of this exact made-to-order print.</p><p>Care: keep away from high heat, dishwashers, candles, and small children where parts may present a choking risk.</p><p>Attribution: Christmas Tree with options of tealight or IKEA Kapplake by KogKbo (@KogKbo), MakerWorld model 74097, license BY, source https://makerworld.com/en/models/74097-christmas-tree-with-options-of-tealight-or-ikea-ka</p>","13.99","","/holiday-seasonal","MakerWorld, Commercial-safe, Made to order, PLA, 3D print","No",""
"","","","13.99","","","","",""
"","","","13.99","","","","",""
"","","","13.99","","","","",""
"dji-mic-mini-storage-case-2278376","DJI MIC MINI Storage Case","<p><strong>DJI MIC MINI Storage Case</strong> is a made-to-order PLA print based on the MakerWorld model <em>大疆 DJI MIC MINI 收纳盒</em> by 小煜哥哥QAQ.</p><p>Useful as a practical desk, home, gift, or hobby accessory, it is printed after purchase in your selected color: Black, Yellow, White, Red. Each print is checked before shipping, with small layer lines normal for FDM 3D printing.</p><p>Made to order in the Bay Area. Processing time is typically 3-5 business days, and supply is unlimited because items are printed on demand.</p><p>Gallery images are MakerWorld creator images and/or rendered previews of the actual model, not photos of this exact made-to-order print.</p><p>Care: keep away from high heat, dishwashers, candles, and small children where parts may present a choking risk.</p><p>Attribution: 大疆 DJI MIC MINI 收纳盒 by 小煜哥哥QAQ (@user_1202208300), MakerWorld model 2278376, license BY-SA, source https://makerworld.com/en/models/2278376-dji-mic-mini-storage-case</p>","13.99","","/home-organization","MakerWorld, Commercial-safe, Made to order, PLA, 3D print","No",""
"","","","13.99","","","","",""
"","","","13.99","","","","",""
"","","","13.99","","","","",""
"gym-lion-throphy-2275565","Gym Lion Trophy","<p><strong>Gym Lion Throphy</strong> is a made-to-order PLA print based on the MakerWorld model <em>Gym lion throphy</em> by Jp Chavez.</p><p>Useful as a practical desk, home, gift, or hobby accessory, it is printed after purchase in your selected color: Black, Yellow, White, Red. Each print is checked before shipping, with small layer lines normal for FDM 3D printing.</p><p>Made to order in the Bay Area. Processing time is typically 3-5 business days, and supply is unlimited because items are printed on demand.</p><p>Gallery images are MakerWorld creator images and/or rendered previews of the actual model, not photos of this exact made-to-order print.</p><p>Care: keep away from high heat, dishwashers, candles, and small children where parts may present a choking risk.</p><p>Attribution: Gym lion throphy by Jp Chavez (@Chababy753), MakerWorld model 2275565, license CC0, source https://makerworld.com/en/models/2275565-gym-lion-throphy</p>","15.99","","/general-3d-prints","MakerWorld, Commercial-safe, Made to order, PLA, 3D print","No",""
"","","","15.99","","","","",""
"","","","15.99","","","","",""
"","","","15.99","","","","",""
"wiper-fluid-cap-2379259","Wiper Fluid Cap","<p><strong>Wiper Fluid Cap</strong> is a made-to-order PLA print based on the MakerWorld model <em>Wiper Fluid Cap</em> by DINO_rex4.</p><p>Useful as a practical desk, home, gift, or hobby accessory, it is printed after purchase in your selected color: Black, Yellow, White, Red. Each print is checked before shipping, with small layer lines normal for FDM 3D printing.</p><p>Made to order in the Bay Area. Processing time is typically 3-5 business days, and supply is unlimited because items are printed on demand.</p><p>Gallery images are MakerWorld creator images and/or rendered previews of the actual model, not photos of this exact made-to-order print.</p><p>Care: keep away from high heat, dishwashers, candles, and small children where parts may present a choking risk.</p><p>Attribution: Wiper Fluid Cap by DINO_rex4 (@DINO_rex4), MakerWorld model 2379259, license CC0, source https://makerworld.com/en/models/2379259-wiper-fluid-cap</p>","18.49","","/functional-parts-tools","MakerWorld, Commercial-safe, Made to order, PLA, 3D print","No",""
"","","","18.49","","","","",""
"","","","18.49","","","","",""
"","","","18.49","","","","",""
"crosses-of-calvary-desk-decoration-2296163","Crosses of Calvary Desk Decoration","<p><strong>Crosses Of Calvary Desk Decoration</strong> is a made-to-order PLA print based on the MakerWorld model <em>Crosses of Calvary Desk Decoration</em> by The2thyme.</p><p>Useful as a practical desk, home, gift, or hobby accessory, it is printed after purchase in your selected color: Black, Yellow, White, Red. Each print is checked before shipping, with small layer lines normal for FDM 3D printing.</p><p>Made to order in the Bay Area. Processing time is typically 3-5 business days, and supply is unlimited because items are printed on demand.</p><p>Gallery images are MakerWorld creator images and/or rendered previews of the actual model, not photos of this exact made-to-order print.</p><p>Care: keep away from high heat, dishwashers, candles, and small children where parts may present a choking risk.</p><p>Attribution: Crosses of Calvary Desk Decoration by The2thyme (@The2thyme), MakerWorld model 2296163, license BY, source https://makerworld.com/en/models/2296163-crosses-of-calvary-desk-decoration</p>","18.49","","/desk-office","MakerWorld, Commercial-safe, Made to order, PLA, 3D print","No",""
"","","","18.49","","","","",""
"","","","18.49","","","","",""
"","","","18.49","","","","",""
"modern-glare-pendant-shade-reflector-2247214","Modern Glare- Pendant Shade & Reflector","<p><strong>Modern Glare- Pendant Shade &amp; Reflector</strong> is a made-to-order PLA print based on the MakerWorld model <em>Modern Glare-Free Pendant Shade &amp; Reflector</em> by Dave.the.Borg.</p><p>Useful as a practical desk, home, gift, or hobby accessory, it is printed after purchase in your selected color: Black, Yellow, White, Red. Each print is checked before shipping, with small layer lines normal for FDM 3D printing.</p><p>Made to order in the Bay Area. Processing time is typically 3-5 business days, and supply is unlimited because items are printed on demand.</p><p>Gallery images are MakerWorld creator images and/or rendered previews of the actual model, not photos of this exact made-to-order print.</p><p>Care: keep away from high heat, dishwashers, candles, and small children where parts may present a choking risk.</p><p>Attribution: Modern Glare-Free Pendant Shade &amp; Reflector by Dave.the.Borg (@Dave.B), MakerWorld model 2247214, license BY, source https://makerworld.com/en/models/2247214-modern-glare-free-pendant-shade-reflector</p>","17.49","","/desk-office","MakerWorld, Commercial-safe, Made to order, PLA, 3D print","No",""
"","","","17.49","","","","",""
"","","","17.49","","","","",""
"","","","17.49","","","","",""
"arc-raiders-light-up-led-sign-gaming-display-2129490","ARC Raiders Light-Up LED Sign Frame","<p><strong>ARC Raiders Light-Up LED Sign Frame</strong> is a made-to-order PLA print based on the MakerWorld model <em>ARC Raiders - Light up LED Sign - Gaming Display</em> by vidguide.</p><p><strong>Listing note:</strong> This listing is for the made-to-order 3D printed plastic part only. LED modules, candles, electronics, screens, light kits, and other non-printed accessories shown for context are not included unless explicitly stated.</p><p>Useful as a practical desk, home, gift, or hobby accessory, it is printed after purchase in your selected color: Black, Yellow, White, Red. Each print is checked before shipping, with small layer lines normal for FDM 3D printing.</p><p>Made to order in the Bay Area. Processing time is typically 3-5 business days, and supply is unlimited because items are printed on demand.</p><p>Gallery images are MakerWorld creator images and/or rendered previews of the actual model, not photos of this exact made-to-order print.</p><p>Care: keep away from high heat, dishwashers, candles, and small children where parts may present a choking risk.</p><p>Attribution: ARC Raiders - Light up LED Sign - Gaming Display by vidguide (@vidguide), MakerWorld model 2129490, license BY-SA, source https://makerworld.com/en/models/2129490-arc-raiders-light-up-led-sign-gaming-display</p>","17.49","","/toys-figures","MakerWorld, Commercial-safe, Made to order, PLA, 3D print","No",""
"","","","17.49","","","","",""
"","","","17.49","","","","",""
"","","","17.49","","","","",""
"growling-werewolf-1925325","Growling Werewolf","<p><strong>Growling Werewolf</strong> is a made-to-order PLA print based on the MakerWorld model <em>Growling Werewolf</em> by FusionWave.</p><p>Useful as a practical desk, home, gift, or hobby accessory, it is printed after purchase in your selected color: Black, Yellow, White, Red. Each print is checked before shipping, with small layer lines normal for FDM 3D printing.</p><p>Made to order in the Bay Area. Processing time is typically 3-5 business days, and supply is unlimited because items are printed on demand.</p><p>Gallery images are MakerWorld creator images and/or rendered previews of the actual model, not photos of this exact made-to-order print.</p><p>Care: keep away from high heat, dishwashers, candles, and small children where parts may present a choking risk.</p><p>Attribution: Growling Werewolf by FusionWave (@FusionWave), MakerWorld model 1925325, license CC0, source https://makerworld.com/en/models/1925325-growling-werewolf</p>","16.49","","/toys-figures","MakerWorld, Commercial-safe, Made to order, PLA, 3D print","No",""
"","","","16.49","","","","",""
"","","","16.49","","","","",""
"","","","16.49","","","","",""
"vw-touran-cover-3rd-row-seat-locking-1108927","VW Touran Cover 3rd Row Seat Locking","<p><strong>VW Touran Cover 3rd Row Seat Locking</strong> is a made-to-order PLA print based on the MakerWorld model <em>VW Touran Abdeckung 3. Sitzreihe Verriegelung</em> by Babolab.</p><p>Useful as a practical desk, home, gift, or hobby accessory, it is printed after purchase in your selected color: Black, Yellow, White, Red. Each print is checked before shipping, with small layer lines normal for FDM 3D printing.</p><p>Made to order in the Bay Area. Processing time is typically 3-5 business days, and supply is unlimited because items are printed on demand.</p><p>Gallery images are MakerWorld creator images and/or rendered previews of the actual model, not photos of this exact made-to-order print.</p><p>Care: keep away from high heat, dishwashers, candles, and small children where parts may present a choking risk.</p><p>Attribution: VW Touran Abdeckung 3. Sitzreihe Verriegelung by Babolab (@S.Tahenti), MakerWorld model 1108927, license CC0, source https://makerworld.com/en/models/1108927-vw-touran-cover-3rd-row-seat-locking</p>","18.49","","/general-3d-prints","MakerWorld, Commercial-safe, Made to order, PLA, 3D print","No",""
"","","","18.49","","","","",""
"","","","18.49","","","","",""
"","","","18.49","","","","",""
"musical-decorative-object-with-name-1922696","MUSICAL DECORATIVE OBJECT with NAME","<p><strong>MUSICAL DECORATIVE OBJECT WITH NAME</strong> is a made-to-order PLA print based on the MakerWorld model <em>OGGETTO D'ARREDO MUSICALE CON NOME </em> by Scordy88.</p><p>Useful as a practical desk, home, gift, or hobby accessory, it is printed after purchase in your selected color: Black, Yellow, White, Red. Each print is checked before shipping, with small layer lines normal for FDM 3D printing.</p><p>Made to order in the Bay Area. Processing time is typically 3-5 business days, and supply is unlimited because items are printed on demand.</p><p>Gallery images are MakerWorld creator images and/or rendered previews of the actual model, not photos of this exact made-to-order print.</p><p>Care: keep away from high heat, dishwashers, candles, and small children where parts may present a choking risk.</p><p>Attribution: OGGETTO D'ARREDO MUSICALE CON NOME  by Scordy88 (@Scordy3d), MakerWorld model 1922696, license BY-SA, source https://makerworld.com/en/models/1922696-musical-decorative-object-with-name</p>","21.99","","/decor-art","MakerWorld, Commercial-safe, Made to order, PLA, 3D print","No",""
"","","","21.99","","","","",""
"","","","21.99","","","","",""
"","","","21.99","","","","",""
"cute-panda-holding-bamboo-2155566","Cute Panda Holding Bamboo","<p><strong>Cute Panda Holding Bamboo</strong> is a made-to-order PLA print based on the MakerWorld model <em>cute panda holding Bamboo</em> by Mateo 3dprints.</p><p>Useful as a practical desk, home, gift, or hobby accessory, it is printed after purchase in your selected color: Black, Yellow, White, Red. Each print is checked before shipping, with small layer lines normal for FDM 3D printing.</p><p>Made to order in the Bay Area. Processing time is typically 3-5 business days, and supply is unlimited because items are printed on demand.</p><p>Gallery images are MakerWorld creator images and/or rendered previews of the actual model, not photos of this exact made-to-order print.</p><p>Care: keep away from high heat, dishwashers, candles, and small children where parts may present a choking risk.</p><p>Attribution: cute panda holding Bamboo by Mateo 3dprints (@Mateo_3dprints), MakerWorld model 2155566, license BY, source https://makerworld.com/en/models/2155566-cute-panda-holding-bamboo</p>","17.49","","/general-3d-prints","MakerWorld, Commercial-safe, Made to order, PLA, 3D print","No",""
"","","","17.49","","","","",""
"","","","17.49","","","","",""
"","","","17.49","","","","",""
"ventilation-pipe-rain-cover-110-mm-vent-cap-2072286","Ventilation Pipe Rain Cover (110 Mm Vent Cap)","<p><strong>Ventilation Pipe Rain Cover (110 Mm Vent Cap)</strong> is a made-to-order PLA print based on the MakerWorld model <em>Ventilation Pipe Rain Cover (110 mm Vent Cap)</em> by Wadim.</p><p>Useful as a practical desk, home, gift, or hobby accessory, it is printed after purchase in your selected color: Black, Yellow, White, Red. Each print is checked before shipping, with small layer lines normal for FDM 3D printing.</p><p>Made to order in the Bay Area. Processing time is typically 3-5 business days, and supply is unlimited because items are printed on demand.</p><p>Gallery images are MakerWorld creator images and/or rendered previews of the actual model, not photos of this exact made-to-order print.</p><p>Care: keep away from high heat, dishwashers, candles, and small children where parts may present a choking risk.</p><p>Attribution: Ventilation Pipe Rain Cover (110 mm Vent Cap) by Wadim (@wadimka), MakerWorld model 2072286, license BY-SA, source https://makerworld.com/en/models/2072286-ventilation-pipe-rain-cover-110-mm-vent-cap</p>","13.99","","/functional-parts-tools","MakerWorld, Commercial-safe, Made to order, PLA, 3D print","No",""
"","","","13.99","","","","",""
"","","","13.99","","","","",""
"","","","13.99","","","","",""
"cute-ghost-keychain-use-1924705","Cute Ghost Keychain - Use","<p><strong>Cute Ghost Keychain - Use</strong> is a made-to-order PLA print based on the MakerWorld model <em>Cute Ghost keychain - Free commercial use</em> by Together 3D.</p><p>Useful as a practical desk, home, gift, or hobby accessory, it is printed after purchase in your selected color: Black, Yellow, White, Red. Each print is checked before shipping, with small layer lines normal for FDM 3D printing.</p><p>Made to order in the Bay Area. Processing time is typically 3-5 business days, and supply is unlimited because items are printed on demand.</p><p>Gallery images are MakerWorld creator images and/or rendered previews of the actual model, not photos of this exact made-to-order print.</p><p>Care: keep away from high heat, dishwashers, candles, and small children where parts may present a choking risk.</p><p>Attribution: Cute Ghost keychain - Free commercial use by Together 3D (@Together3D), MakerWorld model 1924705, license BY-ND, source https://makerworld.com/en/models/1924705-cute-ghost-keychain-free-commercial-use</p>","11.99","","/keychains-charms","MakerWorld, Commercial-safe, Made to order, PLA, 3D print","No",""
"","","","11.99","","","","",""
"","","","11.99","","","","",""
"","","","11.99","","","","",""
"m9-bayonet-1745465","M9 Bayonet","<p><strong>M9 Bayonet</strong> is a made-to-order PLA print based on the MakerWorld model <em>M9刺刀</em> by user_761583640.</p><p>Useful as a practical desk, home, gift, or hobby accessory, it is printed after purchase in your selected color: Black, Yellow, White, Red. Each print is checked before shipping, with small layer lines normal for FDM 3D printing.</p><p>Made to order in the Bay Area. Processing time is typically 3-5 business days, and supply is unlimited because items are printed on demand.</p><p>Gallery images are MakerWorld creator images and/or rendered previews of the actual model, not photos of this exact made-to-order print.</p><p>Care: keep away from high heat, dishwashers, candles, and small children where parts may present a choking risk.</p><p>Attribution: M9刺刀 by user_761583640 (@user_761583640), MakerWorld model 1745465, license BY, source https://makerworld.com/en/models/1745465-m9-bayonet</p>","19.99","","/general-3d-prints","MakerWorld, Commercial-safe, Made to order, PLA, 3D print","No",""
"","","","19.99","","","","",""
"","","","19.99","","","","",""
"","","","19.99","","","","",""
"lotr-sting-sword-with-leds-2313755","LOTR Sting Sword with LEDs","<p><strong>LOTR Sting Sword With LEDs</strong> is a made-to-order PLA print based on the MakerWorld model <em>LOTR Sting Sword with LEDs</em> by Senna.L.</p><p>Useful as a practical desk, home, gift, or hobby accessory, it is printed after purchase in your selected color: Black, Yellow, White, Red. Each print is checked before shipping, with small layer lines normal for FDM 3D printing.</p><p>Made to order in the Bay Area. Processing time is typically 3-5 business days, and supply is unlimited because items are printed on demand.</p><p>Gallery images are MakerWorld creator images and/or rendered previews of the actual model, not photos of this exact made-to-order print.</p><p>Care: keep away from high heat, dishwashers, candles, and small children where parts may present a choking risk.</p><p>Attribution: LOTR Sting Sword with LEDs by Senna.L (@Frizzak), MakerWorld model 2313755, license CC0, source https://makerworld.com/en/models/2313755-lotr-sting-sword-with-leds</p>","29.49","","/cosplay-props","MakerWorld, Commercial-safe, Made to order, PLA, 3D print","No",""
"","","","29.49","","","","",""
"","","","29.49","","","","",""
"","","","29.49","","","","",""
"valentines-love-ornament-with-flower-1031789","Valentines Love Ornament with Flower","<p><strong>Valentines Love Ornament With Flower</strong> is a made-to-order PLA print based on the MakerWorld model <em>Valentines Love Ornament with Flower</em> by AustynWilliam.</p><p>Useful as a practical desk, home, gift, or hobby accessory, it is printed after purchase in your selected color: Black, Yellow, White, Red. Each print is checked before shipping, with small layer lines normal for FDM 3D printing.</p><p>Made to order in the Bay Area. Processing time is typically 3-5 business days, and supply is unlimited because items are printed on demand.</p><p>Gallery images are MakerWorld creator images and/or rendered previews of the actual model, not photos of this exact made-to-order print.</p><p>Care: keep away from high heat, dishwashers, candles, and small children where parts may present a choking risk.</p><p>Attribution: Valentines Love Ornament with Flower by AustynWilliam (@AustynWilliam), MakerWorld model 1031789, license BY-SA, source https://makerworld.com/en/models/1031789-valentines-love-ornament-with-flower</p>","17.49","","/holiday-seasonal","MakerWorld, Commercial-safe, Made to order, PLA, 3D print","No",""
"","","","17.49","","","","",""
"","","","17.49","","","","",""
"","","","17.49","","","","",""
"santa-christmas-bell-807645","Santa Christmas Bell","<p><strong>Santa Christmas Bell</strong> is a made-to-order PLA print based on the MakerWorld model <em>santa christmas bell</em> by ko33a.</p><p>Useful as a practical desk, home, gift, or hobby accessory, it is printed after purchase in your selected color: Black, Yellow, White, Red. Each print is checked before shipping, with small layer lines normal for FDM 3D printing.</p><p>Made to order in the Bay Area. Processing time is typically 3-5 business days, and supply is unlimited because items are printed on demand.</p><p>Gallery images are MakerWorld creator images and/or rendered previews of the actual model, not photos of this exact made-to-order print.</p><p>Care: keep away from high heat, dishwashers, candles, and small children where parts may present a choking risk.</p><p>Attribution: santa christmas bell by ko33a (@Ko33a_251499471), MakerWorld model 807645, license CC0, source https://makerworld.com/en/models/807645-santa-christmas-bell</p>","21.99","","/holiday-seasonal","MakerWorld, Commercial-safe, Made to order, PLA, 3D print","No",""
"","","","21.99","","","","",""
"","","","21.99","","","","",""
"","","","21.99","","","","",""
"magic-50cm-scepter-staff-inpired-by-fantasy-world-2226161","Magic 50cm Scepter Staff Inpired by Fantasy World","<p><strong>Magic 50cm Scepter Staff Inpired By Fantasy World</strong> is a made-to-order PLA print based on the MakerWorld model <em>Magic 50cm Scepter staff inpired by fantasy world</em> by Kamel.pavlov.</p><p>Useful as a practical desk, home, gift, or hobby accessory, it is printed after purchase in your selected color: Black, Yellow, White, Red. Each print is checked before shipping, with small layer lines normal for FDM 3D printing.</p><p>Made to order in the Bay Area. Processing time is typically 3-5 business days, and supply is unlimited because items are printed on demand.</p><p>Gallery images are MakerWorld creator images and/or rendered previews of the actual model, not photos of this exact made-to-order print.</p><p>Care: keep away from high heat, dishwashers, candles, and small children where parts may present a choking risk.</p><p>Attribution: Magic 50cm Scepter staff inpired by fantasy world by Kamel.pavlov (@Kamel.pavlov), MakerWorld model 2226161, license BY-SA, source https://makerworld.com/en/models/2226161-magic-50cm-scepter-staff-inpired-by-fantasy-world</p>","19.99","","/toys-figures","MakerWorld, Commercial-safe, Made to order, PLA, 3D print","No",""
"","","","19.99","","","","",""
"","","","19.99","","","","",""
"","","","19.99","","","","",""
"cotton-pad-plus-q-tip-holder-2047875","Cotton Pad Plus Q-Tip Holder","<p><strong>Cotton Pad Plus Q-Tip Holder</strong> is a made-to-order PLA print based on the MakerWorld model <em>Cotton Pad plus Q-Tip Holder</em> by marmito.</p><p>Useful as a practical desk, home, gift, or hobby accessory, it is printed after purchase in your selected color: Black, Yellow, White, Red. Each print is checked before shipping, with small layer lines normal for FDM 3D printing.</p><p>Made to order in the Bay Area. Processing time is typically 3-5 business days, and supply is unlimited because items are printed on demand.</p><p>Gallery images are MakerWorld creator images and/or rendered previews of the actual model, not photos of this exact made-to-order print.</p><p>Care: keep away from high heat, dishwashers, candles, and small children where parts may present a choking risk.</p><p>Attribution: Cotton Pad plus Q-Tip Holder by marmito (@marmito), MakerWorld model 2047875, license BY, source https://makerworld.com/en/models/2047875-cotton-pad-plus-q-tip-holder</p>","21.49","","/home-organization","MakerWorld, Commercial-safe, Made to order, PLA, 3D print","No",""
"","","","21.49","","","","",""
"","","","21.49","","","","",""
"","","","21.49","","","","",""
"1-10-touring-car-wheel-box-1914087","1:10 Touring Car Wheel Box","<p><strong>1:10 Touring Car Wheel Box</strong> is a made-to-order PLA print based on the MakerWorld model <em>1:10 Touring Car Wheel Box</em> by Mills_Builds.</p><p>Useful as a practical desk, home, gift, or hobby accessory, it is printed after purchase in your selected color: Black, Yellow, White, Red. Each print is checked before shipping, with small layer lines normal for FDM 3D printing.</p><p>Made to order in the Bay Area. Processing time is typically 3-5 business days, and supply is unlimited because items are printed on demand.</p><p>Gallery images are MakerWorld creator images and/or rendered previews of the actual model, not photos of this exact made-to-order print.</p><p>Care: keep away from high heat, dishwashers, candles, and small children where parts may present a choking risk.</p><p>Attribution: 1:10 Touring Car Wheel Box by Mills_Builds (@Mills_builds), MakerWorld model 1914087, license BY, source https://makerworld.com/en/models/1914087-1-10-touring-car-wheel-box</p>","23.99","","/home-organization","MakerWorld, Commercial-safe, Made to order, PLA, 3D print","No",""
"","","","23.99","","","","",""
"","","","23.99","","","","",""
"","","","23.99","","","","",""
"ghosts-in-love-valentine-s-day-2269628","Ghosts in Love (Valentine'S Day)","<p><strong>Ghosts In Love (Valentine'S Day)</strong> is a made-to-order PLA print based on the MakerWorld model <em>Ghosts in love (Valentine's Day)</em> by AGo3D.</p><p>Useful as a practical desk, home, gift, or hobby accessory, it is printed after purchase in your selected color: Black, Yellow, White, Red. Each print is checked before shipping, with small layer lines normal for FDM 3D printing.</p><p>Made to order in the Bay Area. Processing time is typically 3-5 business days, and supply is unlimited because items are printed on demand.</p><p>Gallery images are MakerWorld creator images and/or rendered previews of the actual model, not photos of this exact made-to-order print.</p><p>Care: keep away from high heat, dishwashers, candles, and small children where parts may present a choking risk.</p><p>Attribution: Ghosts in love (Valentine's Day) by AGo3D (@Adamuss), MakerWorld model 2269628, license BY, source https://makerworld.com/en/models/2269628-ghosts-in-love-valentine-s-day</p>","21.49","","/holiday-seasonal","MakerWorld, Commercial-safe, Made to order, PLA, 3D print","No",""
"","","","21.49","","","","",""
"","","","21.49","","","","",""
"","","","21.49","","","","",""
"gridfinity-verstegen-spice-bottle-holder-1750247","Gridfinity Verstegen Spice Bottle Holder","<p><strong>Gridfinity Verstegen Spice Bottle Holder</strong> is a made-to-order PLA print based on the MakerWorld model <em>Gridfinity Verstegen spice bottle holder</em> by Arne.</p><p>Useful as a practical desk, home, gift, or hobby accessory, it is printed after purchase in your selected color: Black, Yellow, White, Red. Each print is checked before shipping, with small layer lines normal for FDM 3D printing.</p><p>Made to order in the Bay Area. Processing time is typically 3-5 business days, and supply is unlimited because items are printed on demand.</p><p>Gallery images are MakerWorld creator images and/or rendered previews of the actual model, not photos of this exact made-to-order print.</p><p>Care: keep away from high heat, dishwashers, candles, and small children where parts may present a choking risk.</p><p>Attribution: Gridfinity Verstegen spice bottle holder by Arne (@agvdndor), MakerWorld model 1750247, license BY-SA, source https://makerworld.com/en/models/1750247-gridfinity-verstegen-spice-bottle-holder</p>","17.99","","/home-organization","MakerWorld, Commercial-safe, Made to order, PLA, 3D print","No",""
"","","","17.99","","","","",""
"","","","17.99","","","","",""
"","","","17.99","","","","",""
"spooky-baby-frankenstein-halloween-toy-keychain-1926389","Spooky Baby Frankenstein Halloween Toy & Keychain","<p><strong>Spooky Baby Frankenstein Halloween Toy &amp; Keychain</strong> is a made-to-order PLA print based on the MakerWorld model <em>Spooky Baby Frankenstein Halloween Toy &amp; Keychain</em> by MBOSS3D.</p><p>Useful as a practical desk, home, gift, or hobby accessory, it is printed after purchase in your selected color: Black, Yellow, White, Red. Each print is checked before shipping, with small layer lines normal for FDM 3D printing.</p><p>Made to order in the Bay Area. Processing time is typically 3-5 business days, and supply is unlimited because items are printed on demand.</p><p>Gallery images are MakerWorld creator images and/or rendered previews of the actual model, not photos of this exact made-to-order print.</p><p>Care: keep away from high heat, dishwashers, candles, and small children where parts may present a choking risk.</p><p>Attribution: Spooky Baby Frankenstein Halloween Toy &amp; Keychain by MBOSS3D (@mboss3d), MakerWorld model 1926389, license BY, source https://makerworld.com/en/models/1926389-spooky-baby-frankenstein-halloween-toy-keychain</p>","9.49","","/holiday-seasonal","MakerWorld, Commercial-safe, Made to order, PLA, 3D print","No",""
"","","","9.49","","","","",""
"","","","9.49","","","","",""
"","","","9.49","","","","",""
"robocop-universal-controller-holder-2086551","Robocop Universal Controller Holder","<p><strong>Robocop Universal Controller Holder</strong> is a made-to-order PLA print based on the MakerWorld model <em>Robocop Universal Controller Holder</em> by RobbosPrints.</p><p>Useful as a practical desk, home, gift, or hobby accessory, it is printed after purchase in your selected color: Black, Yellow, White, Red. Each print is checked before shipping, with small layer lines normal for FDM 3D printing.</p><p>Made to order in the Bay Area. Processing time is typically 3-5 business days, and supply is unlimited because items are printed on demand.</p><p>Gallery images are MakerWorld creator images and/or rendered previews of the actual model, not photos of this exact made-to-order print.</p><p>Care: keep away from high heat, dishwashers, candles, and small children where parts may present a choking risk.</p><p>Attribution: Robocop Universal Controller Holder by RobbosPrints (@RobbosPrints), MakerWorld model 2086551, license BY-SA, source https://makerworld.com/en/models/2086551-robocop-universal-controller-holder</p>","16.49","","/home-organization","MakerWorld, Commercial-safe, Made to order, PLA, 3D print","No",""
"","","","16.49","","","","",""
"","","","16.49","","","","",""
"","","","16.49","","","","",""
"skull-ghostbusters-ghostbusters-1906121","Skull Ghostbusters (Ghostbusters)","<p><strong>Skull Ghostbusters (Ghostbusters)</strong> is a made-to-order PLA print based on the MakerWorld model <em>skull SOS Fant&ocirc;mes (Ghostbusters)</em> by lemeneur.</p><p>Useful as a practical desk, home, gift, or hobby accessory, it is printed after purchase in your selected color: Black, Yellow, White, Red. Each print is checked before shipping, with small layer lines normal for FDM 3D printing.</p><p>Made to order in the Bay Area. Processing time is typically 3-5 business days, and supply is unlimited because items are printed on demand.</p><p>Gallery images are MakerWorld creator images and/or rendered previews of the actual model, not photos of this exact made-to-order print.</p><p>Care: keep away from high heat, dishwashers, candles, and small children where parts may present a choking risk.</p><p>Attribution: skull SOS Fant&ocirc;mes (Ghostbusters) by lemeneur (@lemeneur), MakerWorld model 1906121, license BY-SA, source https://makerworld.com/en/models/1906121-skull-ghostbusters-ghostbusters</p>","15.49","","/holiday-seasonal","MakerWorld, Commercial-safe, Made to order, PLA, 3D print","No",""
"","","","15.49","","","","",""
"","","","15.49","","","","",""
"","","","15.49","","","","",""
"bike-mount-1744610","Bike Mount","<p><strong>Bike Mount</strong> is a made-to-order PLA print based on the MakerWorld model <em>Fahrrad Halterung</em> by MatzeMuh.</p><p>Useful as a practical desk, home, gift, or hobby accessory, it is printed after purchase in your selected color: Black, Yellow, White, Red. Each print is checked before shipping, with small layer lines normal for FDM 3D printing.</p><p>Made to order in the Bay Area. Processing time is typically 3-5 business days, and supply is unlimited because items are printed on demand.</p><p>Gallery images are MakerWorld creator images and/or rendered previews of the actual model, not photos of this exact made-to-order print.</p><p>Care: keep away from high heat, dishwashers, candles, and small children where parts may present a choking risk.</p><p>Attribution: Fahrrad Halterung by MatzeMuh (@MatzeMuh), MakerWorld model 1744610, license BY, source https://makerworld.com/en/models/1744610-bike-mount</p>","21.99","","/functional-parts-tools","MakerWorld, Commercial-safe, Made to order, PLA, 3D print","No",""
"","","","21.99","","","","",""
"","","","21.99","","","","",""
"","","","21.99","","","","",""
"cute-swan-bbw-soap-bottle-holder-2361373","Cute Swan BBW Soap Bottle Holder","<p><strong>Cute Swan BBW Soap Bottle Holder</strong> is a made-to-order PLA print based on the MakerWorld model <em>Cute Swan BBW Soap Bottle Holder</em> by thegiftsmiths.</p><p>Useful as a practical desk, home, gift, or hobby accessory, it is printed after purchase in your selected color: Black, Yellow, White, Red. Each print is checked before shipping, with small layer lines normal for FDM 3D printing.</p><p>Made to order in the Bay Area. Processing time is typically 3-5 business days, and supply is unlimited because items are printed on demand.</p><p>Gallery images are MakerWorld creator images and/or rendered previews of the actual model, not photos of this exact made-to-order print.</p><p>Care: keep away from high heat, dishwashers, candles, and small children where parts may present a choking risk.</p><p>Attribution: Cute Swan BBW Soap Bottle Holder by thegiftsmiths (@thegiftsmiths), MakerWorld model 2361373, license BY, source https://makerworld.com/en/models/2361373-cute-swan-bbw-soap-bottle-holder</p>","17.99","","/home-organization","MakerWorld, Commercial-safe, Made to order, PLA, 3D print","No",""
"","","","17.99","","","","",""
"","","","17.99","","","","",""
"","","","17.99","","","","",""
"fallen-soldier-1937708","Fallen Soldier","<p><strong>Fallen Soldier</strong> is a made-to-order PLA print based on the MakerWorld model <em>Soldado Caido</em> by StefanTheUnit.</p><p>Useful as a practical desk, home, gift, or hobby accessory, it is printed after purchase in your selected color: Black, Yellow, White, Red. Each print is checked before shipping, with small layer lines normal for FDM 3D printing.</p><p>Made to order in the Bay Area. Processing time is typically 3-5 business days, and supply is unlimited because items are printed on demand.</p><p>Gallery images are MakerWorld creator images and/or rendered previews of the actual model, not photos of this exact made-to-order print.</p><p>Care: keep away from high heat, dishwashers, candles, and small children where parts may present a choking risk.</p><p>Attribution: Soldado Caido by StefanTheUnit (@StefanTheUnit), MakerWorld model 1937708, license BY, source https://makerworld.com/en/models/1937708-fallen-soldier</p>","15.99","","/general-3d-prints","MakerWorld, Commercial-safe, Made to order, PLA, 3D print","No",""
"","","","15.99","","","","",""
"","","","15.99","","","","",""
"","","","15.99","","","","",""
"business-card-display-with-pen-holders-1743182","Business Card Display with Pen Holders","<p><strong>Business Card Display With Pen Holders</strong> is a made-to-order PLA print based on the MakerWorld model <em>Business Card Display with Pen holders</em> by Yacob.</p><p>Useful as a practical desk, home, gift, or hobby accessory, it is printed after purchase in your selected color: Black, Yellow, White, Red. Each print is checked before shipping, with small layer lines normal for FDM 3D printing.</p><p>Made to order in the Bay Area. Processing time is typically 3-5 business days, and supply is unlimited because items are printed on demand.</p><p>Gallery images are MakerWorld creator images and/or rendered previews of the actual model, not photos of this exact made-to-order print.</p><p>Care: keep away from high heat, dishwashers, candles, and small children where parts may present a choking risk.</p><p>Attribution: Business Card Display with Pen holders by Yacob (@YacobPrints), MakerWorld model 1743182, license CC0, source https://makerworld.com/en/models/1743182-business-card-display-with-pen-holders</p>","17.99","","/home-organization","MakerWorld, Commercial-safe, Made to order, PLA, 3D print","No",""
"","","","17.99","","","","",""
"","","","17.99","","","","",""
"","","","17.99","","","","",""
"valentine-s-day-earrings-2327553","Valentine'S Day Earrings","<p><strong>Valentine'S Day Earrings</strong> is a made-to-order PLA print based on the MakerWorld model <em>Valentine's Day Earrings FREE COMMERCIAL LICENSE </em> by HorrorDood.</p><p>Useful as a practical desk, home, gift, or hobby accessory, it is printed after purchase in your selected color: Black, Yellow, White, Red. Each print is checked before shipping, with small layer lines normal for FDM 3D printing.</p><p>Made to order in the Bay Area. Processing time is typically 3-5 business days, and supply is unlimited because items are printed on demand.</p><p>Gallery images are MakerWorld creator images and/or rendered previews of the actual model, not photos of this exact made-to-order print.</p><p>Care: keep away from high heat, dishwashers, candles, and small children where parts may present a choking risk.</p><p>Attribution: Valentine's Day Earrings FREE COMMERCIAL LICENSE  by HorrorDood (@HorrorDood), MakerWorld model 2327553, license BY-SA, source https://makerworld.com/en/models/2327553-valentine-s-day-earrings-free-commercial-license</p>","15.99","","/holiday-seasonal","MakerWorld, Commercial-safe, Made to order, PLA, 3D print","No",""
"","","","15.99","","","","",""
"","","","15.99","","","","",""
"","","","15.99","","","","",""
"mm93-keychain-518384","MM93 Keychain","<p><strong>MM93 Keychain</strong> is a made-to-order PLA print based on the MakerWorld model <em>MM93 Keychain</em> by CDS3D.</p><p>Useful as a practical desk, home, gift, or hobby accessory, it is printed after purchase in your selected color: Black, Yellow, White, Red. Each print is checked before shipping, with small layer lines normal for FDM 3D printing.</p><p>Made to order in the Bay Area. Processing time is typically 3-5 business days, and supply is unlimited because items are printed on demand.</p><p>Gallery images are MakerWorld creator images and/or rendered previews of the actual model, not photos of this exact made-to-order print.</p><p>Care: keep away from high heat, dishwashers, candles, and small children where parts may present a choking risk.</p><p>Attribution: MM93 Keychain by CDS3D (@CDS_3DPrint), MakerWorld model 518384, license BY-SA, source https://makerworld.com/en/models/518384-mm93-keychain</p>","12.49","","/keychains-charms","MakerWorld, Commercial-safe, Made to order, PLA, 3D print","No",""
"","","","12.49","","","","",""
"","","","12.49","","","","",""
"","","","12.49","","","","",""
"pen-vault-1-0-1042326","Pen Vault 1 0","<p><strong>Pen Vault 1 0</strong> is a made-to-order PLA print based on the MakerWorld model <em>Pen Vault 1.0</em> by yahya.</p><p>Useful as a practical desk, home, gift, or hobby accessory, it is printed after purchase in your selected color: Black, Yellow, White, Red. Each print is checked before shipping, with small layer lines normal for FDM 3D printing.</p><p>Made to order in the Bay Area. Processing time is typically 3-5 business days, and supply is unlimited because items are printed on demand.</p><p>Gallery images are MakerWorld creator images and/or rendered previews of the actual model, not photos of this exact made-to-order print.</p><p>Care: keep away from high heat, dishwashers, candles, and small children where parts may present a choking risk.</p><p>Attribution: Pen Vault 1.0 by yahya (@yahyasidani), MakerWorld model 1042326, license BY-SA, source https://makerworld.com/en/models/1042326-pen-vault-1-0</p>","19.99","","/desk-office","MakerWorld, Commercial-safe, Made to order, PLA, 3D print","No",""
"","","","19.99","","","","",""
"","","","19.99","","","","",""
"","","","19.99","","","","",""
"lamboringhi-huracan-sto-style-end-plate-2050166","Lamboringhi Huracan STO Style End Plate","<p><strong>Lamboringhi Huracan STO Style End Plate</strong> is a made-to-order PLA print based on the MakerWorld model <em>Lamboringhi Huracan STO Style End Plate </em> by Matthias.</p><p>Useful as a practical desk, home, gift, or hobby accessory, it is printed after purchase in your selected color: Black, Yellow, White, Red. Each print is checked before shipping, with small layer lines normal for FDM 3D printing.</p><p>Made to order in the Bay Area. Processing time is typically 3-5 business days, and supply is unlimited because items are printed on demand.</p><p>Gallery images are MakerWorld creator images and/or rendered previews of the actual model, not photos of this exact made-to-order print.</p><p>Care: keep away from high heat, dishwashers, candles, and small children where parts may present a choking risk.</p><p>Attribution: Lamboringhi Huracan STO Style End Plate  by Matthias (@mccmatt92), MakerWorld model 2050166, license BY, source https://makerworld.com/en/models/2050166-lamboringhi-huracan-sto-style-end-plate</p>","20.49","","/functional-parts-tools","MakerWorld, Commercial-safe, Made to order, PLA, 3D print","No",""
"","","","20.49","","","","",""
"","","","20.49","","","","",""
"","","","20.49","","","","",""
"master-sword-mount-1943692","Master Sword Mount","<p><strong>Master Sword Mount</strong> is a made-to-order PLA print based on the MakerWorld model <em>Master Sword Mount</em> by Kane.</p><p>Useful as a practical desk, home, gift, or hobby accessory, it is printed after purchase in your selected color: Black, Yellow, White, Red. Each print is checked before shipping, with small layer lines normal for FDM 3D printing.</p><p>Made to order in the Bay Area. Processing time is typically 3-5 business days, and supply is unlimited because items are printed on demand.</p><p>Gallery images are MakerWorld creator images and/or rendered previews of the actual model, not photos of this exact made-to-order print.</p><p>Care: keep away from high heat, dishwashers, candles, and small children where parts may present a choking risk.</p><p>Attribution: Master Sword Mount by Kane (@Kjo90), MakerWorld model 1943692, license BY, source https://makerworld.com/en/models/1943692-master-sword-mount</p>","21.99","","/toys-figures","MakerWorld, Commercial-safe, Made to order, PLA, 3D print","No",""
"","","","21.99","","","","",""
"","","","21.99","","","","",""
"","","","21.99","","","","",""
"3-piece-pc-case-1918881","3 Piece PC Case","<p><strong>3 Piece PC Case</strong> is a made-to-order PLA print based on the MakerWorld model <em>3 Piece PC case</em> by to35aster863.</p><p>Useful as a practical desk, home, gift, or hobby accessory, it is printed after purchase in your selected color: Black, Yellow, White, Red. Each print is checked before shipping, with small layer lines normal for FDM 3D printing.</p><p>Made to order in the Bay Area. Processing time is typically 3-5 business days, and supply is unlimited because items are printed on demand.</p><p>Gallery images are MakerWorld creator images and/or rendered previews of the actual model, not photos of this exact made-to-order print.</p><p>Care: keep away from high heat, dishwashers, candles, and small children where parts may present a choking risk.</p><p>Attribution: 3 Piece PC case by to35aster863 (@to35aster863), MakerWorld model 1918881, license CC0, source https://makerworld.com/en/models/1918881-3-piece-pc-case</p>","14.49","","/electronics-accessories","MakerWorld, Commercial-safe, Made to order, PLA, 3D print","No",""
"","","","14.49","","","","",""
"","","","14.49","","","","",""
"","","","14.49","","","","",""
"mailbox-flag-1099806","Mailbox Flag","<p><strong>Mailbox Flag</strong> is a made-to-order PLA print based on the MakerWorld model <em>Mailbox Flag</em> by Thomas Wentworth.</p><p>Useful as a practical desk, home, gift, or hobby accessory, it is printed after purchase in your selected color: Black, Yellow, White, Red. Each print is checked before shipping, with small layer lines normal for FDM 3D printing.</p><p>Made to order in the Bay Area. Processing time is typically 3-5 business days, and supply is unlimited because items are printed on demand.</p><p>Gallery images are MakerWorld creator images and/or rendered previews of the actual model, not photos of this exact made-to-order print.</p><p>Care: keep away from high heat, dishwashers, candles, and small children where parts may present a choking risk.</p><p>Attribution: Mailbox Flag by Thomas Wentworth (@user_863726280), MakerWorld model 1099806, license BY, source https://makerworld.com/en/models/1099806-mailbox-flag</p>","23.99","","/home-organization","MakerWorld, Commercial-safe, Made to order, PLA, 3D print","No",""
"","","","23.99","","","","",""
"","","","23.99","","","","",""
"","","","23.99","","","","",""
"mushroom-house-garden-2260292","Mushroom House Garden","<p><strong>Mushroom House Garden</strong> is a made-to-order PLA print based on the MakerWorld model <em>Mushroom house garden</em> by user_1646223551.</p><p>Useful as a practical desk, home, gift, or hobby accessory, it is printed after purchase in your selected color: Black, Yellow, White, Red. Each print is checked before shipping, with small layer lines normal for FDM 3D printing.</p><p>Made to order in the Bay Area. Processing time is typically 3-5 business days, and supply is unlimited because items are printed on demand.</p><p>Gallery images are MakerWorld creator images and/or rendered previews of the actual model, not photos of this exact made-to-order print.</p><p>Care: keep away from high heat, dishwashers, candles, and small children where parts may present a choking risk.</p><p>Attribution: Mushroom house garden by user_1646223551 (@user_1646223551), MakerWorld model 2260292, license BY, source https://makerworld.com/en/models/2260292-mushroom-house-garden</p>","23.49","","/general-3d-prints","MakerWorld, Commercial-safe, Made to order, PLA, 3D print","No",""
"","","","23.49","","","","",""
"","","","23.49","","","","",""
"","","","23.49","","","","",""
"practical-stand-for-coffee-to-go-accessories-1762984","Practical Stand for Coffee-To-Go Accessories","<p><strong>Practical Stand For Coffee-To-Go Accessories</strong> is a made-to-order PLA print based on the MakerWorld model <em>Practical stand for coffee-to-go accessories</em> by danveprek.</p><p>Useful as a practical desk, home, gift, or hobby accessory, it is printed after purchase in your selected color: Black, Yellow, White, Red. Each print is checked before shipping, with small layer lines normal for FDM 3D printing.</p><p>Made to order in the Bay Area. Processing time is typically 3-5 business days, and supply is unlimited because items are printed on demand.</p><p>Gallery images are MakerWorld creator images and/or rendered previews of the actual model, not photos of this exact made-to-order print.</p><p>Care: keep away from high heat, dishwashers, candles, and small children where parts may present a choking risk.</p><p>Attribution: Practical stand for coffee-to-go accessories by danveprek (@danveprek), MakerWorld model 1762984, license CC0, source https://makerworld.com/en/models/1762984-practical-stand-for-coffee-to-go-accessories</p>","17.99","","/desk-office","MakerWorld, Commercial-safe, Made to order, PLA, 3D print","No",""
"","","","17.99","","","","",""
"","","","17.99","","","","",""
"","","","17.99","","","","",""
"modular-customizable-hex-bit-holder-with-labels-1751583","Modular Customizable Hex Bit Holder with Labels","<p><strong>Modular Customizable Hex Bit Holder With Labels</strong> is a made-to-order PLA print based on the MakerWorld model <em>Modular Customizable Hex Bit Holder with Labels</em> by Zacknafein.</p><p>Useful as a practical desk, home, gift, or hobby accessory, it is printed after purchase in your selected color: Black, Yellow, White, Red. Each print is checked before shipping, with small layer lines normal for FDM 3D printing.</p><p>Made to order in the Bay Area. Processing time is typically 3-5 business days, and supply is unlimited because items are printed on demand.</p><p>Gallery images are MakerWorld creator images and/or rendered previews of the actual model, not photos of this exact made-to-order print.</p><p>Care: keep away from high heat, dishwashers, candles, and small children where parts may present a choking risk.</p><p>Attribution: Modular Customizable Hex Bit Holder with Labels by Zacknafein (@user_2596498345), MakerWorld model 1751583, license BY-SA, source https://makerworld.com/en/models/1751583-modular-customizable-hex-bit-holder-with-labels</p>","21.99","","/home-organization","MakerWorld, Commercial-safe, Made to order, PLA, 3D print","No",""
"","","","21.99","","","","",""
"","","","21.99","","","","",""
"","","","21.99","","","","",""
"golf-ball-display-holder-2327550","Golf Ball Display/Holder","<p><strong>Golf Ball Display/Holder</strong> is a made-to-order PLA print based on the MakerWorld model <em>Golf Ball Display/Holder</em> by CWDesigns.</p><p>Useful as a practical desk, home, gift, or hobby accessory, it is printed after purchase in your selected color: Black, Yellow, White, Red. Each print is checked before shipping, with small layer lines normal for FDM 3D printing.</p><p>Made to order in the Bay Area. Processing time is typically 3-5 business days, and supply is unlimited because items are printed on demand.</p><p>Gallery images are MakerWorld creator images and/or rendered previews of the actual model, not photos of this exact made-to-order print.</p><p>Care: keep away from high heat, dishwashers, candles, and small children where parts may present a choking risk.</p><p>Attribution: Golf Ball Display/Holder by CWDesigns (@CDubsDesigns), MakerWorld model 2327550, license CC0, source https://makerworld.com/en/models/2327550-golf-ball-display-holder</p>","20.49","","/home-organization","MakerWorld, Commercial-safe, Made to order, PLA, 3D print","No",""
"","","","20.49","","","","",""
"","","","20.49","","","","",""
"","","","20.49","","","","",""
"pc-wall-case-2279860","PC WALL CASE","<p><strong>PC WALL CASE</strong> is a made-to-order PLA print based on the MakerWorld model <em>PC WALL CASE</em> by DanyDeggio.</p><p>Useful as a practical desk, home, gift, or hobby accessory, it is printed after purchase in your selected color: Black, Yellow, White, Red. Each print is checked before shipping, with small layer lines normal for FDM 3D printing.</p><p>Made to order in the Bay Area. Processing time is typically 3-5 business days, and supply is unlimited because items are printed on demand.</p><p>Gallery images are MakerWorld creator images and/or rendered previews of the actual model, not photos of this exact made-to-order print.</p><p>Care: keep away from high heat, dishwashers, candles, and small children where parts may present a choking risk.</p><p>Attribution: PC WALL CASE by DanyDeggio (@DanyDeggio), MakerWorld model 2279860, license BY, source https://makerworld.com/en/models/2279860-pc-wall-case</p>","17.99","","/electronics-accessories","MakerWorld, Commercial-safe, Made to order, PLA, 3D print","No",""
"","","","17.99","","","","",""
"","","","17.99","","","","",""
"","","","17.99","","","","",""
"2020-christmas-ornament-sled-with-presents-68580","2020 Christmas Ornament (Sled with Presents)","<p><strong>2020 Christmas Ornament (Sled With Presents)</strong> is a made-to-order PLA print based on the MakerWorld model <em>2020 Christmas Ornament (Sled with Presents)</em> by eclien.</p><p>Useful as a practical desk, home, gift, or hobby accessory, it is printed after purchase in your selected color: Black, Yellow, White, Red. Each print is checked before shipping, with small layer lines normal for FDM 3D printing.</p><p>Made to order in the Bay Area. Processing time is typically 3-5 business days, and supply is unlimited because items are printed on demand.</p><p>Gallery images are MakerWorld creator images and/or rendered previews of the actual model, not photos of this exact made-to-order print.</p><p>Care: keep away from high heat, dishwashers, candles, and small children where parts may present a choking risk.</p><p>Attribution: 2020 Christmas Ornament (Sled with Presents) by eclien (@eclien), MakerWorld model 68580, license BY-SA, source https://makerworld.com/en/models/68580-2020-christmas-ornament-sled-with-presents</p>","14.49","","/holiday-seasonal","MakerWorld, Commercial-safe, Made to order, PLA, 3D print","No",""
"","","","14.49","","","","",""
"","","","14.49","","","","",""
"","","","14.49","","","","",""
"support-for-ams-lite-vertical-stand-2161927","Support for AMS Lite Vertical Stand","<p><strong>Support For AMS Lite Vertical Stand</strong> is a made-to-order PLA print based on the MakerWorld model <em>Support for AMS lite vertical stand</em> by 3dts_printing_studio.</p><p>Useful as a practical desk, home, gift, or hobby accessory, it is printed after purchase in your selected color: Black, Yellow, White, Red. Each print is checked before shipping, with small layer lines normal for FDM 3D printing.</p><p>Made to order in the Bay Area. Processing time is typically 3-5 business days, and supply is unlimited because items are printed on demand.</p><p>Gallery images are MakerWorld creator images and/or rendered previews of the actual model, not photos of this exact made-to-order print.</p><p>Care: keep away from high heat, dishwashers, candles, and small children where parts may present a choking risk.</p><p>Attribution: Support for AMS lite vertical stand by 3dts_printing_studio (@ivtsvetbio), MakerWorld model 2161927, license CC0, source https://makerworld.com/en/models/2161927-support-for-ams-lite-vertical-stand</p>","21.49","","/desk-office","MakerWorld, Commercial-safe, Made to order, PLA, 3D print","No",""
"","","","21.49","","","","",""
"","","","21.49","","","","",""
"","","","21.49","","","","",""
"happy-easter-banner-sign-with-carrots-2421311","Happy Easter Banner Sign with Carrots","<p><strong>Happy Easter Banner Sign With Carrots</strong> is a made-to-order PLA print based on the MakerWorld model <em>Happy Easter Banner Sign with Carrots</em> by Josh Gilson.</p><p>Useful as a practical desk, home, gift, or hobby accessory, it is printed after purchase in your selected color: Black, Yellow, White, Red. Each print is checked before shipping, with small layer lines normal for FDM 3D printing.</p><p>Made to order in the Bay Area. Processing time is typically 3-5 business days, and supply is unlimited because items are printed on demand.</p><p>Gallery images are MakerWorld creator images and/or rendered previews of the actual model, not photos of this exact made-to-order print.</p><p>Care: keep away from high heat, dishwashers, candles, and small children where parts may present a choking risk.</p><p>Attribution: Happy Easter Banner Sign with Carrots by Josh Gilson (@joshgilson), MakerWorld model 2421311, license CC0, source https://makerworld.com/en/models/2421311-happy-easter-banner-sign-with-carrots</p>","9.99","","/holiday-seasonal","MakerWorld, Commercial-safe, Made to order, PLA, 3D print","No",""
"","","","9.99","","","","",""
"","","","9.99","","","","",""
"","","","9.99","","","","",""
"henry-creel-vecna-stranger-things-2368928","Henry Creel Vecna Stranger Things","<p><strong>Henry Creel Vecna Stranger Things</strong> is a made-to-order PLA print based on the MakerWorld model <em>Henry Creel Vecna Stranger things</em> by 3DominikPrint.</p><p>Useful as a practical desk, home, gift, or hobby accessory, it is printed after purchase in your selected color: Black, Yellow, White, Red. Each print is checked before shipping, with small layer lines normal for FDM 3D printing.</p><p>Made to order in the Bay Area. Processing time is typically 3-5 business days, and supply is unlimited because items are printed on demand.</p><p>Gallery images are MakerWorld creator images and/or rendered previews of the actual model, not photos of this exact made-to-order print.</p><p>Care: keep away from high heat, dishwashers, candles, and small children where parts may present a choking risk.</p><p>Attribution: Henry Creel Vecna Stranger things by 3DominikPrint (@3DominikPrint), MakerWorld model 2368928, license CC0, source https://makerworld.com/en/models/2368928-henry-creel-vecna-stranger-things</p>","17.99","","/general-3d-prints","MakerWorld, Commercial-safe, Made to order, PLA, 3D print","No",""
"","","","17.99","","","","",""
"","","","17.99","","","","",""
"","","","17.99","","","","",""
"gta-online-cayo-perico-pink-diamond-prop-2333463","GTA Online Cayo Perico Pink Diamond Prop","<p><strong>GTA Online Cayo Perico Pink Diamond Prop</strong> is a made-to-order PLA print based on the MakerWorld model <em>GTA Online Cayo Perico Pink Diamond prop</em> by TVVmrboxed69.</p><p>Useful as a practical desk, home, gift, or hobby accessory, it is printed after purchase in your selected color: Black, Yellow, White, Red. Each print is checked before shipping, with small layer lines normal for FDM 3D printing.</p><p>Made to order in the Bay Area. Processing time is typically 3-5 business days, and supply is unlimited because items are printed on demand.</p><p>Gallery images are MakerWorld creator images and/or rendered previews of the actual model, not photos of this exact made-to-order print.</p><p>Care: keep away from high heat, dishwashers, candles, and small children where parts may present a choking risk.</p><p>Attribution: GTA Online Cayo Perico Pink Diamond prop by TVVmrboxed69 (@TVVmrboxed69), MakerWorld model 2333463, license BY-SA, source https://makerworld.com/en/models/2333463-gta-online-cayo-perico-pink-diamond-prop</p>","25.99","","/cosplay-props","MakerWorld, Commercial-safe, Made to order, PLA, 3D print","No",""
"","","","25.99","","","","",""
"","","","25.99","","","","",""
"","","","25.99","","","","",""
"valentine-s-day-teddy-bear-with-heart-1008380","Valentine'S Day Teddy Bear with Heart","<p><strong>Valentine'S Day Teddy Bear With Heart</strong> is a made-to-order PLA print based on the MakerWorld model <em>Orsetto con cuore San Valentino</em> by Irene kiss kiss.</p><p>Useful as a practical desk, home, gift, or hobby accessory, it is printed after purchase in your selected color: Black, Yellow, White, Red. Each print is checked before shipping, with small layer lines normal for FDM 3D printing.</p><p>Made to order in the Bay Area. Processing time is typically 3-5 business days, and supply is unlimited because items are printed on demand.</p><p>Gallery images are MakerWorld creator images and/or rendered previews of the actual model, not photos of this exact made-to-order print.</p><p>Care: keep away from high heat, dishwashers, candles, and small children where parts may present a choking risk.</p><p>Attribution: Orsetto con cuore San Valentino by Irene kiss kiss (@user_1987235562), MakerWorld model 1008380, license BY, source https://makerworld.com/en/models/1008380-valentine-s-day-teddy-bear-with-heart</p>","15.49","","/holiday-seasonal","MakerWorld, Commercial-safe, Made to order, PLA, 3D print","No",""
"","","","15.49","","","","",""
"","","","15.49","","","","",""
"","","","15.49","","","","",""
"wall-protector-patch-door-bumper-2155012","Wall Protector/Patch/Door Bumper","<p><strong>Wall Protector/Patch/Door Bumper</strong> is a made-to-order PLA print based on the MakerWorld model <em>Wall protector/patch/door bumper</em> by D.M.printing⚡️.</p><p>Useful as a practical desk, home, gift, or hobby accessory, it is printed after purchase in your selected color: Black, Yellow, White, Red. Each print is checked before shipping, with small layer lines normal for FDM 3D printing.</p><p>Made to order in the Bay Area. Processing time is typically 3-5 business days, and supply is unlimited because items are printed on demand.</p><p>Gallery images are MakerWorld creator images and/or rendered previews of the actual model, not photos of this exact made-to-order print.</p><p>Care: keep away from high heat, dishwashers, candles, and small children where parts may present a choking risk.</p><p>Attribution: Wall protector/patch/door bumper by D.M.printing⚡️ (@user_3491081668), MakerWorld model 2155012, license BY, source https://makerworld.com/en/models/2155012-wall-protector-patch-door-bumper</p>","19.99","","/home-organization","MakerWorld, Commercial-safe, Made to order, PLA, 3D print","No",""
"","","","19.99","","","","",""
"","","","19.99","","","","",""
"","","","19.99","","","","",""
"greek-soldier-2101274","Greek Soldier","<p><strong>Greek Soldier</strong> is a made-to-order PLA print based on the MakerWorld model <em>Greek Soldier</em> by Mr.Rhino3D.</p><p>Useful as a practical desk, home, gift, or hobby accessory, it is printed after purchase in your selected color: Black, Yellow, White, Red. Each print is checked before shipping, with small layer lines normal for FDM 3D printing.</p><p>Made to order in the Bay Area. Processing time is typically 3-5 business days, and supply is unlimited because items are printed on demand.</p><p>Gallery images are MakerWorld creator images and/or rendered previews of the actual model, not photos of this exact made-to-order print.</p><p>Care: keep away from high heat, dishwashers, candles, and small children where parts may present a choking risk.</p><p>Attribution: Greek Soldier by Mr.Rhino3D (@ahassanr.94), MakerWorld model 2101274, license BY-SA, source https://makerworld.com/en/models/2101274-greek-soldier</p>","21.49","","/general-3d-prints","MakerWorld, Commercial-safe, Made to order, PLA, 3D print","No",""
"","","","21.49","","","","",""
"","","","21.49","","","","",""
"","","","21.49","","","","",""
"round-heart-gift-box-450449","Round Heart Gift Box","<p><strong>Round Heart Gift Box</strong> is a made-to-order PLA print based on the MakerWorld model <em>Round heart gift box</em> by Draabe 3D-print.</p><p>Useful as a practical desk, home, gift, or hobby accessory, it is printed after purchase in your selected color: Black, Yellow, White, Red. Each print is checked before shipping, with small layer lines normal for FDM 3D printing.</p><p>Made to order in the Bay Area. Processing time is typically 3-5 business days, and supply is unlimited because items are printed on demand.</p><p>Gallery images are MakerWorld creator images and/or rendered previews of the actual model, not photos of this exact made-to-order print.</p><p>Care: keep away from high heat, dishwashers, candles, and small children where parts may present a choking risk.</p><p>Attribution: Round heart gift box by Draabe 3D-print (@MDrift3D), MakerWorld model 450449, license BY-SA, source https://makerworld.com/en/models/450449-round-heart-gift-box</p>","23.99","","/holiday-seasonal","MakerWorld, Commercial-safe, Made to order, PLA, 3D print","No",""
"","","","23.99","","","","",""
"","","","23.99","","","","",""
"","","","23.99","","","","",""
"lamborghini-sian-high-detail-one-piece-2304981","Lamborghini SiáN - High Detail One-Piece","<p><strong>Lamborghini Si&aacute;N - High Detail One-Piece</strong> is a made-to-order PLA print based on the MakerWorld model <em>Lamborghini Si&aacute;n - High Detail One-Piece</em> by Gio.</p><p>Useful as a practical desk, home, gift, or hobby accessory, it is printed after purchase in your selected color: Black, Yellow, White, Red. Each print is checked before shipping, with small layer lines normal for FDM 3D printing.</p><p>Made to order in the Bay Area. Processing time is typically 3-5 business days, and supply is unlimited because items are printed on demand.</p><p>Gallery images are MakerWorld creator images and/or rendered previews of the actual model, not photos of this exact made-to-order print.</p><p>Care: keep away from high heat, dishwashers, candles, and small children where parts may present a choking risk.</p><p>Attribution: Lamborghini Si&aacute;n - High Detail One-Piece by Gio (@Gioooo), MakerWorld model 2304981, license BY, source https://makerworld.com/en/models/2304981-lamborghini-sian-high-detail-one-piece</p>","22.49","","/general-3d-prints","MakerWorld, Commercial-safe, Made to order, PLA, 3D print","No",""
"","","","22.49","","","","",""
"","","","22.49","","","","",""
"","","","22.49","","","","",""
"embroidery-spool-stand-for-sewing-machine-2374779","Embroidery Spool Stand for Sewing Machine","<p><strong>Embroidery Spool Stand For Sewing Machine</strong> is a made-to-order PLA print based on the MakerWorld model <em>Embroidery Spool Stand for Sewing Machine</em> by KM4T.</p><p>Useful as a practical desk, home, gift, or hobby accessory, it is printed after purchase in your selected color: Black, Yellow, White, Red. Each print is checked before shipping, with small layer lines normal for FDM 3D printing.</p><p>Made to order in the Bay Area. Processing time is typically 3-5 business days, and supply is unlimited because items are printed on demand.</p><p>Gallery images are MakerWorld creator images and/or rendered previews of the actual model, not photos of this exact made-to-order print.</p><p>Care: keep away from high heat, dishwashers, candles, and small children where parts may present a choking risk.</p><p>Attribution: Embroidery Spool Stand for Sewing Machine by KM4T (@km4tpb), MakerWorld model 2374779, license BY-ND, source https://makerworld.com/en/models/2374779-embroidery-spool-stand-for-sewing-machine</p>","17.99","","/desk-office","MakerWorld, Commercial-safe, Made to order, PLA, 3D print","No",""
"","","","17.99","","","","",""
"","","","17.99","","","","",""
"","","","17.99","","","","",""
"the-superhero-unicorn-keychain-design-2158321","The Superhero Unicorn Keychain - Design","<p><strong>The Superhero Unicorn Keychain - Design</strong> is a made-to-order PLA print based on the MakerWorld model <em>The Superhero Unicorn keychain - free design</em> by DreamHorn.</p><p>Useful as a practical desk, home, gift, or hobby accessory, it is printed after purchase in your selected color: Black, Yellow, White, Red. Each print is checked before shipping, with small layer lines normal for FDM 3D printing.</p><p>Made to order in the Bay Area. Processing time is typically 3-5 business days, and supply is unlimited because items are printed on demand.</p><p>Gallery images are MakerWorld creator images and/or rendered previews of the actual model, not photos of this exact made-to-order print.</p><p>Care: keep away from high heat, dishwashers, candles, and small children where parts may present a choking risk.</p><p>Attribution: The Superhero Unicorn keychain - free design by DreamHorn (@DreamHorn), MakerWorld model 2158321, license BY-ND, source https://makerworld.com/en/models/2158321-the-superhero-unicorn-keychain-free-design</p>","18.49","","/keychains-charms","MakerWorld, Commercial-safe, Made to order, PLA, 3D print","No",""
"","","","18.49","","","","",""
"","","","18.49","","","","",""
"","","","18.49","","","","",""
"fantasy-horse-2318524","Fantasy Horse","<p><strong>Fantasy Horse</strong> is a made-to-order PLA print based on the MakerWorld model <em>Fantasy Horse</em> by Burris_3D.</p><p>Useful as a practical desk, home, gift, or hobby accessory, it is printed after purchase in your selected color: Black, Yellow, White, Red. Each print is checked before shipping, with small layer lines normal for FDM 3D printing.</p><p>Made to order in the Bay Area. Processing time is typically 3-5 business days, and supply is unlimited because items are printed on demand.</p><p>Gallery images are MakerWorld creator images and/or rendered previews of the actual model, not photos of this exact made-to-order print.</p><p>Care: keep away from high heat, dishwashers, candles, and small children where parts may present a choking risk.</p><p>Attribution: Fantasy Horse by Burris_3D (@Burris_3D), MakerWorld model 2318524, license CC0, source https://makerworld.com/en/models/2318524-fantasy-horse</p>","17.49","","/general-3d-prints","MakerWorld, Commercial-safe, Made to order, PLA, 3D print","No",""
"","","","17.49","","","","",""
"","","","17.49","","","","",""
"","","","17.49","","","","",""
"1701-tos-case-for-supercon-9-communicator-badge-1935908","1701 TOS Case for Supercon 9 Communicator Badge","<p><strong>1701 TOS Case For Supercon 9 Communicator Badge</strong> is a made-to-order PLA print based on the MakerWorld model <em>1701 TOS Case for Supercon.9 Communicator Badge</em> by flummer.</p><p>Useful as a practical desk, home, gift, or hobby accessory, it is printed after purchase in your selected color: Black, Yellow, White, Red. Each print is checked before shipping, with small layer lines normal for FDM 3D printing.</p><p>Made to order in the Bay Area. Processing time is typically 3-5 business days, and supply is unlimited because items are printed on demand.</p><p>Gallery images are MakerWorld creator images and/or rendered previews of the actual model, not photos of this exact made-to-order print.</p><p>Care: keep away from high heat, dishwashers, candles, and small children where parts may present a choking risk.</p><p>Attribution: 1701 TOS Case for Supercon.9 Communicator Badge by flummer (@flummer), MakerWorld model 1935908, license BY-SA, source https://makerworld.com/en/models/1935908-1701-tos-case-for-supercon-9-communicator-badge</p>","13.99","","/toys-figures","MakerWorld, Commercial-safe, Made to order, PLA, 3D print","No",""
"","","","13.99","","","","",""
"","","","13.99","","","","",""
"","","","13.99","","","","",""
"small-heart-with-knit-look-for-valentine-s-day-2333953","Small Heart with Knit Look for Valentine'S Day","<p><strong>Small Heart With Knit Look For Valentine'S Day</strong> is a made-to-order PLA print based on the MakerWorld model <em>Kleines Herz in Strick-Optik f&uuml;r Valentinstag</em> by Creaitivity Studio.</p><p>Useful as a practical desk, home, gift, or hobby accessory, it is printed after purchase in your selected color: Black, Yellow, White, Red. Each print is checked before shipping, with small layer lines normal for FDM 3D printing.</p><p>Made to order in the Bay Area. Processing time is typically 3-5 business days, and supply is unlimited because items are printed on demand.</p><p>Gallery images are MakerWorld creator images and/or rendered previews of the actual model, not photos of this exact made-to-order print.</p><p>Care: keep away from high heat, dishwashers, candles, and small children where parts may present a choking risk.</p><p>Attribution: Kleines Herz in Strick-Optik f&uuml;r Valentinstag by Creaitivity Studio (@creastudio), MakerWorld model 2333953, license BY-SA, source https://makerworld.com/en/models/2333953-small-heart-with-knit-look-for-valentine-s-day</p>","17.49","","/holiday-seasonal","MakerWorld, Commercial-safe, Made to order, PLA, 3D print","No",""
"","","","17.49","","","","",""
"","","","17.49","","","","",""
"","","","17.49","","","","",""
"ammunition-display-2286569","Ammunition Display","<p><strong>Ammunition Display</strong> is a made-to-order PLA print based on the MakerWorld model <em>Ammunition display</em> by Bryan Extreme.</p><p>Useful as a practical desk, home, gift, or hobby accessory, it is printed after purchase in your selected color: Black, Yellow, White, Red. Each print is checked before shipping, with small layer lines normal for FDM 3D printing.</p><p>Made to order in the Bay Area. Processing time is typically 3-5 business days, and supply is unlimited because items are printed on demand.</p><p>Gallery images are MakerWorld creator images and/or rendered previews of the actual model, not photos of this exact made-to-order print.</p><p>Care: keep away from high heat, dishwashers, candles, and small children where parts may present a choking risk.</p><p>Attribution: Ammunition display by Bryan Extreme (@user_233999261), MakerWorld model 2286569, license CC0, source https://makerworld.com/en/models/2286569-ammunition-display</p>","17.99","","/decor-art","MakerWorld, Commercial-safe, Made to order, PLA, 3D print","No",""
"","","","17.99","","","","",""
"","","","17.99","","","","",""
"","","","17.99","","","","",""
"jamonero-ham-holder-1940048","Jamonero / Ham Holder","<p><strong>Jamonero / Ham Holder</strong> is a made-to-order PLA print based on the MakerWorld model <em>Jamonero / Ham Holder</em> by jordibuixant.</p><p>Useful as a practical desk, home, gift, or hobby accessory, it is printed after purchase in your selected color: Black, Yellow, White, Red. Each print is checked before shipping, with small layer lines normal for FDM 3D printing.</p><p>Made to order in the Bay Area. Processing time is typically 3-5 business days, and supply is unlimited because items are printed on demand.</p><p>Gallery images are MakerWorld creator images and/or rendered previews of the actual model, not photos of this exact made-to-order print.</p><p>Care: keep away from high heat, dishwashers, candles, and small children where parts may present a choking risk.</p><p>Attribution: Jamonero / Ham Holder by jordibuixant (@jordibuixant), MakerWorld model 1940048, license BY-SA, source https://makerworld.com/en/models/1940048-jamonero-ham-holder</p>","23.99","","/home-organization","MakerWorld, Commercial-safe, Made to order, PLA, 3D print","No",""
"","","","23.99","","","","",""
"","","","23.99","","","","",""
"","","","23.99","","","","",""
"keyboard-feet-1919071","Keyboard Feet","<p><strong>Keyboard Feet</strong> is a made-to-order PLA print based on the MakerWorld model <em>键盘脚</em> by 打印贫困户.</p><p>Useful as a practical desk, home, gift, or hobby accessory, it is printed after purchase in your selected color: Black, Yellow, White, Red. Each print is checked before shipping, with small layer lines normal for FDM 3D printing.</p><p>Made to order in the Bay Area. Processing time is typically 3-5 business days, and supply is unlimited because items are printed on demand.</p><p>Gallery images are MakerWorld creator images and/or rendered previews of the actual model, not photos of this exact made-to-order print.</p><p>Care: keep away from high heat, dishwashers, candles, and small children where parts may present a choking risk.</p><p>Attribution: 键盘脚 by 打印贫困户 (@1695740020), MakerWorld model 1919071, license CC0, source https://makerworld.com/en/models/1919071-keyboard-feet</p>","19.99","","/desk-office","MakerWorld, Commercial-safe, Made to order, PLA, 3D print","No",""
"","","","19.99","","","","",""
"","","","19.99","","","","",""
"","","","19.99","","","","",""
"cute-halloween-bat-paintable-1759947","Cute Halloween Bat - Paintable","<p><strong>Cute Halloween Bat – Paintable</strong> is a made-to-order PLA print based on the MakerWorld model <em>Cute Halloween Bat –  Paintable</em> by Quantrex.</p><p>Useful as a practical desk, home, gift, or hobby accessory, it is printed after purchase in your selected color: Black, Yellow, White, Red. Each print is checked before shipping, with small layer lines normal for FDM 3D printing.</p><p>Made to order in the Bay Area. Processing time is typically 3-5 business days, and supply is unlimited because items are printed on demand.</p><p>Gallery images are MakerWorld creator images and/or rendered previews of the actual model, not photos of this exact made-to-order print.</p><p>Care: keep away from high heat, dishwashers, candles, and small children where parts may present a choking risk.</p><p>Attribution: Cute Halloween Bat –  Paintable by Quantrex (@_.Quantrex._), MakerWorld model 1759947, license BY, source https://makerworld.com/en/models/1759947-cute-halloween-bat-paintable</p>","12.49","","/holiday-seasonal","MakerWorld, Commercial-safe, Made to order, PLA, 3D print","No",""
"","","","12.49","","","","",""
"","","","12.49","","","","",""
"","","","12.49","","","","",""
"globe-with-heart-in-hands-71872","Globe with Heart in Hands","<p><strong>Globe With Heart In Hands</strong> is a made-to-order PLA print based on the MakerWorld model <em>Globe with Heart in Hands</em> by LuckyShot.</p><p>Useful as a practical desk, home, gift, or hobby accessory, it is printed after purchase in your selected color: Black, Yellow, White, Red. Each print is checked before shipping, with small layer lines normal for FDM 3D printing.</p><p>Made to order in the Bay Area. Processing time is typically 3-5 business days, and supply is unlimited because items are printed on demand.</p><p>Gallery images are MakerWorld creator images and/or rendered previews of the actual model, not photos of this exact made-to-order print.</p><p>Care: keep away from high heat, dishwashers, candles, and small children where parts may present a choking risk.</p><p>Attribution: Globe with Heart in Hands by LuckyShot (@LuckyShot), MakerWorld model 71872, license BY, source https://makerworld.com/en/models/71872-globe-with-heart-in-hands</p>","17.99","","/decor-art","MakerWorld, Commercial-safe, Made to order, PLA, 3D print","No",""
"","","","17.99","","","","",""
"","","","17.99","","","","",""
"","","","17.99","","","","",""
"love-shadow-box-2221525","Love Shadow Box","<p><strong>Love Shadow Box</strong> is a made-to-order PLA print based on the MakerWorld model <em>boite a ombre love </em> by tanguy.</p><p>Useful as a practical desk, home, gift, or hobby accessory, it is printed after purchase in your selected color: Black, Yellow, White, Red. Each print is checked before shipping, with small layer lines normal for FDM 3D printing.</p><p>Made to order in the Bay Area. Processing time is typically 3-5 business days, and supply is unlimited because items are printed on demand.</p><p>Gallery images are MakerWorld creator images and/or rendered previews of the actual model, not photos of this exact made-to-order print.</p><p>Care: keep away from high heat, dishwashers, candles, and small children where parts may present a choking risk.</p><p>Attribution: boite a ombre love  by tanguy (@tanguy59), MakerWorld model 2221525, license BY-ND, source https://makerworld.com/en/models/2221525-love-shadow-box</p>","22.49","","/home-organization","MakerWorld, Commercial-safe, Made to order, PLA, 3D print","No",""
"","","","22.49","","","","",""
"","","","22.49","","","","",""
"","","","22.49","","","","",""
"new-year-glass-marker-2170486","New Year Glass Marker","<p><strong>New Year Glass Marker</strong> is a made-to-order PLA print based on the MakerWorld model <em>New Year Glass Marker</em> by leonardo.manetti.</p><p>Useful as a practical desk, home, gift, or hobby accessory, it is printed after purchase in your selected color: Black, Yellow, White, Red. Each print is checked before shipping, with small layer lines normal for FDM 3D printing.</p><p>Made to order in the Bay Area. Processing time is typically 3-5 business days, and supply is unlimited because items are printed on demand.</p><p>Gallery images are MakerWorld creator images and/or rendered previews of the actual model, not photos of this exact made-to-order print.</p><p>Care: keep away from high heat, dishwashers, candles, and small children where parts may present a choking risk.</p><p>Attribution: New Year Glass Marker by leonardo.manetti (@leomanetti), MakerWorld model 2170486, license BY, source https://makerworld.com/en/models/2170486-new-year-glass-marker</p>","17.99","","/general-3d-prints","MakerWorld, Commercial-safe, Made to order, PLA, 3D print","No",""
"","","","17.99","","","","",""
"","","","17.99","","","","",""
"","","","17.99","","","","",""
"3d-filament-hermetic-dehumidifying-drybox-2066354","3D Filament Hermetic Dehumidifying Drybox","<p><strong>3D Filament Hermetic Dehumidifying Drybox</strong> is a made-to-order PLA print based on the MakerWorld model <em>Drybox Herm&eacute;tica Desumidificadora Filamento 3D</em> by NIKZ.</p><p>Useful as a practical desk, home, gift, or hobby accessory, it is printed after purchase in your selected color: Black, Yellow, White, Red. Each print is checked before shipping, with small layer lines normal for FDM 3D printing.</p><p>Made to order in the Bay Area. Processing time is typically 3-5 business days, and supply is unlimited because items are printed on demand.</p><p>Gallery images are MakerWorld creator images and/or rendered previews of the actual model, not photos of this exact made-to-order print.</p><p>Care: keep away from high heat, dishwashers, candles, and small children where parts may present a choking risk.</p><p>Attribution: Drybox Herm&eacute;tica Desumidificadora Filamento 3D by NIKZ (@nikz), MakerWorld model 2066354, license BY, source https://makerworld.com/en/models/2066354-3d-filament-hermetic-dehumidifying-drybox</p>","21.99","","/home-organization","MakerWorld, Commercial-safe, Made to order, PLA, 3D print","No",""
"","","","21.99","","","","",""
"","","","21.99","","","","",""
"","","","21.99","","","","",""
"adorable-kitten-keychains-2272767","Adorable Kitten Keychains","<p><strong>Adorable Kitten Keychains</strong> is a made-to-order PLA print based on the MakerWorld model <em>Adorabili Gattini Portachiavi</em> by FastPrint3D.</p><p>Useful as a practical desk, home, gift, or hobby accessory, it is printed after purchase in your selected color: Black, Yellow, White, Red. Each print is checked before shipping, with small layer lines normal for FDM 3D printing.</p><p>Made to order in the Bay Area. Processing time is typically 3-5 business days, and supply is unlimited because items are printed on demand.</p><p>Gallery images are MakerWorld creator images and/or rendered previews of the actual model, not photos of this exact made-to-order print.</p><p>Care: keep away from high heat, dishwashers, candles, and small children where parts may present a choking risk.</p><p>Attribution: Adorabili Gattini Portachiavi by FastPrint3D (@FastPrint3D), MakerWorld model 2272767, license BY-SA, source https://makerworld.com/en/models/2272767-adorable-kitten-keychains</p>","15.99","","/keychains-charms","MakerWorld, Commercial-safe, Made to order, PLA, 3D print","No",""
"","","","15.99","","","","",""
"","","","15.99","","","","",""
"","","","15.99","","","","",""
"heartbound-sloth-2292697","Heartbound Sloth","<p><strong>Heartbound Sloth</strong> is a made-to-order PLA print based on the MakerWorld model <em>Heartbound Sloth</em> by Chris.</p><p>Useful as a practical desk, home, gift, or hobby accessory, it is printed after purchase in your selected color: Black, Yellow, White, Red. Each print is checked before shipping, with small layer lines normal for FDM 3D printing.</p><p>Made to order in the Bay Area. Processing time is typically 3-5 business days, and supply is unlimited because items are printed on demand.</p><p>Gallery images are MakerWorld creator images and/or rendered previews of the actual model, not photos of this exact made-to-order print.</p><p>Care: keep away from high heat, dishwashers, candles, and small children where parts may present a choking risk.</p><p>Attribution: Heartbound Sloth by Chris (@Chris_JHB), MakerWorld model 2292697, license BY-SA, source https://makerworld.com/en/models/2292697-heartbound-sloth</p>","20.49","","/decor-art","MakerWorld, Commercial-safe, Made to order, PLA, 3D print","No",""
"","","","20.49","","","","",""
"","","","20.49","","","","",""
"","","","20.49","","","","",""
"curved-flange-with-gate-valve-75mm-pipe-diameter-2278833","Curved Flange with Gate Valve, 75mm Pipe Diameter","<p><strong>Curved Flange With Gate Valve, 75mm Pipe Diameter</strong> is a made-to-order PLA print based on the MakerWorld model <em>Flansch mit Schieber gebogen Rohrdurchmesser 75mm</em> by Benno Wolf.</p><p>Useful as a practical desk, home, gift, or hobby accessory, it is printed after purchase in your selected color: Black, Yellow, White, Red. Each print is checked before shipping, with small layer lines normal for FDM 3D printing.</p><p>Made to order in the Bay Area. Processing time is typically 3-5 business days, and supply is unlimited because items are printed on demand.</p><p>Gallery images are MakerWorld creator images and/or rendered previews of the actual model, not photos of this exact made-to-order print.</p><p>Care: keep away from high heat, dishwashers, candles, and small children where parts may present a choking risk.</p><p>Attribution: Flansch mit Schieber gebogen Rohrdurchmesser 75mm by Benno Wolf (@bennowolf), MakerWorld model 2278833, license CC0, source https://makerworld.com/en/models/2278833-curved-flange-with-gate-valve-75mm-pipe-diameter</p>","22.49","","/general-3d-prints","MakerWorld, Commercial-safe, Made to order, PLA, 3D print","No",""
"","","","22.49","","","","",""
"","","","22.49","","","","",""
"","","","22.49","","","","",""
"sweet-sheep-with-heart-1050895","Sweet Sheep with Heart","<p><strong>Sweet Sheep With Heart</strong> is a made-to-order PLA print based on the MakerWorld model <em>S&uuml;&szlig;es Schaf mit Herz</em> by Master Calib&auml;r.</p><p>Useful as a practical desk, home, gift, or hobby accessory, it is printed after purchase in your selected color: Black, Yellow, White, Red. Each print is checked before shipping, with small layer lines normal for FDM 3D printing.</p><p>Made to order in the Bay Area. Processing time is typically 3-5 business days, and supply is unlimited because items are printed on demand.</p><p>Gallery images are MakerWorld creator images and/or rendered previews of the actual model, not photos of this exact made-to-order print.</p><p>Care: keep away from high heat, dishwashers, candles, and small children where parts may present a choking risk.</p><p>Attribution: S&uuml;&szlig;es Schaf mit Herz by Master Calib&auml;r (@MasterCaliBaer), MakerWorld model 1050895, license BY, source https://makerworld.com/en/models/1050895-sweet-sheep-with-heart</p>","13.99","","/decor-art","MakerWorld, Commercial-safe, Made to order, PLA, 3D print","No",""
"","","","13.99","","","","",""
"","","","13.99","","","","",""
"","","","13.99","","","","",""
"betafpv-cetus-x-with-batteries-case-2057672","BetaFPV Cetus X with Batteries Case","<p><strong>BetaFPV Cetus X With Batteries Case</strong> is a made-to-order PLA print based on the MakerWorld model <em>BetaFPV Cetus X with batteries case</em> by Jankes.</p><p>Useful as a practical desk, home, gift, or hobby accessory, it is printed after purchase in your selected color: Black, Yellow, White, Red. Each print is checked before shipping, with small layer lines normal for FDM 3D printing.</p><p>Made to order in the Bay Area. Processing time is typically 3-5 business days, and supply is unlimited because items are printed on demand.</p><p>Gallery images are MakerWorld creator images and/or rendered previews of the actual model, not photos of this exact made-to-order print.</p><p>Care: keep away from high heat, dishwashers, candles, and small children where parts may present a choking risk.</p><p>Attribution: BetaFPV Cetus X with batteries case by Jankes (@Jankes80), MakerWorld model 2057672, license BY, source https://makerworld.com/en/models/2057672-betafpv-cetus-x-with-batteries-case</p>","19.99","","/general-3d-prints","MakerWorld, Commercial-safe, Made to order, PLA, 3D print","No",""
"","","","19.99","","","","",""
"","","","19.99","","","","",""
"","","","19.99","","","","",""
"nfc-keychain-nfc-keyring-1204056","NFC Keychain - NFC Keyring","<p><strong>NFC Keychain - NFC Keyring</strong> is a made-to-order PLA print based on the MakerWorld model <em>KEYCHANI NFC - PORTA CHIAVI NFC</em> by menorc94.</p><p>Useful as a practical desk, home, gift, or hobby accessory, it is printed after purchase in your selected color: Black, Yellow, White, Red. Each print is checked before shipping, with small layer lines normal for FDM 3D printing.</p><p>Made to order in the Bay Area. Processing time is typically 3-5 business days, and supply is unlimited because items are printed on demand.</p><p>Gallery images are MakerWorld creator images and/or rendered previews of the actual model, not photos of this exact made-to-order print.</p><p>Care: keep away from high heat, dishwashers, candles, and small children where parts may present a choking risk.</p><p>Attribution: KEYCHANI NFC - PORTA CHIAVI NFC by menorc94 (@menorc94), MakerWorld model 1204056, license BY-SA, source https://makerworld.com/en/models/1204056-nfc-keychain-nfc-keyring</p>","11.99","","/keychains-charms","MakerWorld, Commercial-safe, Made to order, PLA, 3D print","No",""
"","","","11.99","","","","",""
"","","","11.99","","","","",""
"","","","11.99","","","","",""
"4080-aluminum-cross-adapter-plate-2296374","4080 Aluminum Cross Adapter Plate","<p><strong>4080 Aluminum Cross Adapter Plate</strong> is a made-to-order PLA print based on the MakerWorld model <em>4080 Aluminum Cross Adapter Plate</em> by Matteos Vieira.</p><p>Useful as a practical desk, home, gift, or hobby accessory, it is printed after purchase in your selected color: Black, Yellow, White, Red. Each print is checked before shipping, with small layer lines normal for FDM 3D printing.</p><p>Made to order in the Bay Area. Processing time is typically 3-5 business days, and supply is unlimited because items are printed on demand.</p><p>Gallery images are MakerWorld creator images and/or rendered previews of the actual model, not photos of this exact made-to-order print.</p><p>Care: keep away from high heat, dishwashers, candles, and small children where parts may present a choking risk.</p><p>Attribution: 4080 Aluminum Cross Adapter Plate by Matteos Vieira (@MatteosRV), MakerWorld model 2296374, license BY, source https://makerworld.com/en/models/2296374-4080-aluminum-cross-adapter-plate</p>","19.99","","/functional-parts-tools","MakerWorld, Commercial-safe, Made to order, PLA, 3D print","No",""
"","","","19.99","","","","",""
"","","","19.99","","","","",""
"","","","19.99","","","","",""
"adjustable-tissue-box-holder-for-skadis-2356172","Adjustable Tissue Box Holder for SKADIS","<p><strong>Adjustable Tissue Box Holder For SKADIS</strong> is a made-to-order PLA print based on the MakerWorld model <em>Adjustable Tissue Box Holder for SKADIS</em> by Tautvydas.</p><p>Useful as a practical desk, home, gift, or hobby accessory, it is printed after purchase in your selected color: Black, Yellow, White, Red. Each print is checked before shipping, with small layer lines normal for FDM 3D printing.</p><p>Made to order in the Bay Area. Processing time is typically 3-5 business days, and supply is unlimited because items are printed on demand.</p><p>Gallery images are MakerWorld creator images and/or rendered previews of the actual model, not photos of this exact made-to-order print.</p><p>Care: keep away from high heat, dishwashers, candles, and small children where parts may present a choking risk.</p><p>Attribution: Adjustable Tissue Box Holder for SKADIS by Tautvydas (@Tautve), MakerWorld model 2356172, license BY-SA, source https://makerworld.com/en/models/2356172-adjustable-tissue-box-holder-for-skadis</p>","17.99","","/home-organization","MakerWorld, Commercial-safe, Made to order, PLA, 3D print","Yes",""
"","","","17.99","","","","",""
"","","","17.99","","","","",""
"","","","17.99","","","","",""
"columnar-candlestick-2151067","Columnar Candlestick","<p><strong>Columnar Candlestick</strong> is a made-to-order PLA print based on the MakerWorld model <em>Columnar Candlestick</em> by Livulonis.</p><p>Useful as a practical desk, home, gift, or hobby accessory, it is printed after purchase in your selected color: Black, Yellow, White, Red. Each print is checked before shipping, with small layer lines normal for FDM 3D printing.</p><p>Made to order in the Bay Area. Processing time is typically 3-5 business days, and supply is unlimited because items are printed on demand.</p><p>Gallery images are MakerWorld creator images and/or rendered previews of the actual model, not photos of this exact made-to-order print.</p><p>Care: keep away from high heat, dishwashers, candles, and small children where parts may present a choking risk.</p><p>Attribution: Columnar Candlestick by Livulonis (@Livulonis), MakerWorld model 2151067, license BY-SA, source https://makerworld.com/en/models/2151067-columnar-candlestick</p>","16.49","","/decor-art","MakerWorld, Commercial-safe, Made to order, PLA, 3D print","No",""
"","","","16.49","","","","",""
"","","","16.49","","","","",""
"","","","16.49","","","","",""
"cute-witch-cat-on-a-stool-great-for-cauldron-1911469","Cute Witch Cat on a Stool - Great for Cauldron","<p><strong>Cute Witch Cat On A Stool - Great For Cauldron</strong> is a made-to-order PLA print based on the MakerWorld model <em>Cute Witch Cat On a Stool  - Great for Cauldron</em> by 3DPDP.</p><p>Useful as a practical desk, home, gift, or hobby accessory, it is printed after purchase in your selected color: Black, Yellow, White, Red. Each print is checked before shipping, with small layer lines normal for FDM 3D printing.</p><p>Made to order in the Bay Area. Processing time is typically 3-5 business days, and supply is unlimited because items are printed on demand.</p><p>Gallery images are MakerWorld creator images and/or rendered previews of the actual model, not photos of this exact made-to-order print.</p><p>Care: keep away from high heat, dishwashers, candles, and small children where parts may present a choking risk.</p><p>Attribution: Cute Witch Cat On a Stool  - Great for Cauldron by 3DPDP (@3DPixelDesign), MakerWorld model 1911469, license BY, source https://makerworld.com/en/models/1911469-cute-witch-cat-on-a-stool-great-for-cauldron</p>","15.49","","/holiday-seasonal","MakerWorld, Commercial-safe, Made to order, PLA, 3D print","No",""
"","","","15.49","","","","",""
"","","","15.49","","","","",""
"","","","15.49","","","","",""
"racing-wheel-style-realme-gt8-deco-cover-2134505","Racing Wheel Style Realme Gt8 Deco Cover","<p><strong>Racing Wheel Style Realme Gt8 Deco Cover</strong> is a made-to-order PLA print based on the MakerWorld model <em>Racing wheel style realme gt8 deco cover</em> by inventor_23.</p><p>Useful as a practical desk, home, gift, or hobby accessory, it is printed after purchase in your selected color: Black, Yellow, White, Red. Each print is checked before shipping, with small layer lines normal for FDM 3D printing.</p><p>Made to order in the Bay Area. Processing time is typically 3-5 business days, and supply is unlimited because items are printed on demand.</p><p>Gallery images are MakerWorld creator images and/or rendered previews of the actual model, not photos of this exact made-to-order print.</p><p>Care: keep away from high heat, dishwashers, candles, and small children where parts may present a choking risk.</p><p>Attribution: Racing wheel style realme gt8 deco cover by inventor_23 (@user_2727687548), MakerWorld model 2134505, license BY, source https://makerworld.com/en/models/2134505-racing-wheel-style-realme-gt8-deco-cover</p>","22.49","","/electronics-accessories","MakerWorld, Commercial-safe, Made to order, PLA, 3D print","No",""
"","","","22.49","","","","",""
"","","","22.49","","","","",""
"","","","22.49","","","","",""
"laser-engraver-2075642","Laser Engraver","<p><strong>Laser Engraver</strong> is a made-to-order PLA print based on the MakerWorld model <em>Laser Engraver</em> by BitOfElectronics.</p><p>Useful as a practical desk, home, gift, or hobby accessory, it is printed after purchase in your selected color: Black, Yellow, White, Red. Each print is checked before shipping, with small layer lines normal for FDM 3D printing.</p><p>Made to order in the Bay Area. Processing time is typically 3-5 business days, and supply is unlimited because items are printed on demand.</p><p>Gallery images are MakerWorld creator images and/or rendered previews of the actual model, not photos of this exact made-to-order print.</p><p>Care: keep away from high heat, dishwashers, candles, and small children where parts may present a choking risk.</p><p>Attribution: Laser Engraver by BitOfElectronics (@user_1944273384), MakerWorld model 2075642, license BY-SA, source https://makerworld.com/en/models/2075642-laser-engraver</p>","16.49","","/electronics-accessories","MakerWorld, Commercial-safe, Made to order, PLA, 3D print","No",""
"","","","16.49","","","","",""
"","","","16.49","","","","",""
"","","","16.49","","","","",""
"minotaur-chibi-style-1733865","Minotaur Chibi Style","<p><strong>Minotaur Chibi Style</strong> is a made-to-order PLA print based on the MakerWorld model <em>Minotaur chibi style</em> by RaccoonPrint.</p><p>Useful as a practical desk, home, gift, or hobby accessory, it is printed after purchase in your selected color: Black, Yellow, White, Red. Each print is checked before shipping, with small layer lines normal for FDM 3D printing.</p><p>Made to order in the Bay Area. Processing time is typically 3-5 business days, and supply is unlimited because items are printed on demand.</p><p>Gallery images are MakerWorld creator images and/or rendered previews of the actual model, not photos of this exact made-to-order print.</p><p>Care: keep away from high heat, dishwashers, candles, and small children where parts may present a choking risk.</p><p>Attribution: Minotaur chibi style by RaccoonPrint (@MichaelV89), MakerWorld model 1733865, license BY-SA, source https://makerworld.com/en/models/1733865-minotaur-chibi-style</p>","10.49","","/toys-figures","MakerWorld, Commercial-safe, Made to order, PLA, 3D print","No",""
"","","","10.49","","","","",""
"","","","10.49","","","","",""
"","","","10.49","","","","",""
"spice-drawer-organizer-2137578","Spice Drawer Organizer","<p><strong>Spice Drawer Organizer</strong> is a made-to-order PLA print based on the MakerWorld model <em>Spice Drawer Organizer</em> by Petr.</p><p>Useful as a practical desk, home, gift, or hobby accessory, it is printed after purchase in your selected color: Black, Yellow, White, Red. Each print is checked before shipping, with small layer lines normal for FDM 3D printing.</p><p>Made to order in the Bay Area. Processing time is typically 3-5 business days, and supply is unlimited because items are printed on demand.</p><p>Gallery images are MakerWorld creator images and/or rendered previews of the actual model, not photos of this exact made-to-order print.</p><p>Care: keep away from high heat, dishwashers, candles, and small children where parts may present a choking risk.</p><p>Attribution: Spice Drawer Organizer by Petr (@petrnohejl), MakerWorld model 2137578, license BY-SA, source https://makerworld.com/en/models/2137578-spice-drawer-organizer</p>","22.49","","/home-organization","MakerWorld, Commercial-safe, Made to order, PLA, 3D print","No",""
"","","","22.49","","","","",""
"","","","22.49","","","","",""
"","","","22.49","","","","",""
"modern-meets-vintage-clock-577167","Modern Meets Vintage Clock","<p><strong>Modern Meets Vintage Clock</strong> is a made-to-order PLA print based on the MakerWorld model <em>Modern meets Vintage Clock</em> by BeShakz.</p><p>Useful as a practical desk, home, gift, or hobby accessory, it is printed after purchase in your selected color: Black, Yellow, White, Red. Each print is checked before shipping, with small layer lines normal for FDM 3D printing.</p><p>Made to order in the Bay Area. Processing time is typically 3-5 business days, and supply is unlimited because items are printed on demand.</p><p>Gallery images are MakerWorld creator images and/or rendered previews of the actual model, not photos of this exact made-to-order print.</p><p>Care: keep away from high heat, dishwashers, candles, and small children where parts may present a choking risk.</p><p>Attribution: Modern meets Vintage Clock by BeShakz (@user_2416096729), MakerWorld model 577167, license BY, source https://makerworld.com/en/models/577167-modern-meets-vintage-clock</p>","21.99","","/decor-art","MakerWorld, Commercial-safe, Made to order, PLA, 3D print","No",""
"","","","21.99","","","","",""
"","","","21.99","","","","",""
"","","","21.99","","","","",""
"cup-holder-and-bottle-opener-2393000","Cup Holder and Bottle Opener","<p><strong>Cup Holder And Bottle Opener</strong> is a made-to-order PLA print based on the MakerWorld model <em>Apoio de copo e abridor de garrafa </em> by WM 3D.</p><p>Useful as a practical desk, home, gift, or hobby accessory, it is printed after purchase in your selected color: Black, Yellow, White, Red. Each print is checked before shipping, with small layer lines normal for FDM 3D printing.</p><p>Made to order in the Bay Area. Processing time is typically 3-5 business days, and supply is unlimited because items are printed on demand.</p><p>Gallery images are MakerWorld creator images and/or rendered previews of the actual model, not photos of this exact made-to-order print.</p><p>Care: keep away from high heat, dishwashers, candles, and small children where parts may present a choking risk.</p><p>Attribution: Apoio de copo e abridor de garrafa  by WM 3D (@user_1467932517), MakerWorld model 2393000, license BY, source https://makerworld.com/en/models/2393000-cup-holder-and-bottle-opener</p>","19.49","","/home-organization","MakerWorld, Commercial-safe, Made to order, PLA, 3D print","No",""
"","","","19.49","","","","",""
"","","","19.49","","","","",""
"","","","19.49","","","","",""
"adjustable-feet-2034801","Adjustable Feet","<p><strong>Adjustable Feet</strong> is a made-to-order PLA print based on the MakerWorld model <em>Adjustable feet</em> by infinimorph_eni.</p><p>Useful as a practical desk, home, gift, or hobby accessory, it is printed after purchase in your selected color: Black, Yellow, White, Red. Each print is checked before shipping, with small layer lines normal for FDM 3D printing.</p><p>Made to order in the Bay Area. Processing time is typically 3-5 business days, and supply is unlimited because items are printed on demand.</p><p>Gallery images are MakerWorld creator images and/or rendered previews of the actual model, not photos of this exact made-to-order print.</p><p>Care: keep away from high heat, dishwashers, candles, and small children where parts may present a choking risk.</p><p>Attribution: Adjustable feet by infinimorph_eni (@infinimorph_eni), MakerWorld model 2034801, license CC0, source https://makerworld.com/en/models/2034801-adjustable-feet</p>","17.99","","/functional-parts-tools","MakerWorld, Commercial-safe, Made to order, PLA, 3D print","No",""
"","","","17.99","","","","",""
"","","","17.99","","","","",""
"","","","17.99","","","","",""
"historical-bismarck-battleship-from-1940-1826142","Historical Bismarck Battleship From 1940","<p><strong>Historical Bismarck Battleship From 1940</strong> is a made-to-order PLA print based on the MakerWorld model <em>Historical Bismarck Battleship from 1940</em> by Maurice1m.</p><p>Useful as a practical desk, home, gift, or hobby accessory, it is printed after purchase in your selected color: Black, Yellow, White, Red. Each print is checked before shipping, with small layer lines normal for FDM 3D printing.</p><p>Made to order in the Bay Area. Processing time is typically 3-5 business days, and supply is unlimited because items are printed on demand.</p><p>Gallery images are MakerWorld creator images and/or rendered previews of the actual model, not photos of this exact made-to-order print.</p><p>Care: keep away from high heat, dishwashers, candles, and small children where parts may present a choking risk.</p><p>Attribution: Historical Bismarck Battleship from 1940 by Maurice1m (@Maurice1m), MakerWorld model 1826142, license BY, source https://makerworld.com/en/models/1826142-historical-bismarck-battleship-from-1940</p>","22.49","","/vehicles-rc","MakerWorld, Commercial-safe, Made to order, PLA, 3D print","No",""
"","","","22.49","","","","",""
"","","","22.49","","","","",""
"","","","22.49","","","","",""
"bust-of-a-woman-for-displaying-jewelry-2314109","Bust of a Woman - for Displaying Jewelry","<p><strong>Bust Of A Woman - For Displaying Jewelry</strong> is a made-to-order PLA print based on the MakerWorld model <em>Bust of a woman - for displaying jewelry</em> by PiotrBanus.</p><p>Useful as a practical desk, home, gift, or hobby accessory, it is printed after purchase in your selected color: Black, Yellow, White, Red. Each print is checked before shipping, with small layer lines normal for FDM 3D printing.</p><p>Made to order in the Bay Area. Processing time is typically 3-5 business days, and supply is unlimited because items are printed on demand.</p><p>Gallery images are MakerWorld creator images and/or rendered previews of the actual model, not photos of this exact made-to-order print.</p><p>Care: keep away from high heat, dishwashers, candles, and small children where parts may present a choking risk.</p><p>Attribution: Bust of a woman - for displaying jewelry by PiotrBanus (@PiotrBanus), MakerWorld model 2314109, license BY, source https://makerworld.com/en/models/2314109-bust-of-a-woman-for-displaying-jewelry</p>","18.49","","/decor-art","MakerWorld, Commercial-safe, Made to order, PLA, 3D print","No",""
"","","","18.49","","","","",""
"","","","18.49","","","","",""
"","","","18.49","","","","",""
"table-lamp-2050296","Table Lamp Shade/Body","<p><strong>Table Lamp Shade/Body</strong> is a made-to-order PLA print based on the MakerWorld model <em>table lamp</em> by FROSTYPRINT.</p><p><strong>Listing note:</strong> This listing is for the made-to-order 3D printed plastic part only. LED modules, candles, electronics, screens, light kits, and other non-printed accessories shown for context are not included unless explicitly stated.</p><p>Useful as a practical desk, home, gift, or hobby accessory, it is printed after purchase in your selected color: Black, Yellow, White, Red. Each print is checked before shipping, with small layer lines normal for FDM 3D printing.</p><p>Made to order in the Bay Area. Processing time is typically 3-5 business days, and supply is unlimited because items are printed on demand.</p><p>Gallery images are MakerWorld creator images and/or rendered previews of the actual model, not photos of this exact made-to-order print.</p><p>Care: keep away from high heat, dishwashers, candles, and small children where parts may present a choking risk.</p><p>Attribution: table lamp by FROSTYPRINT (@FROSTYPRINT), MakerWorld model 2050296, license CC0, source https://makerworld.com/en/models/2050296-table-lamp</p>","21.49","","/decor-art","MakerWorld, Commercial-safe, Made to order, PLA, 3D print","No",""
"","","","21.49","","","","",""
"","","","21.49","","","","",""
"","","","21.49","","","","",""
"t-rex-soft-dart-blaster-buttstock-sniper-bipod-2034503","T-Rex Soft Dart Blaster Buttstock Sniper Bipod","<p><strong>T-Rex Soft Dart Blaster Buttstock Sniper Bipod</strong> is a made-to-order PLA print based on the MakerWorld model <em>霸王龙软蛋发射器后托狙击脚架</em> by Foxbamboo.</p><p>Useful as a practical desk, home, gift, or hobby accessory, it is printed after purchase in your selected color: Black, Yellow, White, Red. Each print is checked before shipping, with small layer lines normal for FDM 3D printing.</p><p>Made to order in the Bay Area. Processing time is typically 3-5 business days, and supply is unlimited because items are printed on demand.</p><p>Gallery images are MakerWorld creator images and/or rendered previews of the actual model, not photos of this exact made-to-order print.</p><p>Care: keep away from high heat, dishwashers, candles, and small children where parts may present a choking risk.</p><p>Attribution: 霸王龙软蛋发射器后托狙击脚架 by Foxbamboo (@user_657791400), MakerWorld model 2034503, license BY-SA, source https://makerworld.com/en/models/2034503-t-rex-soft-dart-blaster-buttstock-sniper-bipod</p>","14.49","","/toys-figures","MakerWorld, Commercial-safe, Made to order, PLA, 3D print","No",""
"","","","14.49","","","","",""
"","","","14.49","","","","",""
"","","","14.49","","","","",""
"dainese-keychain-1933349","Dainese Keychain","<p><strong>Dainese Keychain</strong> is a made-to-order PLA print based on the MakerWorld model <em>Portachiavi Dainese</em> by Francesco.</p><p>Useful as a practical desk, home, gift, or hobby accessory, it is printed after purchase in your selected color: Black, Yellow, White, Red. Each print is checked before shipping, with small layer lines normal for FDM 3D printing.</p><p>Made to order in the Bay Area. Processing time is typically 3-5 business days, and supply is unlimited because items are printed on demand.</p><p>Gallery images are MakerWorld creator images and/or rendered previews of the actual model, not photos of this exact made-to-order print.</p><p>Care: keep away from high heat, dishwashers, candles, and small children where parts may present a choking risk.</p><p>Attribution: Portachiavi Dainese by Francesco (@Spokkettino78), MakerWorld model 1933349, license CC0, source https://makerworld.com/en/models/1933349-dainese-keychain</p>","14.49","","/keychains-charms","MakerWorld, Commercial-safe, Made to order, PLA, 3D print","No",""
"","","","14.49","","","","",""
"","","","14.49","","","","",""
"","","","14.49","","","","",""
"spinning-photo-booth-1925826","Spinning Photo Booth!","<p><strong>Spinning Photo Booth!</strong> is a made-to-order PLA print based on the MakerWorld model <em>spinning photo booth!</em> by CHEESYclover58.</p><p>Useful as a practical desk, home, gift, or hobby accessory, it is printed after purchase in your selected color: Black, Yellow, White, Red. Each print is checked before shipping, with small layer lines normal for FDM 3D printing.</p><p>Made to order in the Bay Area. Processing time is typically 3-5 business days, and supply is unlimited because items are printed on demand.</p><p>Gallery images are MakerWorld creator images and/or rendered previews of the actual model, not photos of this exact made-to-order print.</p><p>Care: keep away from high heat, dishwashers, candles, and small children where parts may present a choking risk.</p><p>Attribution: spinning photo booth! by CHEESYclover58 (@CHEESYclover58), MakerWorld model 1925826, license CC0, source https://makerworld.com/en/models/1925826-spinning-photo-booth</p>","19.99","","/general-3d-prints","MakerWorld, Commercial-safe, Made to order, PLA, 3D print","No",""
"","","","19.99","","","","",""
"","","","19.99","","","","",""
"","","","19.99","","","","",""
"pabda-stuff-holder-musa-2383564","Pabda - Stuff Holder - Musa","<p><strong>Pabda - Stuff Holder - Musa</strong> is a made-to-order PLA print based on the MakerWorld model <em>Pabda - stuff holder - Musa</em> by musa.</p><p>Useful as a practical desk, home, gift, or hobby accessory, it is printed after purchase in your selected color: Black, Yellow, White, Red. Each print is checked before shipping, with small layer lines normal for FDM 3D printing.</p><p>Made to order in the Bay Area. Processing time is typically 3-5 business days, and supply is unlimited because items are printed on demand.</p><p>Gallery images are MakerWorld creator images and/or rendered previews of the actual model, not photos of this exact made-to-order print.</p><p>Care: keep away from high heat, dishwashers, candles, and small children where parts may present a choking risk.</p><p>Attribution: Pabda - stuff holder - Musa by musa (@not_musa), MakerWorld model 2383564, license BY-ND, source https://makerworld.com/en/models/2383564-pabda-stuff-holder-musa</p>","21.99","","/home-organization","MakerWorld, Commercial-safe, Made to order, PLA, 3D print","No",""
"","","","21.99","","","","",""
"","","","21.99","","","","",""
"","","","21.99","","","","",""
"bloodline-elephant-2090089","Bloodline Elephant","<p><strong>Bloodline Elephant</strong> is a made-to-order PLA print based on the MakerWorld model <em>Bloodline Elephant </em> by ADHD3D.</p><p>Useful as a practical desk, home, gift, or hobby accessory, it is printed after purchase in your selected color: Black, Yellow, White, Red. Each print is checked before shipping, with small layer lines normal for FDM 3D printing.</p><p>Made to order in the Bay Area. Processing time is typically 3-5 business days, and supply is unlimited because items are printed on demand.</p><p>Gallery images are MakerWorld creator images and/or rendered previews of the actual model, not photos of this exact made-to-order print.</p><p>Care: keep away from high heat, dishwashers, candles, and small children where parts may present a choking risk.</p><p>Attribution: Bloodline Elephant  by ADHD3D (@ADHD3D), MakerWorld model 2090089, license BY, source https://makerworld.com/en/models/2090089-bloodline-elephant</p>","21.99","","/home-organization","MakerWorld, Commercial-safe, Made to order, PLA, 3D print","No",""
"","","","21.99","","","","",""
"","","","21.99","","","","",""
"","","","21.99","","","","",""
"the-coolest-crossbow-with-scope-2088962","The Coolest Crossbow - with Scope!","<p><strong>The Coolest Crossbow - With Scope!</strong> is a made-to-order PLA print based on the MakerWorld model <em>The Coolest Crossbow - with Scope!</em> by explorer.</p><p>Useful as a practical desk, home, gift, or hobby accessory, it is printed after purchase in your selected color: Black, Yellow, White, Red. Each print is checked before shipping, with small layer lines normal for FDM 3D printing.</p><p>Made to order in the Bay Area. Processing time is typically 3-5 business days, and supply is unlimited because items are printed on demand.</p><p>Gallery images are MakerWorld creator images and/or rendered previews of the actual model, not photos of this exact made-to-order print.</p><p>Care: keep away from high heat, dishwashers, candles, and small children where parts may present a choking risk.</p><p>Attribution: The Coolest Crossbow - with Scope! by explorer (@explorer1), MakerWorld model 2088962, license CC0, source https://makerworld.com/en/models/2088962-the-coolest-crossbow-with-scope</p>","29.99","","/cosplay-props","MakerWorld, Commercial-safe, Made to order, PLA, 3D print","No",""
"","","","29.99","","","","",""
"","","","29.99","","","","",""
"","","","29.99","","","","",""
"snowball-christmas-house-2070912","Snowball Christmas House","<p><strong>Snowball Christmas House</strong> is a made-to-order PLA print based on the MakerWorld model <em>Snowball Christmas House</em> by MTIZLE.</p><p>Useful as a practical desk, home, gift, or hobby accessory, it is printed after purchase in your selected color: Black, Yellow, White, Red. Each print is checked before shipping, with small layer lines normal for FDM 3D printing.</p><p>Made to order in the Bay Area. Processing time is typically 3-5 business days, and supply is unlimited because items are printed on demand.</p><p>Gallery images are MakerWorld creator images and/or rendered previews of the actual model, not photos of this exact made-to-order print.</p><p>Care: keep away from high heat, dishwashers, candles, and small children where parts may present a choking risk.</p><p>Attribution: Snowball Christmas House by MTIZLE (@MTIZLE), MakerWorld model 2070912, license BY-SA, source https://makerworld.com/en/models/2070912-snowball-christmas-house</p>","9.99","","/holiday-seasonal","MakerWorld, Commercial-safe, Made to order, PLA, 3D print","No",""
"","","","9.99","","","","",""
"","","","9.99","","","","",""
"","","","9.99","","","","",""
"tamiya-vw-golf-mk2-mf-01x-magnet-body-mount-1171319","TAMIYA VW Golf Mk2 MF-01X - Magnet Body Mount","<p><strong>TAMIYA VW Golf Mk2 MF-01X - Magnet Body Mount</strong> is a made-to-order PLA print based on the MakerWorld model <em>TAMIYA VW Golf Mk2 MF-01X - Magnet Body Mount</em> by Angelius.</p><p>Useful as a practical desk, home, gift, or hobby accessory, it is printed after purchase in your selected color: Black, Yellow, White, Red. Each print is checked before shipping, with small layer lines normal for FDM 3D printing.</p><p>Made to order in the Bay Area. Processing time is typically 3-5 business days, and supply is unlimited because items are printed on demand.</p><p>Gallery images are MakerWorld creator images and/or rendered previews of the actual model, not photos of this exact made-to-order print.</p><p>Care: keep away from high heat, dishwashers, candles, and small children where parts may present a choking risk.</p><p>Attribution: TAMIYA VW Golf Mk2 MF-01X - Magnet Body Mount by Angelius (@user_2156779139), MakerWorld model 1171319, license BY-SA, source https://makerworld.com/en/models/1171319-tamiya-vw-golf-mk2-mf-01x-magnet-body-mount</p>","9.49","","/functional-parts-tools","MakerWorld, Commercial-safe, Made to order, PLA, 3D print","No",""
"","","","9.49","","","","",""
"","","","9.49","","","","",""
"","","","9.49","","","","",""
"adjustable-watch-holder-for-ikea-skadis-deskstand-1835776","Adjustable Watch Holder for IKEA SkåDis /Deskstand","<p><strong>Adjustable Watch Holder For IKEA Sk&aring;Dis /Deskstand</strong> is a made-to-order PLA print based on the MakerWorld model <em>Adjustable Watch Holder for IKEA Sk&aring;dis /Deskstand</em> by jo.roosen.</p><p>Useful as a practical desk, home, gift, or hobby accessory, it is printed after purchase in your selected color: Black, Yellow, White, Red. Each print is checked before shipping, with small layer lines normal for FDM 3D printing.</p><p>Made to order in the Bay Area. Processing time is typically 3-5 business days, and supply is unlimited because items are printed on demand.</p><p>Gallery images are MakerWorld creator images and/or rendered previews of the actual model, not photos of this exact made-to-order print.</p><p>Care: keep away from high heat, dishwashers, candles, and small children where parts may present a choking risk.</p><p>Attribution: Adjustable Watch Holder for IKEA Sk&aring;dis /Deskstand by jo.roosen (@jo.roosen), MakerWorld model 1835776, license BY-ND, source https://makerworld.com/en/models/1835776-adjustable-watch-holder-for-ikea-skadis-deskstand</p>","21.99","","/home-organization","MakerWorld, Commercial-safe, Made to order, PLA, 3D print","No",""
"","","","21.99","","","","",""
"","","","21.99","","","","",""
"","","","21.99","","","","",""
"brick-man-layered-wall-art-no-ams-needed-2037211","Brick Man Layered Wall Art (No AMS Needed)","<p><strong>Brick Man Layered Wall Art (No AMS Needed)</strong> is a made-to-order PLA print based on the MakerWorld model <em>Brick Man Layered Wall Art (No AMS Needed)</em> by riverbed.</p><p>Useful as a practical desk, home, gift, or hobby accessory, it is printed after purchase in your selected color: Black, Yellow, White, Red. Each print is checked before shipping, with small layer lines normal for FDM 3D printing.</p><p>Made to order in the Bay Area. Processing time is typically 3-5 business days, and supply is unlimited because items are printed on demand.</p><p>Gallery images are MakerWorld creator images and/or rendered previews of the actual model, not photos of this exact made-to-order print.</p><p>Care: keep away from high heat, dishwashers, candles, and small children where parts may present a choking risk.</p><p>Attribution: Brick Man Layered Wall Art (No AMS Needed) by riverbed (@riverbed), MakerWorld model 2037211, license BY-SA, source https://makerworld.com/en/models/2037211-brick-man-layered-wall-art-no-ams-needed</p>","17.99","","/decor-art","MakerWorld, Commercial-safe, Made to order, PLA, 3D print","No",""
"","","","17.99","","","","",""
"","","","17.99","","","","",""
"","","","17.99","","","","",""
"death-skull-with-tongue-out-key-bowl-halloween-1896628","Death Skull with Tongue Out - Key Bowl Halloween","<p><strong>Death Skull With Tongue Out - Key Bowl Halloween</strong> is a made-to-order PLA print based on the MakerWorld model <em>Death skull with tongue out - Key Bowl Halloween</em> by Lyckos.</p><p>Useful as a practical desk, home, gift, or hobby accessory, it is printed after purchase in your selected color: Black, Yellow, White, Red. Each print is checked before shipping, with small layer lines normal for FDM 3D printing.</p><p>Made to order in the Bay Area. Processing time is typically 3-5 business days, and supply is unlimited because items are printed on demand.</p><p>Gallery images are MakerWorld creator images and/or rendered previews of the actual model, not photos of this exact made-to-order print.</p><p>Care: keep away from high heat, dishwashers, candles, and small children where parts may present a choking risk.</p><p>Attribution: Death skull with tongue out - Key Bowl Halloween by Lyckos (@Lyckos), MakerWorld model 1896628, license BY, source https://makerworld.com/en/models/1896628-death-skull-with-tongue-out-key-bowl-halloween</p>","23.99","","/holiday-seasonal","MakerWorld, Commercial-safe, Made to order, PLA, 3D print","No",""
"","","","23.99","","","","",""
"","","","23.99","","","","",""
"","","","23.99","","","","",""
"zombie-head-halloween-sweets-bowl-1749285","Zombie Head Halloween Sweets Bowl","<p><strong>Zombie Head Halloween Sweets Bowl</strong> is a made-to-order PLA print based on the MakerWorld model <em>zombie head halloween sweets bowl</em> by sanctusbimbam.</p><p>Useful as a practical desk, home, gift, or hobby accessory, it is printed after purchase in your selected color: Black, Yellow, White, Red. Each print is checked before shipping, with small layer lines normal for FDM 3D printing.</p><p>Made to order in the Bay Area. Processing time is typically 3-5 business days, and supply is unlimited because items are printed on demand.</p><p>Gallery images are MakerWorld creator images and/or rendered previews of the actual model, not photos of this exact made-to-order print.</p><p>Care: keep away from high heat, dishwashers, candles, and small children where parts may present a choking risk.</p><p>Attribution: zombie head halloween sweets bowl by sanctusbimbam (@sanctusbimbam), MakerWorld model 1749285, license CC0, source https://makerworld.com/en/models/1749285-zombie-head-halloween-sweets-bowl</p>","17.49","","/holiday-seasonal","MakerWorld, Commercial-safe, Made to order, PLA, 3D print","No",""
"","","","17.49","","","","",""
"","","","17.49","","","","",""
"","","","17.49","","","","",""
"purity-seal-of-the-blood-ravens-2409501","Purity Seal of the Blood Ravens","<p><strong>Purity Seal Of The Blood Ravens</strong> is a made-to-order PLA print based on the MakerWorld model <em>Purity Seal of the Blood Ravens</em> by Papatin.</p><p>Useful as a practical desk, home, gift, or hobby accessory, it is printed after purchase in your selected color: Black, Yellow, White, Red. Each print is checked before shipping, with small layer lines normal for FDM 3D printing.</p><p>Made to order in the Bay Area. Processing time is typically 3-5 business days, and supply is unlimited because items are printed on demand.</p><p>Gallery images are MakerWorld creator images and/or rendered previews of the actual model, not photos of this exact made-to-order print.</p><p>Care: keep away from high heat, dishwashers, candles, and small children where parts may present a choking risk.</p><p>Attribution: Purity Seal of the Blood Ravens by Papatin (@papatin), MakerWorld model 2409501, license BY-SA, source https://makerworld.com/en/models/2409501-purity-seal-of-the-blood-ravens</p>","19.99","","/toys-figures","MakerWorld, Commercial-safe, Made to order, PLA, 3D print","No",""
"","","","19.99","","","","",""
"","","","19.99","","","","",""
"","","","19.99","","","","",""
"wolf-led-2327129","Wolf LED Light Frame","<p><strong>Wolf LED Light Frame</strong> is a made-to-order PLA print based on the MakerWorld model <em>Wolf LED</em> by Hatschi.</p><p><strong>Listing note:</strong> This listing is for the made-to-order 3D printed plastic part only. LED modules, candles, electronics, screens, light kits, and other non-printed accessories shown for context are not included unless explicitly stated.</p><p>Useful as a practical desk, home, gift, or hobby accessory, it is printed after purchase in your selected color: Black, Yellow, White, Red. Each print is checked before shipping, with small layer lines normal for FDM 3D printing.</p><p>Made to order in the Bay Area. Processing time is typically 3-5 business days, and supply is unlimited because items are printed on demand.</p><p>Gallery images are MakerWorld creator images and/or rendered previews of the actual model, not photos of this exact made-to-order print.</p><p>Care: keep away from high heat, dishwashers, candles, and small children where parts may present a choking risk.</p><p>Attribution: Wolf LED by Hatschi (@Hatschi), MakerWorld model 2327129, license BY-ND, source https://makerworld.com/en/models/2327129-wolf-led</p>","19.99","","/toys-figures","MakerWorld, Commercial-safe, Made to order, PLA, 3D print","No",""
"","","","19.99","","","","",""
"","","","19.99","","","","",""
"","","","19.99","","","","",""
"love-letter-card-tray-heart-2310698","Love Letter Card Tray - Heart","<p><strong>Love Letter Card Tray - Heart</strong> is a made-to-order PLA print based on the MakerWorld model <em>Love Letter Card Tray - Heart</em> by r.cheeks.</p><p>Useful as a practical desk, home, gift, or hobby accessory, it is printed after purchase in your selected color: Black, Yellow, White, Red. Each print is checked before shipping, with small layer lines normal for FDM 3D printing.</p><p>Made to order in the Bay Area. Processing time is typically 3-5 business days, and supply is unlimited because items are printed on demand.</p><p>Gallery images are MakerWorld creator images and/or rendered previews of the actual model, not photos of this exact made-to-order print.</p><p>Care: keep away from high heat, dishwashers, candles, and small children where parts may present a choking risk.</p><p>Attribution: Love Letter Card Tray - Heart by r.cheeks (@r.cheeks), MakerWorld model 2310698, license BY-SA, source https://makerworld.com/en/models/2310698-love-letter-card-tray-heart</p>","19.49","","/home-organization","MakerWorld, Commercial-safe, Made to order, PLA, 3D print","No",""
"","","","19.49","","","","",""
"","","","19.49","","","","",""
"","","","19.49","","","","",""
"chopstick-helper-assister-2047731","Chopstick Helper/Assister","<p><strong>Chopstick Helper/Assister</strong> is a made-to-order PLA print based on the MakerWorld model <em>chopstick helper/assister</em> by chicken boy.</p><p>Useful as a practical desk, home, gift, or hobby accessory, it is printed after purchase in your selected color: Black, Yellow, White, Red. Each print is checked before shipping, with small layer lines normal for FDM 3D printing.</p><p>Made to order in the Bay Area. Processing time is typically 3-5 business days, and supply is unlimited because items are printed on demand.</p><p>Gallery images are MakerWorld creator images and/or rendered previews of the actual model, not photos of this exact made-to-order print.</p><p>Care: keep away from high heat, dishwashers, candles, and small children where parts may present a choking risk.</p><p>Attribution: chopstick helper/assister by chicken boy (@chicken_boy), MakerWorld model 2047731, license BY-ND, source https://makerworld.com/en/models/2047731-chopstick-helper-assister</p>","22.49","","/general-3d-prints","MakerWorld, Commercial-safe, Made to order, PLA, 3D print","No",""
"","","","22.49","","","","",""
"","","","22.49","","","","",""
"","","","22.49","","","","",""
"check-valve-backdraft-damper-2423255","Check Valve - Backdraft Damper","<p><strong>Check Valve - Backdraft Damper</strong> is a made-to-order PLA print based on the MakerWorld model <em>Valvola di Ritegno - Backdraft Damper</em> by MAXLAB.</p><p>Useful as a practical desk, home, gift, or hobby accessory, it is printed after purchase in your selected color: Black, Yellow, White, Red. Each print is checked before shipping, with small layer lines normal for FDM 3D printing.</p><p>Made to order in the Bay Area. Processing time is typically 3-5 business days, and supply is unlimited because items are printed on demand.</p><p>Gallery images are MakerWorld creator images and/or rendered previews of the actual model, not photos of this exact made-to-order print.</p><p>Care: keep away from high heat, dishwashers, candles, and small children where parts may present a choking risk.</p><p>Attribution: Valvola di Ritegno - Backdraft Damper by MAXLAB (@user_3793766047), MakerWorld model 2423255, license BY, source https://makerworld.com/en/models/2423255-check-valve-backdraft-damper</p>","19.99","","/general-3d-prints","MakerWorld, Commercial-safe, Made to order, PLA, 3D print","No",""
"","","","19.99","","","","",""
"","","","19.99","","","","",""
"","","","19.99","","","","",""
"princess-2-2344249","Princess 2","<p><strong>Princess 2</strong> is a made-to-order PLA print based on the MakerWorld model <em>princess 2</em> by TMG252.</p><p>Useful as a practical desk, home, gift, or hobby accessory, it is printed after purchase in your selected color: Black, Yellow, White, Red. Each print is checked before shipping, with small layer lines normal for FDM 3D printing.</p><p>Made to order in the Bay Area. Processing time is typically 3-5 business days, and supply is unlimited because items are printed on demand.</p><p>Gallery images are MakerWorld creator images and/or rendered previews of the actual model, not photos of this exact made-to-order print.</p><p>Care: keep away from high heat, dishwashers, candles, and small children where parts may present a choking risk.</p><p>Attribution: princess 2 by TMG252 (@TMG_252), MakerWorld model 2344249, license CC0, source https://makerworld.com/en/models/2344249-princess-2</p>","21.49","","/general-3d-prints","MakerWorld, Commercial-safe, Made to order, PLA, 3D print","No",""
"","","","21.49","","","","",""
"","","","21.49","","","","",""
"","","","21.49","","","","",""
"ox-warrior-dagger-2131640","Ox Warrior Dagger","<p><strong>Ox Warrior Dagger</strong> is a made-to-order PLA print based on the MakerWorld model <em>Ox Warrior Dagger</em> by AlphaExcalibur.</p><p>Useful as a practical desk, home, gift, or hobby accessory, it is printed after purchase in your selected color: Black, Yellow, White, Red. Each print is checked before shipping, with small layer lines normal for FDM 3D printing.</p><p>Made to order in the Bay Area. Processing time is typically 3-5 business days, and supply is unlimited because items are printed on demand.</p><p>Gallery images are MakerWorld creator images and/or rendered previews of the actual model, not photos of this exact made-to-order print.</p><p>Care: keep away from high heat, dishwashers, candles, and small children where parts may present a choking risk.</p><p>Attribution: Ox Warrior Dagger by AlphaExcalibur (@AlphaExcalibur), MakerWorld model 2131640, license BY, source https://makerworld.com/en/models/2131640-ox-warrior-dagger</p>","17.49","","/toys-figures","MakerWorld, Commercial-safe, Made to order, PLA, 3D print","No",""
"","","","17.49","","","","",""
"","","","17.49","","","","",""
"","","","17.49","","","","",""
"customizable-christmas-tree-ornaments-2039387","Customizable Christmas Tree Ornaments","<p><strong>Customizable Christmas Tree Ornaments</strong> is a made-to-order PLA print based on the MakerWorld model <em>Adornos para arbol de navidad perxonalizables</em> by yOSSOymaker.</p><p>Useful as a practical desk, home, gift, or hobby accessory, it is printed after purchase in your selected color: Black, Yellow, White, Red. Each print is checked before shipping, with small layer lines normal for FDM 3D printing.</p><p>Made to order in the Bay Area. Processing time is typically 3-5 business days, and supply is unlimited because items are printed on demand.</p><p>Gallery images are MakerWorld creator images and/or rendered previews of the actual model, not photos of this exact made-to-order print.</p><p>Care: keep away from high heat, dishwashers, candles, and small children where parts may present a choking risk.</p><p>Attribution: Adornos para arbol de navidad perxonalizables by yOSSOymaker (@yosoymaker), MakerWorld model 2039387, license BY-SA, source https://makerworld.com/en/models/2039387-customizable-christmas-tree-ornaments</p>","8.49","","/holiday-seasonal","MakerWorld, Commercial-safe, Made to order, PLA, 3D print","No",""
"","","","8.49","","","","",""
"","","","8.49","","","","",""
"","","","8.49","","","","",""
"human-paladin-for-dnd-2279729","Human Paladin for D&D","<p><strong>Human Paladin For DnD</strong> is a made-to-order PLA print based on the MakerWorld model <em>Human Paladin for DnD</em> by SleepyGoat.</p><p>Useful as a practical desk, home, gift, or hobby accessory, it is printed after purchase in your selected color: Black, Yellow, White, Red. Each print is checked before shipping, with small layer lines normal for FDM 3D printing.</p><p>Made to order in the Bay Area. Processing time is typically 3-5 business days, and supply is unlimited because items are printed on demand.</p><p>Gallery images are MakerWorld creator images and/or rendered previews of the actual model, not photos of this exact made-to-order print.</p><p>Care: keep away from high heat, dishwashers, candles, and small children where parts may present a choking risk.</p><p>Attribution: Human Paladin for DnD by SleepyGoat (@SleepyGoat), MakerWorld model 2279729, license CC0, source https://makerworld.com/en/models/2279729-human-paladin-for-dnd</p>","13.99","","/general-3d-prints","MakerWorld, Commercial-safe, Made to order, PLA, 3D print","No",""
"","","","13.99","","","","",""
"","","","13.99","","","","",""
"","","","13.99","","","","",""
"govee-rgbic-floor-lamp-basic-base-shroud-2342975","Govee RGBIC Floor Lamp Basic Base Shroud","<p><strong>Govee RGBIC Floor Lamp Basic Base Shroud</strong> is a made-to-order PLA print based on the MakerWorld model <em>Govee RGBIC Floor Lamp Basic Base Shroud </em> by user_483412304.</p><p>Useful as a practical desk, home, gift, or hobby accessory, it is printed after purchase in your selected color: Black, Yellow, White, Red. Each print is checked before shipping, with small layer lines normal for FDM 3D printing.</p><p>Made to order in the Bay Area. Processing time is typically 3-5 business days, and supply is unlimited because items are printed on demand.</p><p>Gallery images are MakerWorld creator images and/or rendered previews of the actual model, not photos of this exact made-to-order print.</p><p>Care: keep away from high heat, dishwashers, candles, and small children where parts may present a choking risk.</p><p>Attribution: Govee RGBIC Floor Lamp Basic Base Shroud  by user_483412304 (@user_483412304), MakerWorld model 2342975, license BY, source https://makerworld.com/en/models/2342975-govee-rgbic-floor-lamp-basic-base-shroud</p>","20.49","","/functional-parts-tools","MakerWorld, Commercial-safe, Made to order, PLA, 3D print","No",""
"","","","20.49","","","","",""
"","","","20.49","","","","",""
"","","","20.49","","","","",""
"1-20-nissan-gt-r-functional-wheels-transmission-2331004","1:20 Nissan GT-R Functional Wheels + Transmission","<p><strong>1:20 Nissan GT-R Functional Wheels + Transmission</strong> is a made-to-order PLA print based on the MakerWorld model <em>1:20 Nissan GT-R Functional Wheels + Transmission</em> by Ntelio.</p><p>Useful as a practical desk, home, gift, or hobby accessory, it is printed after purchase in your selected color: Black, Yellow, White, Red. Each print is checked before shipping, with small layer lines normal for FDM 3D printing.</p><p>Made to order in the Bay Area. Processing time is typically 3-5 business days, and supply is unlimited because items are printed on demand.</p><p>Gallery images are MakerWorld creator images and/or rendered previews of the actual model, not photos of this exact made-to-order print.</p><p>Care: keep away from high heat, dishwashers, candles, and small children where parts may present a choking risk.</p><p>Attribution: 1:20 Nissan GT-R Functional Wheels + Transmission by Ntelio (@Mantelio), MakerWorld model 2331004, license BY, source https://makerworld.com/en/models/2331004-1-20-nissan-gt-r-functional-wheels-transmission</p>","17.49","","/vehicles-rc","MakerWorld, Commercial-safe, Made to order, PLA, 3D print","No",""
"","","","17.49","","","","",""
"","","","17.49","","","","",""
"","","","17.49","","","","",""
"sega-kleenex-tissue-cover-w-clicky-conttollers-2200153","SEGA Kleenex Tissue Cover W/ Clicky Conttollers","<p><strong>SEGA Kleenex Tissue Cover W/ Clicky Conttollers</strong> is a made-to-order PLA print based on the MakerWorld model <em>SEGA Kleenex Tissue Cover w/ Clicky Conttollers</em> by slamie10.</p><p>Useful as a practical desk, home, gift, or hobby accessory, it is printed after purchase in your selected color: Black, Yellow, White, Red. Each print is checked before shipping, with small layer lines normal for FDM 3D printing.</p><p>Made to order in the Bay Area. Processing time is typically 3-5 business days, and supply is unlimited because items are printed on demand.</p><p>Gallery images are MakerWorld creator images and/or rendered previews of the actual model, not photos of this exact made-to-order print.</p><p>Care: keep away from high heat, dishwashers, candles, and small children where parts may present a choking risk.</p><p>Attribution: SEGA Kleenex Tissue Cover w/ Clicky Conttollers by slamie10 (@slamie10), MakerWorld model 2200153, license BY, source https://makerworld.com/en/models/2200153-sega-kleenex-tissue-cover-w-clicky-conttollers</p>","16.49","","/home-organization","MakerWorld, Commercial-safe, Made to order, PLA, 3D print","No",""
"","","","16.49","","","","",""
"","","","16.49","","","","",""
"","","","16.49","","","","",""
"airsoft-whizzbanger-40mm-2046780","Airsoft Whizzbanger 40mm","<p><strong>Airsoft Whizzbanger 40mm</strong> is a made-to-order PLA print based on the MakerWorld model <em>Airsoft Whizzbanger 40mm</em> by DrOn97e784.</p><p>Useful as a practical desk, home, gift, or hobby accessory, it is printed after purchase in your selected color: Black, Yellow, White, Red. Each print is checked before shipping, with small layer lines normal for FDM 3D printing.</p><p>Made to order in the Bay Area. Processing time is typically 3-5 business days, and supply is unlimited because items are printed on demand.</p><p>Gallery images are MakerWorld creator images and/or rendered previews of the actual model, not photos of this exact made-to-order print.</p><p>Care: keep away from high heat, dishwashers, candles, and small children where parts may present a choking risk.</p><p>Attribution: Airsoft Whizzbanger 40mm by DrOn97e784 (@DrOn97e784), MakerWorld model 2046780, license CC0, source https://makerworld.com/en/models/2046780-airsoft-whizzbanger-40mm</p>","21.99","","/general-3d-prints","MakerWorld, Commercial-safe, Made to order, PLA, 3D print","No",""
"","","","21.99","","","","",""
"","","","21.99","","","","",""
"","","","21.99","","","","",""
"witch-flamingo-1760517","Witch Flamingo","<p><strong>Witch Flamingo</strong> is a made-to-order PLA print based on the MakerWorld model <em>Witch Flamingo</em> by Relicsempire.</p><p>Useful as a practical desk, home, gift, or hobby accessory, it is printed after purchase in your selected color: Black, Yellow, White, Red. Each print is checked before shipping, with small layer lines normal for FDM 3D printing.</p><p>Made to order in the Bay Area. Processing time is typically 3-5 business days, and supply is unlimited because items are printed on demand.</p><p>Gallery images are MakerWorld creator images and/or rendered previews of the actual model, not photos of this exact made-to-order print.</p><p>Care: keep away from high heat, dishwashers, candles, and small children where parts may present a choking risk.</p><p>Attribution: Witch Flamingo by Relicsempire (@Relicsempire), MakerWorld model 1760517, license BY-ND, source https://makerworld.com/en/models/1760517-witch-flamingo</p>","17.99","","/holiday-seasonal","MakerWorld, Commercial-safe, Made to order, PLA, 3D print","No",""
"","","","17.99","","","","",""
"","","","17.99","","","","",""
"","","","17.99","","","","",""
"mjx-12212-front-shock-tower-mjx-p12170-2341911","MJX-12212 Front Shock Tower MJX P12170","<p><strong>MJX-12212 Front Shock Tower MJX P12170</strong> is a made-to-order PLA print based on the MakerWorld model <em>MJX-12212 Front Shock Tower MJX P12170</em> by kuctomasz3.</p><p>Useful as a practical desk, home, gift, or hobby accessory, it is printed after purchase in your selected color: Black, Yellow, White, Red. Each print is checked before shipping, with small layer lines normal for FDM 3D printing.</p><p>Made to order in the Bay Area. Processing time is typically 3-5 business days, and supply is unlimited because items are printed on demand.</p><p>Gallery images are MakerWorld creator images and/or rendered previews of the actual model, not photos of this exact made-to-order print.</p><p>Care: keep away from high heat, dishwashers, candles, and small children where parts may present a choking risk.</p><p>Attribution: MJX-12212 Front Shock Tower MJX P12170 by kuctomasz3 (@kuctomasz3), MakerWorld model 2341911, license BY, source https://makerworld.com/en/models/2341911-mjx-12212-front-shock-tower-mjx-p12170</p>","36.49","","/general-3d-prints","MakerWorld, Commercial-safe, Made to order, PLA, 3D print","No",""
"","","","36.49","","","","",""
"","","","36.49","","","","",""
"","","","36.49","","","","",""
"cat-keychains-744614","Cat Keychains","<p><strong>Cat Keychains</strong> is a made-to-order PLA print based on the MakerWorld model <em>Cat Keychains</em> by abned.</p><p>Useful as a practical desk, home, gift, or hobby accessory, it is printed after purchase in your selected color: Black, Yellow, White, Red. Each print is checked before shipping, with small layer lines normal for FDM 3D printing.</p><p>Made to order in the Bay Area. Processing time is typically 3-5 business days, and supply is unlimited because items are printed on demand.</p><p>Gallery images are MakerWorld creator images and/or rendered previews of the actual model, not photos of this exact made-to-order print.</p><p>Care: keep away from high heat, dishwashers, candles, and small children where parts may present a choking risk.</p><p>Attribution: Cat Keychains by abned (@abned), MakerWorld model 744614, license BY, source https://makerworld.com/en/models/744614-cat-keychains</p>","11.99","","/keychains-charms","MakerWorld, Commercial-safe, Made to order, PLA, 3D print","No",""
"","","","11.99","","","","",""
"","","","11.99","","","","",""
"","","","11.99","","","","",""
"goldfish-big-eyes-2352140","Goldfish Big Eyes","<p><strong>Goldfish Big Eyes</strong> is a made-to-order PLA print based on the MakerWorld model <em>Goldfish Big Eyes</em> by Gorgz.</p><p>Useful as a practical desk, home, gift, or hobby accessory, it is printed after purchase in your selected color: Black, Yellow, White, Red. Each print is checked before shipping, with small layer lines normal for FDM 3D printing.</p><p>Made to order in the Bay Area. Processing time is typically 3-5 business days, and supply is unlimited because items are printed on demand.</p><p>Gallery images are MakerWorld creator images and/or rendered previews of the actual model, not photos of this exact made-to-order print.</p><p>Care: keep away from high heat, dishwashers, candles, and small children where parts may present a choking risk.</p><p>Attribution: Goldfish Big Eyes by Gorgz (@gorgz), MakerWorld model 2352140, license BY-ND, source https://makerworld.com/en/models/2352140-goldfish-big-eyes</p>","19.99","","/toys-figures","MakerWorld, Commercial-safe, Made to order, PLA, 3D print","No",""
"","","","19.99","","","","",""
"","","","19.99","","","","",""
"","","","19.99","","","","",""
"profiled-iso-nordic-keycaps-2279310","Profiled ISO Nordic KeyCaps","<p><strong>Profiled Iso Nordic KeyCaps</strong> is a made-to-order PLA print based on the MakerWorld model <em>Profiled Iso Nordic KeyCaps</em> by Wallberg.</p><p>Useful as a practical desk, home, gift, or hobby accessory, it is printed after purchase in your selected color: Black, Yellow, White, Red. Each print is checked before shipping, with small layer lines normal for FDM 3D printing.</p><p>Made to order in the Bay Area. Processing time is typically 3-5 business days, and supply is unlimited because items are printed on demand.</p><p>Gallery images are MakerWorld creator images and/or rendered previews of the actual model, not photos of this exact made-to-order print.</p><p>Care: keep away from high heat, dishwashers, candles, and small children where parts may present a choking risk.</p><p>Attribution: Profiled Iso Nordic KeyCaps by Wallberg (@user_1671336284), MakerWorld model 2279310, license CC0, source https://makerworld.com/en/models/2279310-profiled-iso-nordic-keycaps</p>","17.99","","/functional-parts-tools","MakerWorld, Commercial-safe, Made to order, PLA, 3D print","No",""
"","","","17.99","","","","",""
"","","","17.99","","","","",""
"","","","17.99","","","","",""
"customizable-hook-ikea-skadis-2150245","Customizable Hook IKEA Skadis","<p><strong>Customizable Hook Ikea Skadis</strong> is a made-to-order PLA print based on the MakerWorld model <em>Customizable Hook Ikea Skadis</em> by Tolochi.</p><p>Useful as a practical desk, home, gift, or hobby accessory, it is printed after purchase in your selected color: Black, Yellow, White, Red. Each print is checked before shipping, with small layer lines normal for FDM 3D printing.</p><p>Made to order in the Bay Area. Processing time is typically 3-5 business days, and supply is unlimited because items are printed on demand.</p><p>Gallery images are MakerWorld creator images and/or rendered previews of the actual model, not photos of this exact made-to-order print.</p><p>Care: keep away from high heat, dishwashers, candles, and small children where parts may present a choking risk.</p><p>Attribution: Customizable Hook Ikea Skadis by Tolochi (@Tolochi), MakerWorld model 2150245, license CC0, source https://makerworld.com/en/models/2150245-customizable-hook-ikea-skadis</p>","19.99","","/desk-office","MakerWorld, Commercial-safe, Made to order, PLA, 3D print","No",""
"","","","19.99","","","","",""
"","","","19.99","","","","",""
"","","","19.99","","","","",""
"rosen-and-guns-2126700","Rosen and Guns","<p><strong>Rosen And Guns</strong> is a made-to-order PLA print based on the MakerWorld model <em>Rosen and Guns </em> by Wolfskin.</p><p>Useful as a practical desk, home, gift, or hobby accessory, it is printed after purchase in your selected color: Black, Yellow, White, Red. Each print is checked before shipping, with small layer lines normal for FDM 3D printing.</p><p>Made to order in the Bay Area. Processing time is typically 3-5 business days, and supply is unlimited because items are printed on demand.</p><p>Gallery images are MakerWorld creator images and/or rendered previews of the actual model, not photos of this exact made-to-order print.</p><p>Care: keep away from high heat, dishwashers, candles, and small children where parts may present a choking risk.</p><p>Attribution: Rosen and Guns  by Wolfskin (@Ruger1989), MakerWorld model 2126700, license BY-SA, source https://makerworld.com/en/models/2126700-rosen-and-guns</p>","8.49","","/decor-art","MakerWorld, Commercial-safe, Made to order, PLA, 3D print","No",""
"","","","8.49","","","","",""
"","","","8.49","","","","",""
"","","","8.49","","","","",""
"plisse-modern-vase-2413835","Plisse - Modern Vase","<p><strong>Plisse - Modern Vase</strong> is a made-to-order PLA print based on the MakerWorld model <em>Plisse - Modern Vase</em> by giulioCag.</p><p>Useful as a practical desk, home, gift, or hobby accessory, it is printed after purchase in your selected color: Black, Yellow, White, Red. Each print is checked before shipping, with small layer lines normal for FDM 3D printing.</p><p>Made to order in the Bay Area. Processing time is typically 3-5 business days, and supply is unlimited because items are printed on demand.</p><p>Gallery images are MakerWorld creator images and/or rendered previews of the actual model, not photos of this exact made-to-order print.</p><p>Care: keep away from high heat, dishwashers, candles, and small children where parts may present a choking risk.</p><p>Attribution: Plisse - Modern Vase by giulioCag (@giulioCag91), MakerWorld model 2413835, license BY-SA, source https://makerworld.com/en/models/2413835-plisse-modern-vase</p>","25.99","","/decor-art","MakerWorld, Commercial-safe, Made to order, PLA, 3D print","No",""
"","","","25.99","","","","",""
"","","","25.99","","","","",""
"","","","25.99","","","","",""
"valentine-s-day-heart-shaped-bolt-nut-couple-1062643","Valentine'S Day Heart-Shaped Bolt & Nut Couple","<p><strong>Valentine'S Day Heart-Shaped Bolt &amp; Nut Couple</strong> is a made-to-order PLA print based on the MakerWorld model <em>Valentine's Day heart-shaped bolt &amp; nut couple</em> by andrasin.</p><p>Useful as a practical desk, home, gift, or hobby accessory, it is printed after purchase in your selected color: Black, Yellow, White, Red. Each print is checked before shipping, with small layer lines normal for FDM 3D printing.</p><p>Made to order in the Bay Area. Processing time is typically 3-5 business days, and supply is unlimited because items are printed on demand.</p><p>Gallery images are MakerWorld creator images and/or rendered previews of the actual model, not photos of this exact made-to-order print.</p><p>Care: keep away from high heat, dishwashers, candles, and small children where parts may present a choking risk.</p><p>Attribution: Valentine's Day heart-shaped bolt &amp; nut couple by andrasin (@andrasin), MakerWorld model 1062643, license BY-ND, source https://makerworld.com/en/models/1062643-valentine-s-day-heart-shaped-bolt-nut-couple</p>","12.99","","/holiday-seasonal","MakerWorld, Commercial-safe, Made to order, PLA, 3D print","No",""
"","","","12.99","","","","",""
"","","","12.99","","","","",""
"","","","12.99","","","","",""
"worx-20v-battery-ikea-skadis-mount-2162100","Worx 20V Battery IKEA Skadis Mount","<p><strong>Worx 20V Battery Ikea Skadis Mount</strong> is a made-to-order PLA print based on the MakerWorld model <em>Worx 20V Battery Ikea Skadis Mount</em> by user_2048233938.</p><p>Useful as a practical desk, home, gift, or hobby accessory, it is printed after purchase in your selected color: Black, Yellow, White, Red. Each print is checked before shipping, with small layer lines normal for FDM 3D printing.</p><p>Made to order in the Bay Area. Processing time is typically 3-5 business days, and supply is unlimited because items are printed on demand.</p><p>Gallery images are MakerWorld creator images and/or rendered previews of the actual model, not photos of this exact made-to-order print.</p><p>Care: keep away from high heat, dishwashers, candles, and small children where parts may present a choking risk.</p><p>Attribution: Worx 20V Battery Ikea Skadis Mount by user_2048233938 (@user_2048233938), MakerWorld model 2162100, license CC0, source https://makerworld.com/en/models/2162100-worx-20v-battery-ikea-skadis-mount</p>","21.99","","/desk-office","MakerWorld, Commercial-safe, Made to order, PLA, 3D print","No",""
"","","","21.99","","","","",""
"","","","21.99","","","","",""
"","","","21.99","","","","",""
"screw-jack-drill-attachment-2094991","Screw Jack Drill Attachment","<p><strong>Screw Jack Drill Attachment</strong> is a made-to-order PLA print based on the MakerWorld model <em>Screw Jack Drill Attachment</em> by KingArthur456.</p><p>Useful as a practical desk, home, gift, or hobby accessory, it is printed after purchase in your selected color: Black, Yellow, White, Red. Each print is checked before shipping, with small layer lines normal for FDM 3D printing.</p><p>Made to order in the Bay Area. Processing time is typically 3-5 business days, and supply is unlimited because items are printed on demand.</p><p>Gallery images are MakerWorld creator images and/or rendered previews of the actual model, not photos of this exact made-to-order print.</p><p>Care: keep away from high heat, dishwashers, candles, and small children where parts may present a choking risk.</p><p>Attribution: Screw Jack Drill Attachment by KingArthur456 (@KingArthur4567), MakerWorld model 2094991, license BY, source https://makerworld.com/en/models/2094991-screw-jack-drill-attachment</p>","11.99","","/functional-parts-tools","MakerWorld, Commercial-safe, Made to order, PLA, 3D print","No",""
"","","","11.99","","","","",""
"","","","11.99","","","","",""
"","","","11.99","","","","",""
"arc-raiders-keychain-2427035","Arc Raiders - Keychain","<p><strong>Arc Raiders - Keychain</strong> is a made-to-order PLA print based on the MakerWorld model <em>Arc Raiders - Keychain</em> by pewpeu.</p><p>Useful as a practical desk, home, gift, or hobby accessory, it is printed after purchase in your selected color: Black, Yellow, White, Red. Each print is checked before shipping, with small layer lines normal for FDM 3D printing.</p><p>Made to order in the Bay Area. Processing time is typically 3-5 business days, and supply is unlimited because items are printed on demand.</p><p>Gallery images are MakerWorld creator images and/or rendered previews of the actual model, not photos of this exact made-to-order print.</p><p>Care: keep away from high heat, dishwashers, candles, and small children where parts may present a choking risk.</p><p>Attribution: Arc Raiders - Keychain by pewpeu (@pewpeu3d), MakerWorld model 2427035, license CC0, source https://makerworld.com/en/models/2427035-arc-raiders-keychain</p>","13.99","","/keychains-charms","MakerWorld, Commercial-safe, Made to order, PLA, 3D print","No",""
"","","","13.99","","","","",""
"","","","13.99","","","","",""
"","","","13.99","","","","",""
"prop-nunchucks-display-cosplay-model-2170586","Prop Nunchucks - Display / Cosplay Model","<p><strong>Prop Nunchucks – Display / Cosplay Model</strong> is a made-to-order PLA print based on the MakerWorld model <em>Prop Nunchucks – Display / Cosplay Model</em> by Austin’s Lab.</p><p>Useful as a practical desk, home, gift, or hobby accessory, it is printed after purchase in your selected color: Black, Yellow, White, Red. Each print is checked before shipping, with small layer lines normal for FDM 3D printing.</p><p>Made to order in the Bay Area. Processing time is typically 3-5 business days, and supply is unlimited because items are printed on demand.</p><p>Gallery images are MakerWorld creator images and/or rendered previews of the actual model, not photos of this exact made-to-order print.</p><p>Care: keep away from high heat, dishwashers, candles, and small children where parts may present a choking risk.</p><p>Attribution: Prop Nunchucks – Display / Cosplay Model by Austin’s Lab (@Ahansen2112), MakerWorld model 2170586, license CC0, source https://makerworld.com/en/models/2170586-prop-nunchucks-display-cosplay-model</p>","35.99","","/decor-art","MakerWorld, Commercial-safe, Made to order, PLA, 3D print","No",""
"","","","35.99","","","","",""
"","","","35.99","","","","",""
"","","","35.99","","","","",""
"marshall-law-tekken-2337573","Marshall Law Tekken","<p><strong>Marshall Law Tekken</strong> is a made-to-order PLA print based on the MakerWorld model <em>Marshall Law Tekken</em> by Kaziu!.</p><p>Useful as a practical desk, home, gift, or hobby accessory, it is printed after purchase in your selected color: Black, Yellow, White, Red. Each print is checked before shipping, with small layer lines normal for FDM 3D printing.</p><p>Made to order in the Bay Area. Processing time is typically 3-5 business days, and supply is unlimited because items are printed on demand.</p><p>Gallery images are MakerWorld creator images and/or rendered previews of the actual model, not photos of this exact made-to-order print.</p><p>Care: keep away from high heat, dishwashers, candles, and small children where parts may present a choking risk.</p><p>Attribution: Marshall Law Tekken by Kaziu! (@user_3917344707), MakerWorld model 2337573, license BY, source https://makerworld.com/en/models/2337573-marshall-law-tekken</p>","17.99","","/general-3d-prints","MakerWorld, Commercial-safe, Made to order, PLA, 3D print","No",""
"","","","17.99","","","","",""
"","","","17.99","","","","",""
"","","","17.99","","","","",""
"120mm-fan-to-100mm-duct-magnetic-adapter-1919015","120mm Fan to 100mm Duct Magnetic Adapter","<p><strong>120mm Fan To 100mm Duct Magnetic Adapter</strong> is a made-to-order PLA print based on the MakerWorld model <em>120mm风扇转100mm管道磁吸连接件</em> by Meeoh.</p><p>Useful as a practical desk, home, gift, or hobby accessory, it is printed after purchase in your selected color: Black, Yellow, White, Red. Each print is checked before shipping, with small layer lines normal for FDM 3D printing.</p><p>Made to order in the Bay Area. Processing time is typically 3-5 business days, and supply is unlimited because items are printed on demand.</p><p>Gallery images are MakerWorld creator images and/or rendered previews of the actual model, not photos of this exact made-to-order print.</p><p>Care: keep away from high heat, dishwashers, candles, and small children where parts may present a choking risk.</p><p>Attribution: 120mm风扇转100mm管道磁吸连接件 by Meeoh (@Meeoh), MakerWorld model 1919015, license BY, source https://makerworld.com/en/models/1919015-120mm-fan-to-100mm-duct-magnetic-adapter</p>","7.99","","/functional-parts-tools","MakerWorld, Commercial-safe, Made to order, PLA, 3D print","No",""
"","","","7.99","","","","",""
"","","","7.99","","","","",""
"","","","7.99","","","","",""
"dagger-1756612","Dagger","<p><strong>Dagger</strong> is a made-to-order PLA print based on the MakerWorld model <em>匕首刀</em> by user_761583640.</p><p>Useful as a practical desk, home, gift, or hobby accessory, it is printed after purchase in your selected color: Black, Yellow, White, Red. Each print is checked before shipping, with small layer lines normal for FDM 3D printing.</p><p>Made to order in the Bay Area. Processing time is typically 3-5 business days, and supply is unlimited because items are printed on demand.</p><p>Gallery images are MakerWorld creator images and/or rendered previews of the actual model, not photos of this exact made-to-order print.</p><p>Care: keep away from high heat, dishwashers, candles, and small children where parts may present a choking risk.</p><p>Attribution: 匕首刀 by user_761583640 (@user_761583640), MakerWorld model 1756612, license BY, source https://makerworld.com/en/models/1756612-dagger</p>","15.49","","/general-3d-prints","MakerWorld, Commercial-safe, Made to order, PLA, 3D print","No",""
"","","","15.49","","","","",""
"","","","15.49","","","","",""
"","","","15.49","","","","",""
"rugged-stackable-boxes-with-labelholder-enhanced-1751633","Rugged Stackable Boxes with Labelholder - Enhanced","<p><strong>Rugged Stackable Boxes With Labelholder - Enhanced</strong> is a made-to-order PLA print based on the MakerWorld model <em>Rugged Stackable Boxes with labelholder - enhanced</em> by Justin.</p><p>Useful as a practical desk, home, gift, or hobby accessory, it is printed after purchase in your selected color: Black, Yellow, White, Red. Each print is checked before shipping, with small layer lines normal for FDM 3D printing.</p><p>Made to order in the Bay Area. Processing time is typically 3-5 business days, and supply is unlimited because items are printed on demand.</p><p>Gallery images are MakerWorld creator images and/or rendered previews of the actual model, not photos of this exact made-to-order print.</p><p>Care: keep away from high heat, dishwashers, candles, and small children where parts may present a choking risk.</p><p>Attribution: Rugged Stackable Boxes with labelholder - enhanced by Justin (@IustinIoan), MakerWorld model 1751633, license BY, source https://makerworld.com/en/models/1751633-rugged-stackable-boxes-with-labelholder-enhanced</p>","21.99","","/home-organization","MakerWorld, Commercial-safe, Made to order, PLA, 3D print","No",""
"","","","21.99","","","","",""
"","","","21.99","","","","",""
"","","","21.99","","","","",""
"crash-bandicoot-statue-2325536","Crash Bandicoot Statue","<p><strong>Crash Bandicoot Statue</strong> is a made-to-order PLA print based on the MakerWorld model <em>Crash Bandicoot Statua</em> by LiliumLab.</p><p>Useful as a practical desk, home, gift, or hobby accessory, it is printed after purchase in your selected color: Black, Yellow, White, Red. Each print is checked before shipping, with small layer lines normal for FDM 3D printing.</p><p>Made to order in the Bay Area. Processing time is typically 3-5 business days, and supply is unlimited because items are printed on demand.</p><p>Gallery images are MakerWorld creator images and/or rendered previews of the actual model, not photos of this exact made-to-order print.</p><p>Care: keep away from high heat, dishwashers, candles, and small children where parts may present a choking risk.</p><p>Attribution: Crash Bandicoot Statua by LiliumLab (@LiliumLab), MakerWorld model 2325536, license BY-ND, source https://makerworld.com/en/models/2325536-crash-bandicoot-statue</p>","21.99","","/decor-art","MakerWorld, Commercial-safe, Made to order, PLA, 3D print","No",""
"","","","21.99","","","","",""
"","","","21.99","","","","",""
"","","","21.99","","","","",""
"donkey-angel-led-2175371","Donkey Angel LED Light Frame","<p><strong>Donkey Angel LED Light Frame</strong> is a made-to-order PLA print based on the MakerWorld model <em>Esel Engel LED</em> by Hatschi.</p><p><strong>Listing note:</strong> This listing is for the made-to-order 3D printed plastic part only. LED modules, candles, electronics, screens, light kits, and other non-printed accessories shown for context are not included unless explicitly stated.</p><p>Useful as a practical desk, home, gift, or hobby accessory, it is printed after purchase in your selected color: Black, Yellow, White, Red. Each print is checked before shipping, with small layer lines normal for FDM 3D printing.</p><p>Made to order in the Bay Area. Processing time is typically 3-5 business days, and supply is unlimited because items are printed on demand.</p><p>Gallery images are MakerWorld creator images and/or rendered previews of the actual model, not photos of this exact made-to-order print.</p><p>Care: keep away from high heat, dishwashers, candles, and small children where parts may present a choking risk.</p><p>Attribution: Esel Engel LED by Hatschi (@Hatschi), MakerWorld model 2175371, license BY-ND, source https://makerworld.com/en/models/2175371-donkey-angel-led</p>","23.49","","/electronics-accessories","MakerWorld, Commercial-safe, Made to order, PLA, 3D print","No",""
"","","","23.49","","","","",""
"","","","23.49","","","","",""
"","","","23.49","","","","",""
"fantasy-christmas-ornament-2123382","Fantasy Christmas Ornament","<p><strong>Fantasy Christmas Ornament</strong> is a made-to-order PLA print based on the MakerWorld model <em>Fantasy Christmas Ornament</em> by user_1975889726.</p><p>Useful as a practical desk, home, gift, or hobby accessory, it is printed after purchase in your selected color: Black, Yellow, White, Red. Each print is checked before shipping, with small layer lines normal for FDM 3D printing.</p><p>Made to order in the Bay Area. Processing time is typically 3-5 business days, and supply is unlimited because items are printed on demand.</p><p>Gallery images are MakerWorld creator images and/or rendered previews of the actual model, not photos of this exact made-to-order print.</p><p>Care: keep away from high heat, dishwashers, candles, and small children where parts may present a choking risk.</p><p>Attribution: Fantasy Christmas Ornament by user_1975889726 (@user_1975889726), MakerWorld model 2123382, license CC0, source https://makerworld.com/en/models/2123382-fantasy-christmas-ornament</p>","12.49","","/holiday-seasonal","MakerWorld, Commercial-safe, Made to order, PLA, 3D print","No",""
"","","","12.49","","","","",""
"","","","12.49","","","","",""
"","","","12.49","","","","",""
"christmas-tree-for-4-baubles-2061847","Christmas Tree for 4 Baubles","<p><strong>Christmas Tree For 4 Baubles</strong> is a made-to-order PLA print based on the MakerWorld model <em>&Aacute;rbol de Navidad para 4 bolas</em> by Tristancho.</p><p>Useful as a practical desk, home, gift, or hobby accessory, it is printed after purchase in your selected color: Black, Yellow, White, Red. Each print is checked before shipping, with small layer lines normal for FDM 3D printing.</p><p>Made to order in the Bay Area. Processing time is typically 3-5 business days, and supply is unlimited because items are printed on demand.</p><p>Gallery images are MakerWorld creator images and/or rendered previews of the actual model, not photos of this exact made-to-order print.</p><p>Care: keep away from high heat, dishwashers, candles, and small children where parts may present a choking risk.</p><p>Attribution: &Aacute;rbol de Navidad para 4 bolas by Tristancho (@Tristancho), MakerWorld model 2061847, license CC0, source https://makerworld.com/en/models/2061847-christmas-tree-for-4-baubles</p>","11.49","","/holiday-seasonal","MakerWorld, Commercial-safe, Made to order, PLA, 3D print","No",""
"","","","11.49","","","","",""
"","","","11.49","","","","",""
"","","","11.49","","","","",""
"mr-hyde-with-bloody-teeth-1904960","Mr Hyde with Bloody Teeth","<p><strong>Mr Hyde With Bloody Teeth</strong> is a made-to-order PLA print based on the MakerWorld model <em>Mr Hyde with Bloody Teeth</em> by Richsums.</p><p>Useful as a practical desk, home, gift, or hobby accessory, it is printed after purchase in your selected color: Black, Yellow, White, Red. Each print is checked before shipping, with small layer lines normal for FDM 3D printing.</p><p>Made to order in the Bay Area. Processing time is typically 3-5 business days, and supply is unlimited because items are printed on demand.</p><p>Gallery images are MakerWorld creator images and/or rendered previews of the actual model, not photos of this exact made-to-order print.</p><p>Care: keep away from high heat, dishwashers, candles, and small children where parts may present a choking risk.</p><p>Attribution: Mr Hyde with Bloody Teeth by Richsums (@Richsums), MakerWorld model 1904960, license BY-SA, source https://makerworld.com/en/models/1904960-mr-hyde-with-bloody-teeth</p>","18.49","","/general-3d-prints","MakerWorld, Commercial-safe, Made to order, PLA, 3D print","No",""
"","","","18.49","","","","",""
"","","","18.49","","","","",""
"","","","18.49","","","","",""
"easter-egg-chick-bowl-2419659","Easter Egg Chick Bowl","<p><strong>Easter Egg Chick Bowl</strong> is a made-to-order PLA print based on the MakerWorld model <em>Easter Egg Chick Bowl</em> by Tomhis18.</p><p>Useful as a practical desk, home, gift, or hobby accessory, it is printed after purchase in your selected color: Black, Yellow, White, Red. Each print is checked before shipping, with small layer lines normal for FDM 3D printing.</p><p>Made to order in the Bay Area. Processing time is typically 3-5 business days, and supply is unlimited because items are printed on demand.</p><p>Gallery images are MakerWorld creator images and/or rendered previews of the actual model, not photos of this exact made-to-order print.</p><p>Care: keep away from high heat, dishwashers, candles, and small children where parts may present a choking risk.</p><p>Attribution: Easter Egg Chick Bowl by Tomhis18 (@Tomhis18), MakerWorld model 2419659, license BY, source https://makerworld.com/en/models/2419659-easter-egg-chick-bowl</p>","23.99","","/holiday-seasonal","MakerWorld, Commercial-safe, Made to order, PLA, 3D print","No",""
"","","","23.99","","","","",""
"","","","23.99","","","","",""
"","","","23.99","","","","",""
"lamp-225697","3D Printed Lamp Shade/Body","<p><strong>3D Printed Lamp Shade/Body</strong> is a made-to-order PLA print based on the MakerWorld model <em>Lamp</em> by 3d_wonders.</p><p><strong>Listing note:</strong> This listing is for the made-to-order 3D printed plastic part only. LED modules, candles, electronics, screens, light kits, and other non-printed accessories shown for context are not included unless explicitly stated.</p><p>Useful as a practical desk, home, gift, or hobby accessory, it is printed after purchase in your selected color: Black, Yellow, White, Red. Each print is checked before shipping, with small layer lines normal for FDM 3D printing.</p><p>Made to order in the Bay Area. Processing time is typically 3-5 business days, and supply is unlimited because items are printed on demand.</p><p>Gallery images are MakerWorld creator images and/or rendered previews of the actual model, not photos of this exact made-to-order print.</p><p>Care: keep away from high heat, dishwashers, candles, and small children where parts may present a choking risk.</p><p>Attribution: Lamp by 3d_wonders (@3d_wonders), MakerWorld model 225697, license BY-ND, source https://makerworld.com/en/models/225697-lamp</p>","27.99","","/decor-art","MakerWorld, Commercial-safe, Made to order, PLA, 3D print","No",""
"","","","27.99","","","","",""
"","","","27.99","","","","",""
"","","","27.99","","","","",""
"metal-slug-pixelated-soldier-2343492","METAL SLUG PIXELATED SOLDIER","<p><strong>METAL SLUG PIXELATED SOLDIER</strong> is a made-to-order PLA print based on the MakerWorld model <em>METAL SLUG SOLDADO PXELEADO</em> by user_3136446767.</p><p>Useful as a practical desk, home, gift, or hobby accessory, it is printed after purchase in your selected color: Black, Yellow, White, Red. Each print is checked before shipping, with small layer lines normal for FDM 3D printing.</p><p>Made to order in the Bay Area. Processing time is typically 3-5 business days, and supply is unlimited because items are printed on demand.</p><p>Gallery images are MakerWorld creator images and/or rendered previews of the actual model, not photos of this exact made-to-order print.</p><p>Care: keep away from high heat, dishwashers, candles, and small children where parts may present a choking risk.</p><p>Attribution: METAL SLUG SOLDADO PXELEADO by user_3136446767 (@user_3136446767), MakerWorld model 2343492, license BY-ND, source https://makerworld.com/en/models/2343492-metal-slug-pixelated-soldier</p>","19.49","","/general-3d-prints","MakerWorld, Commercial-safe, Made to order, PLA, 3D print","No",""
"","","","19.49","","","","",""
"","","","19.49","","","","",""
"","","","19.49","","","","",""
"cable-management-box-star-trek-inspired-2151783","Cable Management Box - Star Trek Inspired","<p><strong>Cable Management Box - Star Trek Inspired</strong> is a made-to-order PLA print based on the MakerWorld model <em>Cable Management Box - Star Trek Inspired</em> by Noblesite.</p><p>Useful as a practical desk, home, gift, or hobby accessory, it is printed after purchase in your selected color: Black, Yellow, White, Red. Each print is checked before shipping, with small layer lines normal for FDM 3D printing.</p><p>Made to order in the Bay Area. Processing time is typically 3-5 business days, and supply is unlimited because items are printed on demand.</p><p>Gallery images are MakerWorld creator images and/or rendered previews of the actual model, not photos of this exact made-to-order print.</p><p>Care: keep away from high heat, dishwashers, candles, and small children where parts may present a choking risk.</p><p>Attribution: Cable Management Box - Star Trek Inspired by Noblesite (@Noblesite), MakerWorld model 2151783, license BY, source https://makerworld.com/en/models/2151783-cable-management-box-star-trek-inspired</p>","17.99","","/home-organization","MakerWorld, Commercial-safe, Made to order, PLA, 3D print","No",""
"","","","17.99","","","","",""
"","","","17.99","","","","",""
"","","","17.99","","","","",""
"eastern-temple-2321577","Eastern Temple","<p><strong>Eastern Temple</strong> is a made-to-order PLA print based on the MakerWorld model <em>Eastern temple</em> by PediMR.</p><p>Useful as a practical desk, home, gift, or hobby accessory, it is printed after purchase in your selected color: Black, Yellow, White, Red. Each print is checked before shipping, with small layer lines normal for FDM 3D printing.</p><p>Made to order in the Bay Area. Processing time is typically 3-5 business days, and supply is unlimited because items are printed on demand.</p><p>Gallery images are MakerWorld creator images and/or rendered previews of the actual model, not photos of this exact made-to-order print.</p><p>Care: keep away from high heat, dishwashers, candles, and small children where parts may present a choking risk.</p><p>Attribution: Eastern temple by PediMR (@user_3837282797), MakerWorld model 2321577, license BY-ND, source https://makerworld.com/en/models/2321577-eastern-temple</p>","11.49","","/holiday-seasonal","MakerWorld, Commercial-safe, Made to order, PLA, 3D print","No",""
"","","","11.49","","","","",""
"","","","11.49","","","","",""
"","","","11.49","","","","",""
"heart-with-hearts-easter-egg-156075","Heart with Hearts Easter Egg","<p><strong>Heart With Hearts Easter Egg</strong> is a made-to-order PLA print based on the MakerWorld model <em>Heart with Hearts Easter egg</em> by LuckyShot.</p><p>Useful as a practical desk, home, gift, or hobby accessory, it is printed after purchase in your selected color: Black, Yellow, White, Red. Each print is checked before shipping, with small layer lines normal for FDM 3D printing.</p><p>Made to order in the Bay Area. Processing time is typically 3-5 business days, and supply is unlimited because items are printed on demand.</p><p>Gallery images are MakerWorld creator images and/or rendered previews of the actual model, not photos of this exact made-to-order print.</p><p>Care: keep away from high heat, dishwashers, candles, and small children where parts may present a choking risk.</p><p>Attribution: Heart with Hearts Easter egg by LuckyShot (@LuckyShot), MakerWorld model 156075, license BY-ND, source https://makerworld.com/en/models/156075-heart-with-hearts-easter-egg</p>","15.99","","/holiday-seasonal","MakerWorld, Commercial-safe, Made to order, PLA, 3D print","No",""
"","","","15.99","","","","",""
"","","","15.99","","","","",""
"","","","15.99","","","","",""
"hearts-headphones-stand-3dp-749415","Hearts Headphones Stand 3DP","<p><strong>Hearts Headphones Stand 3DP</strong> is a made-to-order PLA print based on the MakerWorld model <em>Hearts headphones stand 3DP</em> by lancelotcv.</p><p>Useful as a practical desk, home, gift, or hobby accessory, it is printed after purchase in your selected color: Black, Yellow, White, Red. Each print is checked before shipping, with small layer lines normal for FDM 3D printing.</p><p>Made to order in the Bay Area. Processing time is typically 3-5 business days, and supply is unlimited because items are printed on demand.</p><p>Gallery images are MakerWorld creator images and/or rendered previews of the actual model, not photos of this exact made-to-order print.</p><p>Care: keep away from high heat, dishwashers, candles, and small children where parts may present a choking risk.</p><p>Attribution: Hearts headphones stand 3DP by lancelotcv (@lancelotcv), MakerWorld model 749415, license BY, source https://makerworld.com/en/models/749415-hearts-headphones-stand-3dp</p>","25.99","","/desk-office","MakerWorld, Commercial-safe, Made to order, PLA, 3D print","No",""
"","","","25.99","","","","",""
"","","","25.99","","","","",""
"","","","25.99","","","","",""
"character-from-the-movie-avatar-2276230","Character From the Movie Avatar","<p><strong>Character From The Movie Avatar</strong> is a made-to-order PLA print based on the MakerWorld model <em>character from the movie avatar</em> by TMG252.</p><p>Useful as a practical desk, home, gift, or hobby accessory, it is printed after purchase in your selected color: Black, Yellow, White, Red. Each print is checked before shipping, with small layer lines normal for FDM 3D printing.</p><p>Made to order in the Bay Area. Processing time is typically 3-5 business days, and supply is unlimited because items are printed on demand.</p><p>Gallery images are MakerWorld creator images and/or rendered previews of the actual model, not photos of this exact made-to-order print.</p><p>Care: keep away from high heat, dishwashers, candles, and small children where parts may present a choking risk.</p><p>Attribution: character from the movie avatar by TMG252 (@TMG_252), MakerWorld model 2276230, license CC0, source https://makerworld.com/en/models/2276230-character-from-the-movie-avatar</p>","11.99","","/general-3d-prints","MakerWorld, Commercial-safe, Made to order, PLA, 3D print","No",""
"","","","11.99","","","","",""
"","","","11.99","","","","",""
"","","","11.99","","","","",""
"knitted-christmas-gift-box-no-ams-required-2088059","Knitted Christmas Gift Box (No AMS Required)","<p><strong>Knitted Christmas Gift Box (No AMS Required)</strong> is a made-to-order PLA print based on the MakerWorld model <em>针织圣诞礼盒 （无需AMS）</em> by Zvair.</p><p>Useful as a practical desk, home, gift, or hobby accessory, it is printed after purchase in your selected color: Black, Yellow, White, Red. Each print is checked before shipping, with small layer lines normal for FDM 3D printing.</p><p>Made to order in the Bay Area. Processing time is typically 3-5 business days, and supply is unlimited because items are printed on demand.</p><p>Gallery images are MakerWorld creator images and/or rendered previews of the actual model, not photos of this exact made-to-order print.</p><p>Care: keep away from high heat, dishwashers, candles, and small children where parts may present a choking risk.</p><p>Attribution: 针织圣诞礼盒 （无需AMS） by Zvair (@user_2365854922), MakerWorld model 2088059, license BY-SA, source https://makerworld.com/en/models/2088059-knitted-christmas-gift-box-no-ams-required</p>","13.99","","/holiday-seasonal","MakerWorld, Commercial-safe, Made to order, PLA, 3D print","No",""
"","","","13.99","","","","",""
"","","","13.99","","","","",""
"","","","13.99","","","","",""
"capybara-holding-a-heart-rights-1938846","Capybara Holding a Heart - Rights","<p><strong>Capybara Holding A Heart - Rights</strong> is a made-to-order PLA print based on the MakerWorld model <em>Capybara holding a heart - free commercial rights</em> by Tinker Together.</p><p>Useful as a practical desk, home, gift, or hobby accessory, it is printed after purchase in your selected color: Black, Yellow, White, Red. Each print is checked before shipping, with small layer lines normal for FDM 3D printing.</p><p>Made to order in the Bay Area. Processing time is typically 3-5 business days, and supply is unlimited because items are printed on demand.</p><p>Gallery images are MakerWorld creator images and/or rendered previews of the actual model, not photos of this exact made-to-order print.</p><p>Care: keep away from high heat, dishwashers, candles, and small children where parts may present a choking risk.</p><p>Attribution: Capybara holding a heart - free commercial rights by Tinker Together (@Tinker_Together), MakerWorld model 1938846, license BY-ND, source https://makerworld.com/en/models/1938846-capybara-holding-a-heart-free-commercial-rights</p>","15.99","","/functional-parts-tools","MakerWorld, Commercial-safe, Made to order, PLA, 3D print","No",""
"","","","15.99","","","","",""
"","","","15.99","","","","",""
"","","","15.99","","","","",""
"easy-interchangeable-lightbox-1756392","Easy Interchangeable Lightbox","<p><strong>Easy Interchangeable Lightbox</strong> is a made-to-order PLA print based on the MakerWorld model <em>Easy Interchangeable Lightbox</em> by chris.</p><p>Useful as a practical desk, home, gift, or hobby accessory, it is printed after purchase in your selected color: Black, Yellow, White, Red. Each print is checked before shipping, with small layer lines normal for FDM 3D printing.</p><p>Made to order in the Bay Area. Processing time is typically 3-5 business days, and supply is unlimited because items are printed on demand.</p><p>Gallery images are MakerWorld creator images and/or rendered previews of the actual model, not photos of this exact made-to-order print.</p><p>Care: keep away from high heat, dishwashers, candles, and small children where parts may present a choking risk.</p><p>Attribution: Easy Interchangeable Lightbox by chris (@ctorres96), MakerWorld model 1756392, license BY-SA, source https://makerworld.com/en/models/1756392-easy-interchangeable-lightbox</p>","19.99","","/home-organization","MakerWorld, Commercial-safe, Made to order, PLA, 3D print","No",""
"","","","19.99","","","","",""
"","","","19.99","","","","",""
"","","","19.99","","","","",""
"samsung-remote-holder-1064550","Samsung Remote Holder","<p><strong>Samsung Remote Holder</strong> is a made-to-order PLA print based on the MakerWorld model <em>Samsung fernbedienung halter</em> by Meanstreaker91.</p><p>Useful as a practical desk, home, gift, or hobby accessory, it is printed after purchase in your selected color: Black, Yellow, White, Red. Each print is checked before shipping, with small layer lines normal for FDM 3D printing.</p><p>Made to order in the Bay Area. Processing time is typically 3-5 business days, and supply is unlimited because items are printed on demand.</p><p>Gallery images are MakerWorld creator images and/or rendered previews of the actual model, not photos of this exact made-to-order print.</p><p>Care: keep away from high heat, dishwashers, candles, and small children where parts may present a choking risk.</p><p>Attribution: Samsung fernbedienung halter by Meanstreaker91 (@Meanstreaker91), MakerWorld model 1064550, license CC0, source https://makerworld.com/en/models/1064550-samsung-remote-holder</p>","25.99","","/home-organization","MakerWorld, Commercial-safe, Made to order, PLA, 3D print","No",""
"","","","25.99","","","","",""
"","","","25.99","","","","",""
"","","","25.99","","","","",""
"princess-3-2344311","Princess 3","<p><strong>Princess 3</strong> is a made-to-order PLA print based on the MakerWorld model <em>princess 3</em> by TMG252.</p><p>Useful as a practical desk, home, gift, or hobby accessory, it is printed after purchase in your selected color: Black, Yellow, White, Red. Each print is checked before shipping, with small layer lines normal for FDM 3D printing.</p><p>Made to order in the Bay Area. Processing time is typically 3-5 business days, and supply is unlimited because items are printed on demand.</p><p>Gallery images are MakerWorld creator images and/or rendered previews of the actual model, not photos of this exact made-to-order print.</p><p>Care: keep away from high heat, dishwashers, candles, and small children where parts may present a choking risk.</p><p>Attribution: princess 3 by TMG252 (@TMG_252), MakerWorld model 2344311, license CC0, source https://makerworld.com/en/models/2344311-princess-3</p>","15.99","","/toys-figures","MakerWorld, Commercial-safe, Made to order, PLA, 3D print","No",""
"","","","15.99","","","","",""
"","","","15.99","","","","",""
"","","","15.99","","","","",""
"fire-demon-can-holder-beer-mug-two-types-2260294","Fire Demon Can Holder / Beer Mug (Two Types)","<p><strong>Fire Demon Can Holder / Beer Mug (Two Types)</strong> is a made-to-order PLA print based on the MakerWorld model <em>Fire Demon Can Holder / Beer mug (two types)</em> by WR16ENCH236.</p><p>Useful as a practical desk, home, gift, or hobby accessory, it is printed after purchase in your selected color: Black, Yellow, White, Red. Each print is checked before shipping, with small layer lines normal for FDM 3D printing.</p><p>Made to order in the Bay Area. Processing time is typically 3-5 business days, and supply is unlimited because items are printed on demand.</p><p>Gallery images are MakerWorld creator images and/or rendered previews of the actual model, not photos of this exact made-to-order print.</p><p>Care: keep away from high heat, dishwashers, candles, and small children where parts may present a choking risk.</p><p>Attribution: Fire Demon Can Holder / Beer mug (two types) by WR16ENCH236 (@WR16ENCH236), MakerWorld model 2260294, license CC0, source https://makerworld.com/en/models/2260294-fire-demon-can-holder-beer-mug-two-types</p>","21.99","","/home-organization","MakerWorld, Commercial-safe, Made to order, PLA, 3D print","No",""
"","","","21.99","","","","",""
"","","","21.99","","","","",""
"","","","21.99","","","","",""
"hannya-cosplay-mask-2315982","Hannya - Cosplay Mask","<p><strong>Hannya - Cosplay Mask</strong> is a made-to-order PLA print based on the MakerWorld model <em>Hannya - cosplay mask</em> by RTprops.</p><p>Useful as a practical desk, home, gift, or hobby accessory, it is printed after purchase in your selected color: Black, Yellow, White, Red. Each print is checked before shipping, with small layer lines normal for FDM 3D printing.</p><p>Made to order in the Bay Area. Processing time is typically 3-5 business days, and supply is unlimited because items are printed on demand.</p><p>Gallery images are MakerWorld creator images and/or rendered previews of the actual model, not photos of this exact made-to-order print.</p><p>Care: keep away from high heat, dishwashers, candles, and small children where parts may present a choking risk.</p><p>Attribution: Hannya - cosplay mask by RTprops (@RTwin), MakerWorld model 2315982, license BY-ND, source https://makerworld.com/en/models/2315982-hannya-cosplay-mask</p>","27.49","","/cosplay-props","MakerWorld, Commercial-safe, Made to order, PLA, 3D print","No",""
"","","","27.49","","","","",""
"","","","27.49","","","","",""
"","","","27.49","","","","",""
"santa-pet-arms-nomad-sculpt-2102412","Santa Pet Arms - Nomad Sculpt","<p><strong>Santa Pet Arms – Nomad Sculpt</strong> is a made-to-order PLA print based on the MakerWorld model <em>Santa Pet Arms – Nomad Sculpt</em> by Michael.Mkii.</p><p>Useful as a practical desk, home, gift, or hobby accessory, it is printed after purchase in your selected color: Black, Yellow, White, Red. Each print is checked before shipping, with small layer lines normal for FDM 3D printing.</p><p>Made to order in the Bay Area. Processing time is typically 3-5 business days, and supply is unlimited because items are printed on demand.</p><p>Gallery images are MakerWorld creator images and/or rendered previews of the actual model, not photos of this exact made-to-order print.</p><p>Care: keep away from high heat, dishwashers, candles, and small children where parts may present a choking risk.</p><p>Attribution: Santa Pet Arms – Nomad Sculpt by Michael.Mkii (@mkii.designs), MakerWorld model 2102412, license BY-SA, source https://makerworld.com/en/models/2102412-santa-pet-arms-nomad-sculpt</p>","20.99","","/holiday-seasonal","MakerWorld, Commercial-safe, Made to order, PLA, 3D print","No",""
"","","","20.99","","","","",""
"","","","20.99","","","","",""
"","","","20.99","","","","",""
"christmas-hat-magnet-10x3-2071256","Christmas Hat Magnet 10x3","<p><strong>Christmas Hat Magnet 10x3</strong> is a made-to-order PLA print based on the MakerWorld model <em>Weihnachtsm&uuml;tze Magnet 10x3</em> by Hatschi.</p><p>Useful as a practical desk, home, gift, or hobby accessory, it is printed after purchase in your selected color: Black, Yellow, White, Red. Each print is checked before shipping, with small layer lines normal for FDM 3D printing.</p><p>Made to order in the Bay Area. Processing time is typically 3-5 business days, and supply is unlimited because items are printed on demand.</p><p>Gallery images are MakerWorld creator images and/or rendered previews of the actual model, not photos of this exact made-to-order print.</p><p>Care: keep away from high heat, dishwashers, candles, and small children where parts may present a choking risk.</p><p>Attribution: Weihnachtsm&uuml;tze Magnet 10x3 by Hatschi (@Hatschi), MakerWorld model 2071256, license BY-ND, source https://makerworld.com/en/models/2071256-christmas-hat-magnet-10x3</p>","15.99","","/holiday-seasonal","MakerWorld, Commercial-safe, Made to order, PLA, 3D print","No",""
"","","","15.99","","","","",""
"","","","15.99","","","","",""
"","","","15.99","","","","",""
"ceiling-shop-light-mount-for-skadis-pegboard-1732966","Ceiling- Shop Light Mount for SKÅDIS Pegboard","<p><strong>Ceiling- Shop Light Mount For SK&Aring;DIS Pegboard</strong> is a made-to-order PLA print based on the MakerWorld model <em>Ceiling-Free Shop Light Mount for SK&Aring;DIS Pegboard</em> by Semper Printus - Always Printing.</p><p>Useful as a practical desk, home, gift, or hobby accessory, it is printed after purchase in your selected color: Black, Yellow, White, Red. Each print is checked before shipping, with small layer lines normal for FDM 3D printing.</p><p>Made to order in the Bay Area. Processing time is typically 3-5 business days, and supply is unlimited because items are printed on demand.</p><p>Gallery images are MakerWorld creator images and/or rendered previews of the actual model, not photos of this exact made-to-order print.</p><p>Care: keep away from high heat, dishwashers, candles, and small children where parts may present a choking risk.</p><p>Attribution: Ceiling-Free Shop Light Mount for SK&Aring;DIS Pegboard by Semper Printus - Always Printing (@gedwards913), MakerWorld model 1732966, license BY, source https://makerworld.com/en/models/1732966-ceiling-free-shop-light-mount-for-skadis-pegboard</p>","25.99","","/functional-parts-tools","MakerWorld, Commercial-safe, Made to order, PLA, 3D print","No",""
"","","","25.99","","","","",""
"","","","25.99","","","","",""
"","","","25.99","","","","",""
"usb-hub-holder-2145909","USB Hub Holder","<p><strong>USB Hub Holder</strong> is a made-to-order PLA print based on the MakerWorld model <em>Usb-Hub- Halter </em> by tom.hae.</p><p>Useful as a practical desk, home, gift, or hobby accessory, it is printed after purchase in your selected color: Black, Yellow, White, Red. Each print is checked before shipping, with small layer lines normal for FDM 3D printing.</p><p>Made to order in the Bay Area. Processing time is typically 3-5 business days, and supply is unlimited because items are printed on demand.</p><p>Gallery images are MakerWorld creator images and/or rendered previews of the actual model, not photos of this exact made-to-order print.</p><p>Care: keep away from high heat, dishwashers, candles, and small children where parts may present a choking risk.</p><p>Attribution: Usb-Hub- Halter  by tom.hae (@tom.hae), MakerWorld model 2145909, license BY-SA, source https://makerworld.com/en/models/2145909-usb-hub-holder</p>","13.99","","/home-organization","MakerWorld, Commercial-safe, Made to order, PLA, 3D print","No",""
"","","","13.99","","","","",""
"","","","13.99","","","","",""
"","","","13.99","","","","",""
"maine-coon-cat-statue-2074126","Maine Coon Cat Statue","<p><strong>Maine Coon Cat Statue</strong> is a made-to-order PLA print based on the MakerWorld model <em>Maine Coon Cat Statue</em> by Oliver's custom creation.</p><p>Useful as a practical desk, home, gift, or hobby accessory, it is printed after purchase in your selected color: Black, Yellow, White, Red. Each print is checked before shipping, with small layer lines normal for FDM 3D printing.</p><p>Made to order in the Bay Area. Processing time is typically 3-5 business days, and supply is unlimited because items are printed on demand.</p><p>Gallery images are MakerWorld creator images and/or rendered previews of the actual model, not photos of this exact made-to-order print.</p><p>Care: keep away from high heat, dishwashers, candles, and small children where parts may present a choking risk.</p><p>Attribution: Maine Coon Cat Statue by Oliver's custom creation (@trailmix055), MakerWorld model 2074126, license BY, source https://makerworld.com/en/models/2074126-maine-coon-cat-statue</p>","15.99","","/toys-figures","MakerWorld, Commercial-safe, Made to order, PLA, 3D print","No",""
"","","","15.99","","","","",""
"","","","15.99","","","","",""
"","","","15.99","","","","",""
"princess-2343393","Princess","<p><strong>Princess</strong> is a made-to-order PLA print based on the MakerWorld model <em>princess</em> by TMG252.</p><p>Useful as a practical desk, home, gift, or hobby accessory, it is printed after purchase in your selected color: Black, Yellow, White, Red. Each print is checked before shipping, with small layer lines normal for FDM 3D printing.</p><p>Made to order in the Bay Area. Processing time is typically 3-5 business days, and supply is unlimited because items are printed on demand.</p><p>Gallery images are MakerWorld creator images and/or rendered previews of the actual model, not photos of this exact made-to-order print.</p><p>Care: keep away from high heat, dishwashers, candles, and small children where parts may present a choking risk.</p><p>Attribution: princess by TMG252 (@TMG_252), MakerWorld model 2343393, license CC0, source https://makerworld.com/en/models/2343393-princess</p>","11.99","","/toys-figures","MakerWorld, Commercial-safe, Made to order, PLA, 3D print","No",""
"","","","11.99","","","","",""
"","","","11.99","","","","",""
"","","","11.99","","","","",""
"american-mcgee-s-alice-cat-led-light-2129510","American McGee's Alice & Cat LED Light Frame","<p><strong>American McGee'S Alice &amp; Cat LED Light</strong> is a made-to-order PLA print based on the MakerWorld model <em>American McGee's Alice &amp; Cat LED Light</em> by vidguide.</p><p><strong>Listing note:</strong> This listing is for the made-to-order 3D printed plastic part only. LED modules, candles, electronics, screens, light kits, and other non-printed accessories shown for context are not included unless explicitly stated.</p><p>Useful as a practical desk, home, gift, or hobby accessory, it is printed after purchase in your selected color: Black, Yellow, White, Red. Each print is checked before shipping, with small layer lines normal for FDM 3D printing.</p><p>Made to order in the Bay Area. Processing time is typically 3-5 business days, and supply is unlimited because items are printed on demand.</p><p>Gallery images are MakerWorld creator images and/or rendered previews of the actual model, not photos of this exact made-to-order print.</p><p>Care: keep away from high heat, dishwashers, candles, and small children where parts may present a choking risk.</p><p>Attribution: American McGee's Alice &amp; Cat LED Light by vidguide (@vidguide), MakerWorld model 2129510, license BY-SA, source https://makerworld.com/en/models/2129510-american-mcgee-s-alice-cat-led-light</p>","12.49","","/toys-figures","MakerWorld, Commercial-safe, Made to order, PLA, 3D print","No",""
"","","","12.49","","","","",""
"","","","12.49","","","","",""
"","","","12.49","","","","",""
"double-heart-2325101","Double Heart","<p><strong>Double Heart</strong> is a made-to-order PLA print based on the MakerWorld model <em>double coeur </em> by tanguy.</p><p>Useful as a practical desk, home, gift, or hobby accessory, it is printed after purchase in your selected color: Black, Yellow, White, Red. Each print is checked before shipping, with small layer lines normal for FDM 3D printing.</p><p>Made to order in the Bay Area. Processing time is typically 3-5 business days, and supply is unlimited because items are printed on demand.</p><p>Gallery images are MakerWorld creator images and/or rendered previews of the actual model, not photos of this exact made-to-order print.</p><p>Care: keep away from high heat, dishwashers, candles, and small children where parts may present a choking risk.</p><p>Attribution: double coeur  by tanguy (@tanguy59), MakerWorld model 2325101, license BY-ND, source https://makerworld.com/en/models/2325101-double-heart</p>","23.49","","/decor-art","MakerWorld, Commercial-safe, Made to order, PLA, 3D print","No",""
"","","","23.49","","","","",""
"","","","23.49","","","","",""
"","","","23.49","","","","",""
"sticker-dispenser-1934491","Sticker Dispenser","<p><strong>Sticker Dispenser</strong> is a made-to-order PLA print based on the MakerWorld model <em>Sticker Dispenser</em> by kayne vitt.</p><p>Useful as a practical desk, home, gift, or hobby accessory, it is printed after purchase in your selected color: Black, Yellow, White, Red. Each print is checked before shipping, with small layer lines normal for FDM 3D printing.</p><p>Made to order in the Bay Area. Processing time is typically 3-5 business days, and supply is unlimited because items are printed on demand.</p><p>Gallery images are MakerWorld creator images and/or rendered previews of the actual model, not photos of this exact made-to-order print.</p><p>Care: keep away from high heat, dishwashers, candles, and small children where parts may present a choking risk.</p><p>Attribution: Sticker Dispenser by kayne vitt (@justalilkitten), MakerWorld model 1934491, license BY-SA, source https://makerworld.com/en/models/1934491-sticker-dispenser</p>","11.99","","/desk-office","MakerWorld, Commercial-safe, Made to order, PLA, 3D print","No",""
"","","","11.99","","","","",""
"","","","11.99","","","","",""
"","","","11.99","","","","",""
"earring-holder-1911274","Earring Holder","<p><strong>Earring Holder</strong> is a made-to-order PLA print based on the MakerWorld model <em>support boucle d oreille</em> by tanguy.</p><p>Useful as a practical desk, home, gift, or hobby accessory, it is printed after purchase in your selected color: Black, Yellow, White, Red. Each print is checked before shipping, with small layer lines normal for FDM 3D printing.</p><p>Made to order in the Bay Area. Processing time is typically 3-5 business days, and supply is unlimited because items are printed on demand.</p><p>Gallery images are MakerWorld creator images and/or rendered previews of the actual model, not photos of this exact made-to-order print.</p><p>Care: keep away from high heat, dishwashers, candles, and small children where parts may present a choking risk.</p><p>Attribution: support boucle d oreille by tanguy (@tanguy59), MakerWorld model 1911274, license BY-ND, source https://makerworld.com/en/models/1911274-earring-holder</p>","7.49","","/home-organization","MakerWorld, Commercial-safe, Made to order, PLA, 3D print","No",""
"","","","7.49","","","","",""
"","","","7.49","","","","",""
"","","","7.49","","","","",""
"cute-halloween-cat-easy-print-1911904","“Cute Halloween Cat /Easy Print”","<p><strong>“Cute Halloween Cat /Easy Print”</strong> is a made-to-order PLA print based on the MakerWorld model <em>“Cute Halloween Cat /Easy Print”</em> by angelohx0397.</p><p>Useful as a practical desk, home, gift, or hobby accessory, it is printed after purchase in your selected color: Black, Yellow, White, Red. Each print is checked before shipping, with small layer lines normal for FDM 3D printing.</p><p>Made to order in the Bay Area. Processing time is typically 3-5 business days, and supply is unlimited because items are printed on demand.</p><p>Gallery images are MakerWorld creator images and/or rendered previews of the actual model, not photos of this exact made-to-order print.</p><p>Care: keep away from high heat, dishwashers, candles, and small children where parts may present a choking risk.</p><p>Attribution: “Cute Halloween Cat /Easy Print” by angelohx0397 (@angelohx0397), MakerWorld model 1911904, license BY-SA, source https://makerworld.com/en/models/1911904-cute-halloween-cat-easy-print</p>","13.49","","/holiday-seasonal","MakerWorld, Commercial-safe, Made to order, PLA, 3D print","No",""
"","","","13.49","","","","",""
"","","","13.49","","","","",""
"","","","13.49","","","","",""
"heartfelt-greetings-531716","Heartfelt Greetings","<p><strong>Heartfelt Greetings</strong> is a made-to-order PLA print based on the MakerWorld model <em>Heartfelt Greetings</em> by PoW100.</p><p>Useful as a practical desk, home, gift, or hobby accessory, it is printed after purchase in your selected color: Black, Yellow, White, Red. Each print is checked before shipping, with small layer lines normal for FDM 3D printing.</p><p>Made to order in the Bay Area. Processing time is typically 3-5 business days, and supply is unlimited because items are printed on demand.</p><p>Gallery images are MakerWorld creator images and/or rendered previews of the actual model, not photos of this exact made-to-order print.</p><p>Care: keep away from high heat, dishwashers, candles, and small children where parts may present a choking risk.</p><p>Attribution: Heartfelt Greetings by PoW100 (@PoW100), MakerWorld model 531716, license CC0, source https://makerworld.com/en/models/531716-heartfelt-greetings</p>","18.49","","/decor-art","MakerWorld, Commercial-safe, Made to order, PLA, 3D print","No",""
"","","","18.49","","","","",""
"","","","18.49","","","","",""
"","","","18.49","","","","",""
"4-slot-remote-control-holder-storage-compartment-2429139","4-Slot Remote Control Holder + Storage Compartment","<p><strong>4-Slot Remote Control Holder + Storage Compartment</strong> is a made-to-order PLA print based on the MakerWorld model <em>Supporto Telecomandi 4 Slot + Vano Oggetti</em> by 3DTennico.</p><p>Useful as a practical desk, home, gift, or hobby accessory, it is printed after purchase in your selected color: Black, Yellow, White, Red. Each print is checked before shipping, with small layer lines normal for FDM 3D printing.</p><p>Made to order in the Bay Area. Processing time is typically 3-5 business days, and supply is unlimited because items are printed on demand.</p><p>Gallery images are MakerWorld creator images and/or rendered previews of the actual model, not photos of this exact made-to-order print.</p><p>Care: keep away from high heat, dishwashers, candles, and small children where parts may present a choking risk.</p><p>Attribution: Supporto Telecomandi 4 Slot + Vano Oggetti by 3DTennico (@Tennico), MakerWorld model 2429139, license BY-SA, source https://makerworld.com/en/models/2429139-4-slot-remote-control-holder-storage-compartment</p>","23.99","","/home-organization","MakerWorld, Commercial-safe, Made to order, PLA, 3D print","No",""
"","","","23.99","","","","",""
"","","","23.99","","","","",""
"","","","23.99","","","","",""
"worlds-smallest-airsoft-sniper-v-2-l96a1-working-2344063","Worlds Smallest Airsoft Sniper (V 2) (L96A1) (Working)","<p><strong>Worlds Smallest Airsoft Sniper (V 2) (L96A1) (Working)</strong> is a made-to-order PLA print based on the MakerWorld model <em>Worlds smallest airsoft Sniper (V.2) (L96A1) (Working)</em> by user_531694306.</p><p>Useful as a practical desk, home, gift, or hobby accessory, it is printed after purchase in your selected color: Black, Yellow, White, Red. Each print is checked before shipping, with small layer lines normal for FDM 3D printing.</p><p>Made to order in the Bay Area. Processing time is typically 3-5 business days, and supply is unlimited because items are printed on demand.</p><p>Gallery images are MakerWorld creator images and/or rendered previews of the actual model, not photos of this exact made-to-order print.</p><p>Care: keep away from high heat, dishwashers, candles, and small children where parts may present a choking risk.</p><p>Attribution: Worlds smallest airsoft Sniper (V.2) (L96A1) (Working) by user_531694306 (@user_531694306), MakerWorld model 2344063, license CC0, source https://makerworld.com/en/models/2344063-worlds-smallest-airsoft-sniper-v-2-l96a1-working</p>","22.49","","/general-3d-prints","MakerWorld, Commercial-safe, Made to order, PLA, 3D print","No",""
"","","","22.49","","","","",""
"","","","22.49","","","","",""
"","","","22.49","","","","",""
"snowman-2043943","Snowman","<p><strong>Snowman</strong> is a made-to-order PLA print based on the MakerWorld model <em>Snowman</em> by RetroSteve.</p><p>Useful as a practical desk, home, gift, or hobby accessory, it is printed after purchase in your selected color: Black, Yellow, White, Red. Each print is checked before shipping, with small layer lines normal for FDM 3D printing.</p><p>Made to order in the Bay Area. Processing time is typically 3-5 business days, and supply is unlimited because items are printed on demand.</p><p>Gallery images are MakerWorld creator images and/or rendered previews of the actual model, not photos of this exact made-to-order print.</p><p>Care: keep away from high heat, dishwashers, candles, and small children where parts may present a choking risk.</p><p>Attribution: Snowman by RetroSteve (@user_1325917798), MakerWorld model 2043943, license BY-SA, source https://makerworld.com/en/models/2043943-snowman</p>","17.49","","/holiday-seasonal","MakerWorld, Commercial-safe, Made to order, PLA, 3D print","No",""
"","","","17.49","","","","",""
"","","","17.49","","","","",""
"","","","17.49","","","","",""
"cute-valentine-bunny-2340383","Cute Valentine Bunny","<p><strong>Cute Valentine Bunny</strong> is a made-to-order PLA print based on the MakerWorld model <em>Cute Valentine Bunny</em> by Tomhis18.</p><p>Useful as a practical desk, home, gift, or hobby accessory, it is printed after purchase in your selected color: Black, Yellow, White, Red. Each print is checked before shipping, with small layer lines normal for FDM 3D printing.</p><p>Made to order in the Bay Area. Processing time is typically 3-5 business days, and supply is unlimited because items are printed on demand.</p><p>Gallery images are MakerWorld creator images and/or rendered previews of the actual model, not photos of this exact made-to-order print.</p><p>Care: keep away from high heat, dishwashers, candles, and small children where parts may present a choking risk.</p><p>Attribution: Cute Valentine Bunny by Tomhis18 (@Tomhis18), MakerWorld model 2340383, license BY, source https://makerworld.com/en/models/2340383-cute-valentine-bunny</p>","15.99","","/holiday-seasonal","MakerWorld, Commercial-safe, Made to order, PLA, 3D print","No",""
"","","","15.99","","","","",""
"","","","15.99","","","","",""
"","","","15.99","","","","",""
"chamber-heater-for-flashforge-5m-2170753","Chamber Heater for FlashForge 5m","<p><strong>Chamber Heater For FlashForge 5m</strong> is a made-to-order PLA print based on the MakerWorld model <em>Chamber heater for FlashForge 5m</em> by FROSTYPRINT.</p><p>Useful as a practical desk, home, gift, or hobby accessory, it is printed after purchase in your selected color: Black, Yellow, White, Red. Each print is checked before shipping, with small layer lines normal for FDM 3D printing.</p><p>Made to order in the Bay Area. Processing time is typically 3-5 business days, and supply is unlimited because items are printed on demand.</p><p>Gallery images are MakerWorld creator images and/or rendered previews of the actual model, not photos of this exact made-to-order print.</p><p>Care: keep away from high heat, dishwashers, candles, and small children where parts may present a choking risk.</p><p>Attribution: Chamber heater for FlashForge 5m by FROSTYPRINT (@FROSTYPRINT), MakerWorld model 2170753, license CC0, source https://makerworld.com/en/models/2170753-chamber-heater-for-flashforge-5m</p>","20.49","","/general-3d-prints","MakerWorld, Commercial-safe, Made to order, PLA, 3D print","No",""
"","","","20.49","","","","",""
"","","","20.49","","","","",""
"","","","20.49","","","","",""
"charizard-light-box-2154337","Charizard Light Box","<p><strong>Charizard Light Box</strong> is a made-to-order PLA print based on the MakerWorld model <em>charizard light box</em> by cj1.</p><p>Useful as a practical desk, home, gift, or hobby accessory, it is printed after purchase in your selected color: Black, Yellow, White, Red. Each print is checked before shipping, with small layer lines normal for FDM 3D printing.</p><p>Made to order in the Bay Area. Processing time is typically 3-5 business days, and supply is unlimited because items are printed on demand.</p><p>Gallery images are MakerWorld creator images and/or rendered previews of the actual model, not photos of this exact made-to-order print.</p><p>Care: keep away from high heat, dishwashers, candles, and small children where parts may present a choking risk.</p><p>Attribution: charizard light box by cj1 (@jones71102), MakerWorld model 2154337, license BY, source https://makerworld.com/en/models/2154337-charizard-light-box</p>","20.49","","/home-organization","MakerWorld, Commercial-safe, Made to order, PLA, 3D print","No",""
"","","","20.49","","","","",""
"","","","20.49","","","","",""
"","","","20.49","","","","",""
"customizable-xmas-volleyball-trophy-gadget-2098059","Customizable XMAS Volleyball Trophy/Gadget","<p><strong>Customizable Xmas Volleyball Trophy/Gadget</strong> is a made-to-order PLA print based on the MakerWorld model <em>Customizable Xmas Volleyball Trophy/Gadget</em> by p@trizi0k.</p><p>Useful as a practical desk, home, gift, or hobby accessory, it is printed after purchase in your selected color: Black, Yellow, White, Red. Each print is checked before shipping, with small layer lines normal for FDM 3D printing.</p><p>Made to order in the Bay Area. Processing time is typically 3-5 business days, and supply is unlimited because items are printed on demand.</p><p>Gallery images are MakerWorld creator images and/or rendered previews of the actual model, not photos of this exact made-to-order print.</p><p>Care: keep away from high heat, dishwashers, candles, and small children where parts may present a choking risk.</p><p>Attribution: Customizable Xmas Volleyball Trophy/Gadget by p@trizi0k (@patrizio.lupi), MakerWorld model 2098059, license BY-SA, source https://makerworld.com/en/models/2098059-customizable-xmas-volleyball-trophy-gadget</p>","19.99","","/holiday-seasonal","MakerWorld, Commercial-safe, Made to order, PLA, 3D print","No",""
"","","","19.99","","","","",""
"","","","19.99","","","","",""
"","","","19.99","","","","",""
"miniature-toy-safe-with-ornate-decoration-2077883","Miniature Toy Safe with Ornate Decoration","<p><strong>Miniature Toy Safe With Ornate Decoration</strong> is a made-to-order PLA print based on the MakerWorld model <em>Miniature Toy Safe with Ornate Decoration</em> by T8OASTER.</p><p>Useful as a practical desk, home, gift, or hobby accessory, it is printed after purchase in your selected color: Black, Yellow, White, Red. Each print is checked before shipping, with small layer lines normal for FDM 3D printing.</p><p>Made to order in the Bay Area. Processing time is typically 3-5 business days, and supply is unlimited because items are printed on demand.</p><p>Gallery images are MakerWorld creator images and/or rendered previews of the actual model, not photos of this exact made-to-order print.</p><p>Care: keep away from high heat, dishwashers, candles, and small children where parts may present a choking risk.</p><p>Attribution: Miniature Toy Safe with Ornate Decoration by T8OASTER (@T8OASTER), MakerWorld model 2077883, license CC0, source https://makerworld.com/en/models/2077883-miniature-toy-safe-with-ornate-decoration</p>","16.49","","/toys-figures","MakerWorld, Commercial-safe, Made to order, PLA, 3D print","No",""
"","","","16.49","","","","",""
"","","","16.49","","","","",""
"","","","16.49","","","","",""
"christmas-hats-1925213","Christmas Hats","<p><strong>Christmas Hats</strong> is a made-to-order PLA print based on the MakerWorld model <em>Christmas Hats</em> by fishpro2.</p><p>Useful as a practical desk, home, gift, or hobby accessory, it is printed after purchase in your selected color: Black, Yellow, White, Red. Each print is checked before shipping, with small layer lines normal for FDM 3D printing.</p><p>Made to order in the Bay Area. Processing time is typically 3-5 business days, and supply is unlimited because items are printed on demand.</p><p>Gallery images are MakerWorld creator images and/or rendered previews of the actual model, not photos of this exact made-to-order print.</p><p>Care: keep away from high heat, dishwashers, candles, and small children where parts may present a choking risk.</p><p>Attribution: Christmas Hats by fishpro2 (@fishpro2), MakerWorld model 1925213, license BY-ND, source https://makerworld.com/en/models/1925213-christmas-hats</p>","19.49","","/holiday-seasonal","MakerWorld, Commercial-safe, Made to order, PLA, 3D print","No",""
"","","","19.49","","","","",""
"","","","19.49","","","","",""
"","","","19.49","","","","",""
"highland-cow-sitting-patiently-ai-generated-2435216","Highland Cow Sitting Patiently AI Generated","<p><strong>Highland Cow Sitting Patiently AI Generated</strong> is a made-to-order PLA print based on the MakerWorld model <em>Highland Cow Sitting Patiently AI Generated</em> by DRY Creations.</p><p>Useful as a practical desk, home, gift, or hobby accessory, it is printed after purchase in your selected color: Black, Yellow, White, Red. Each print is checked before shipping, with small layer lines normal for FDM 3D printing.</p><p>Made to order in the Bay Area. Processing time is typically 3-5 business days, and supply is unlimited because items are printed on demand.</p><p>Gallery images are MakerWorld creator images and/or rendered previews of the actual model, not photos of this exact made-to-order print.</p><p>Care: keep away from high heat, dishwashers, candles, and small children where parts may present a choking risk.</p><p>Attribution: Highland Cow Sitting Patiently AI Generated by DRY Creations (@DYFCPrints), MakerWorld model 2435216, license CC0, source https://makerworld.com/en/models/2435216-highland-cow-sitting-patiently-ai-generated</p>","17.99","","/general-3d-prints","MakerWorld, Commercial-safe, Made to order, PLA, 3D print","No",""
"","","","17.99","","","","",""
"","","","17.99","","","","",""
"","","","17.99","","","","",""
"low-poly-sleeping-crescent-moon-2333884","Low Poly Sleeping Crescent Moon","<p><strong>Low Poly Sleeping Crescent Moon</strong> is a made-to-order PLA print based on the MakerWorld model <em>Low Poly Sleeping Crescent Moon</em> by KadeX.</p><p>Useful as a practical desk, home, gift, or hobby accessory, it is printed after purchase in your selected color: Black, Yellow, White, Red. Each print is checked before shipping, with small layer lines normal for FDM 3D printing.</p><p>Made to order in the Bay Area. Processing time is typically 3-5 business days, and supply is unlimited because items are printed on demand.</p><p>Gallery images are MakerWorld creator images and/or rendered previews of the actual model, not photos of this exact made-to-order print.</p><p>Care: keep away from high heat, dishwashers, candles, and small children where parts may present a choking risk.</p><p>Attribution: Low Poly Sleeping Crescent Moon by KadeX (@KadeX_720), MakerWorld model 2333884, license CC0, source https://makerworld.com/en/models/2333884-low-poly-sleeping-crescent-moon</p>","11.99","","/toys-figures","MakerWorld, Commercial-safe, Made to order, PLA, 3D print","No","https://images.squarespace-cdn.com/content/v1/6914262184e7d41fe3ac8966/c8768c58-2d2d-45f2-b124-c815007352de/01-source.png https://images.squarespace-cdn.com/content/v1/6914262184e7d41fe3ac8966/a4c5b0c4-26d9-4d72-a10c-1da27e3eba09/02-source.png https://images.squarespace-cdn.com/content/v1/6914262184e7d41fe3ac8966/5208d2ee-11bd-4f12-b79c-7ebc83a87f4e/03-source.png https://images.squarespace-cdn.com/content/v1/6914262184e7d41fe3ac8966/d4ba14aa-ed4e-4f7f-9818-946c76fad406/04-source.png https://images.squarespace-cdn.com/content/v1/6914262184e7d41fe3ac8966/97dd5e75-75c9-4eab-a094-d2a0569a0c74/05-source.png"
"","","","11.99","","","","",""
"","","","11.99","","","","",""
"","","","11.99","","","","",""
"solar-cable-grommet-thru-caravan-roof-45mm-to-65mm-2161640","Solar Cable Grommet Thru Caravan Roof 45mm to 65mm","<p><strong>Solar Cable Grommet Thru Caravan Roof 45mm To 65mm</strong> is a made-to-order PLA print based on the MakerWorld model <em>Solar cable grommet thru caravan roof 45mm to 65mm</em> by Peter.</p><p>Useful as a practical desk, home, gift, or hobby accessory, it is printed after purchase in your selected color: Black, Yellow, White, Red. Each print is checked before shipping, with small layer lines normal for FDM 3D printing.</p><p>Made to order in the Bay Area. Processing time is typically 3-5 business days, and supply is unlimited because items are printed on demand.</p><p>Gallery images are MakerWorld creator images and/or rendered previews of the actual model, not photos of this exact made-to-order print.</p><p>Care: keep away from high heat, dishwashers, candles, and small children where parts may present a choking risk.</p><p>Attribution: Solar cable grommet thru caravan roof 45mm to 65mm by Peter (@user_1982377288), MakerWorld model 2161640, license CC0, source https://makerworld.com/en/models/2161640-solar-cable-grommet-thru-caravan-roof-45mm-to-65mm</p>","27.49","","/desk-office","MakerWorld, Commercial-safe, Made to order, PLA, 3D print","No","https://images.squarespace-cdn.com/content/v1/6914262184e7d41fe3ac8966/a82ee22d-0ef1-4674-b3c0-dc4abe7f8c18/01-source.jpg https://images.squarespace-cdn.com/content/v1/6914262184e7d41fe3ac8966/d5fa1dc2-b1fa-4dce-a46f-064f999165e8/02-source.jpg https://images.squarespace-cdn.com/content/v1/6914262184e7d41fe3ac8966/d1dec1a3-8c13-45ad-8a10-08c607aa4433/03-source.jpg https://images.squarespace-cdn.com/content/v1/6914262184e7d41fe3ac8966/d2ae79bc-ec94-4701-b129-4a02fd1b9428/04-source.jpg https://images.squarespace-cdn.com/content/v1/6914262184e7d41fe3ac8966/228a0d20-4f16-4afa-95b5-25f027e55ed8/05-source.jpg"
"","","","27.49","","","","",""
"","","","27.49","","","","",""
"","","","27.49","","","","",""
"low-poly-sleeping-bear-2159789","Low Poly Sleeping Bear","<p><strong>Low Poly Sleeping Bear</strong> is a made-to-order PLA print based on the MakerWorld model <em>Low Poly Sleeping Bear </em> by KadeX.</p><p>Useful as a practical desk, home, gift, or hobby accessory, it is printed after purchase in your selected color: Black, Yellow, White, Red. Each print is checked before shipping, with small layer lines normal for FDM 3D printing.</p><p>Made to order in the Bay Area. Processing time is typically 3-5 business days, and supply is unlimited because items are printed on demand.</p><p>Gallery images are MakerWorld creator images and/or rendered previews of the actual model, not photos of this exact made-to-order print.</p><p>Care: keep away from high heat, dishwashers, candles, and small children where parts may present a choking risk.</p><p>Attribution: Low Poly Sleeping Bear  by KadeX (@KadeX_720), MakerWorld model 2159789, license CC0, source https://makerworld.com/en/models/2159789-low-poly-sleeping-bear</p>","9.99","","/toys-figures","MakerWorld, Commercial-safe, Made to order, PLA, 3D print","No","https://images.squarespace-cdn.com/content/v1/6914262184e7d41fe3ac8966/f905e7da-7302-4827-ad5d-73f6a75a2cdc/01-source.png https://images.squarespace-cdn.com/content/v1/6914262184e7d41fe3ac8966/85ca618c-036c-4825-a8a3-cc1839faa802/02-source.png https://images.squarespace-cdn.com/content/v1/6914262184e7d41fe3ac8966/6d9f3e55-5fad-4bf0-89fa-c2c284dfce7e/03-source.png https://images.squarespace-cdn.com/content/v1/6914262184e7d41fe3ac8966/d825df1d-ef8b-4c8e-8854-b1be12a7aef5/04-source.png https://images.squarespace-cdn.com/content/v1/6914262184e7d41fe3ac8966/1b2fa8c9-be3c-4759-a971-7c45dc658f1d/05-source.png"
"","","","9.99","","","","",""
"","","","9.99","","","","",""
"","","","9.99","","","","",""
"backhammer-plr-16-bullpup-kit-1922042","Backhammer PLR-16 Bullpup Kit","<p><strong>Backhammer PLR-16 Bullpup Kit</strong> is a made-to-order PLA print based on the MakerWorld model <em>Backhammer PLR-16 bullpup kit</em> by DRO81N528.</p><p>Useful as a practical desk, home, gift, or hobby accessory, it is printed after purchase in your selected color: Black, Yellow, White, Red. Each print is checked before shipping, with small layer lines normal for FDM 3D printing.</p><p>Made to order in the Bay Area. Processing time is typically 3-5 business days, and supply is unlimited because items are printed on demand.</p><p>Gallery images are MakerWorld creator images and/or rendered previews of the actual model, not photos of this exact made-to-order print.</p><p>Care: keep away from high heat, dishwashers, candles, and small children where parts may present a choking risk.</p><p>Attribution: Backhammer PLR-16 bullpup kit by DRO81N528 (@DRO81N528), MakerWorld model 1922042, license CC0, source https://makerworld.com/en/models/1922042-backhammer-plr-16-bullpup-kit</p>","18.49","","/general-3d-prints","MakerWorld, Commercial-safe, Made to order, PLA, 3D print","No",""
"","","","18.49","","","","",""
"","","","18.49","","","","",""
"","","","18.49","","","","",""
"i-love-you-bookmark-2408098","I Love You Bookmark","<p><strong>I Love You Bookmark</strong> is a made-to-order PLA print based on the MakerWorld model <em>I Love You bookmark</em> by Print&amp;Play3D.</p><p>Useful as a practical desk, home, gift, or hobby accessory, it is printed after purchase in your selected color: Black, Yellow, White, Red. Each print is checked before shipping, with small layer lines normal for FDM 3D printing.</p><p>Made to order in the Bay Area. Processing time is typically 3-5 business days, and supply is unlimited because items are printed on demand.</p><p>Gallery images are MakerWorld creator images and/or rendered previews of the actual model, not photos of this exact made-to-order print.</p><p>Care: keep away from high heat, dishwashers, candles, and small children where parts may present a choking risk.</p><p>Attribution: I Love You bookmark by Print&amp;Play3D (@SA_Stars), MakerWorld model 2408098, license BY-ND, source https://makerworld.com/en/models/2408098-i-love-you-bookmark</p>","7.99","","/general-3d-prints","MakerWorld, Commercial-safe, Made to order, PLA, 3D print","No",""
"","","","7.99","","","","",""
"","","","7.99","","","","",""
"","","","7.99","","","","",""
"the-seven-deadly-sins-greed-2260833","The Seven Deadly Sins - Greed","<p><strong>The Seven Deadly Sins - Greed</strong> is a made-to-order PLA print based on the MakerWorld model <em>The Seven Deadly Sins - Greed</em> by Gorgz.</p><p>Useful as a practical desk, home, gift, or hobby accessory, it is printed after purchase in your selected color: Black, Yellow, White, Red. Each print is checked before shipping, with small layer lines normal for FDM 3D printing.</p><p>Made to order in the Bay Area. Processing time is typically 3-5 business days, and supply is unlimited because items are printed on demand.</p><p>Gallery images are MakerWorld creator images and/or rendered previews of the actual model, not photos of this exact made-to-order print.</p><p>Care: keep away from high heat, dishwashers, candles, and small children where parts may present a choking risk.</p><p>Attribution: The Seven Deadly Sins - Greed by Gorgz (@gorgz), MakerWorld model 2260833, license BY-ND, source https://makerworld.com/en/models/2260833-the-seven-deadly-sins-greed</p>","15.49","","/general-3d-prints","MakerWorld, Commercial-safe, Made to order, PLA, 3D print","No",""
"","","","15.49","","","","",""
"","","","15.49","","","","",""
"","","","15.49","","","","",""
"hellish-warrior-2415744","Hellish Warrior","<p><strong>Hellish Warrior</strong> is a made-to-order PLA print based on the MakerWorld model <em>H&ouml;llischer Krieger </em> by Daniel.</p><p>Useful as a practical desk, home, gift, or hobby accessory, it is printed after purchase in your selected color: Black, Yellow, White, Red. Each print is checked before shipping, with small layer lines normal for FDM 3D printing.</p><p>Made to order in the Bay Area. Processing time is typically 3-5 business days, and supply is unlimited because items are printed on demand.</p><p>Gallery images are MakerWorld creator images and/or rendered previews of the actual model, not photos of this exact made-to-order print.</p><p>Care: keep away from high heat, dishwashers, candles, and small children where parts may present a choking risk.</p><p>Attribution: H&ouml;llischer Krieger  by Daniel (@Daniel.stangl), MakerWorld model 2415744, license BY, source https://makerworld.com/en/models/2415744-hellish-warrior</p>","21.49","","/general-3d-prints","MakerWorld, Commercial-safe, Made to order, PLA, 3D print","No",""
"","","","21.49","","","","",""
"","","","21.49","","","","",""
"","","","21.49","","","","",""
"tippy-the-dachshund-2380711","Tippy the Dachshund!","<p><strong>Tippy The Dachshund!</strong> is a made-to-order PLA print based on the MakerWorld model <em>Tippy The Dachshund!</em> by Gorgz.</p><p>Useful as a practical desk, home, gift, or hobby accessory, it is printed after purchase in your selected color: Black, Yellow, White, Red. Each print is checked before shipping, with small layer lines normal for FDM 3D printing.</p><p>Made to order in the Bay Area. Processing time is typically 3-5 business days, and supply is unlimited because items are printed on demand.</p><p>Gallery images are MakerWorld creator images and/or rendered previews of the actual model, not photos of this exact made-to-order print.</p><p>Care: keep away from high heat, dishwashers, candles, and small children where parts may present a choking risk.</p><p>Attribution: Tippy The Dachshund! by Gorgz (@gorgz), MakerWorld model 2380711, license BY-ND, source https://makerworld.com/en/models/2380711-tippy-the-dachshund</p>","21.49","","/home-organization","MakerWorld, Commercial-safe, Made to order, PLA, 3D print","No",""
"","","","21.49","","","","",""
"","","","21.49","","","","",""
"","","","21.49","","","","",""
"forever-yours-lithophane-frame-with-3-roses-2338025","Forever Yours Lithophane Frame with 3 Roses","<p><strong>Forever Yours Lithophane Frame With 3 Roses</strong> is a made-to-order PLA print based on the MakerWorld model <em>Forever Yours Lithophane Frame with 3 Roses</em> by Ben Larson.</p><p>Useful as a practical desk, home, gift, or hobby accessory, it is printed after purchase in your selected color: Black, Yellow, White, Red. Each print is checked before shipping, with small layer lines normal for FDM 3D printing.</p><p>Made to order in the Bay Area. Processing time is typically 3-5 business days, and supply is unlimited because items are printed on demand.</p><p>Gallery images are MakerWorld creator images and/or rendered previews of the actual model, not photos of this exact made-to-order print.</p><p>Care: keep away from high heat, dishwashers, candles, and small children where parts may present a choking risk.</p><p>Attribution: Forever Yours Lithophane Frame with 3 Roses by Ben Larson (@BenLarson), MakerWorld model 2338025, license BY-SA, source https://makerworld.com/en/models/2338025-forever-yours-lithophane-frame-with-3-roses</p>","9.99","","/decor-art","MakerWorld, Commercial-safe, Made to order, PLA, 3D print","No",""
"","","","9.99","","","","",""
"","","","9.99","","","","",""
"","","","9.99","","","","",""
"valentine-day-heart-name-love-name-2346531","VALENTINE DAY HEART (NAME Love NAME)","<p><strong>VALENTINE DAY HEART (NAME Love NAME)</strong> is a made-to-order PLA print based on the MakerWorld model <em>VALENTINE DAY. HEART (NAME love NAME)</em> by Mr.Nando.</p><p>Useful as a practical desk, home, gift, or hobby accessory, it is printed after purchase in your selected color: Black, Yellow, White, Red. Each print is checked before shipping, with small layer lines normal for FDM 3D printing.</p><p>Made to order in the Bay Area. Processing time is typically 3-5 business days, and supply is unlimited because items are printed on demand.</p><p>Gallery images are MakerWorld creator images and/or rendered previews of the actual model, not photos of this exact made-to-order print.</p><p>Care: keep away from high heat, dishwashers, candles, and small children where parts may present a choking risk.</p><p>Attribution: VALENTINE DAY. HEART (NAME love NAME) by Mr.Nando (@Mr.syber), MakerWorld model 2346531, license BY-SA, source https://makerworld.com/en/models/2346531-valentine-day-heart-name-love-name</p>","13.99","","/holiday-seasonal","MakerWorld, Commercial-safe, Made to order, PLA, 3D print","No",""
"","","","13.99","","","","",""
"","","","13.99","","","","",""
"","","","13.99","","","","",""
"viking-woman-2293540","Viking Woman","<p><strong>Viking Woman</strong> is a made-to-order PLA print based on the MakerWorld model <em>Viking woman</em> by TMG252.</p><p>Useful as a practical desk, home, gift, or hobby accessory, it is printed after purchase in your selected color: Black, Yellow, White, Red. Each print is checked before shipping, with small layer lines normal for FDM 3D printing.</p><p>Made to order in the Bay Area. Processing time is typically 3-5 business days, and supply is unlimited because items are printed on demand.</p><p>Gallery images are MakerWorld creator images and/or rendered previews of the actual model, not photos of this exact made-to-order print.</p><p>Care: keep away from high heat, dishwashers, candles, and small children where parts may present a choking risk.</p><p>Attribution: Viking woman by TMG252 (@TMG_252), MakerWorld model 2293540, license CC0, source https://makerworld.com/en/models/2293540-viking-woman</p>","21.99","","/general-3d-prints","MakerWorld, Commercial-safe, Made to order, PLA, 3D print","No",""
"","","","21.99","","","","",""
"","","","21.99","","","","",""
"","","","21.99","","","","",""
"rocket-puzzle-2422905","Rocket Puzzle","<p><strong>Rocket Puzzle</strong> is a made-to-order PLA print based on the MakerWorld model <em>Rocket Puzzle</em> by Flaflip.</p><p>Useful as a practical desk, home, gift, or hobby accessory, it is printed after purchase in your selected color: Black, Yellow, White, Red. Each print is checked before shipping, with small layer lines normal for FDM 3D printing.</p><p>Made to order in the Bay Area. Processing time is typically 3-5 business days, and supply is unlimited because items are printed on demand.</p><p>Gallery images are MakerWorld creator images and/or rendered previews of the actual model, not photos of this exact made-to-order print.</p><p>Care: keep away from high heat, dishwashers, candles, and small children where parts may present a choking risk.</p><p>Attribution: Rocket Puzzle by Flaflip (@richard.saffrie), MakerWorld model 2422905, license BY, source https://makerworld.com/en/models/2422905-rocket-puzzle</p>","19.99","","/toys-figures","MakerWorld, Commercial-safe, Made to order, PLA, 3D print","No",""
"","","","19.99","","","","",""
"","","","19.99","","","","",""
"","","","19.99","","","","",""
"v-slot-2020-external-corner-connector-l-bracket-2330491","V-Slot 2020 External Corner Connector (L-Bracket)","<p><strong>V-Slot 2020 External Corner Connector (L-Bracket)</strong> is a made-to-order PLA print based on the MakerWorld model <em>V-Slot 2020 External Corner Connector (L-Bracket)</em> by quantum9.</p><p>Useful as a practical desk, home, gift, or hobby accessory, it is printed after purchase in your selected color: Black, Yellow, White, Red. Each print is checked before shipping, with small layer lines normal for FDM 3D printing.</p><p>Made to order in the Bay Area. Processing time is typically 3-5 business days, and supply is unlimited because items are printed on demand.</p><p>Gallery images are MakerWorld creator images and/or rendered previews of the actual model, not photos of this exact made-to-order print.</p><p>Care: keep away from high heat, dishwashers, candles, and small children where parts may present a choking risk.</p><p>Attribution: V-Slot 2020 External Corner Connector (L-Bracket) by quantum9 (@quantum9), MakerWorld model 2330491, license CC0, source https://makerworld.com/en/models/2330491-v-slot-2020-external-corner-connector-l-bracket</p>","25.49","","/home-organization","MakerWorld, Commercial-safe, Made to order, PLA, 3D print","No",""
"","","","25.49","","","","",""
"","","","25.49","","","","",""
"","","","25.49","","","","",""
"crankshaft-1761180","CRANKSHAFT","<p><strong>CRANKSHAFT</strong> is a made-to-order PLA print based on the MakerWorld model <em>WAŁ KORBOWY</em> by user_4071971408.</p><p>Useful as a practical desk, home, gift, or hobby accessory, it is printed after purchase in your selected color: Black, Yellow, White, Red. Each print is checked before shipping, with small layer lines normal for FDM 3D printing.</p><p>Made to order in the Bay Area. Processing time is typically 3-5 business days, and supply is unlimited because items are printed on demand.</p><p>Gallery images are MakerWorld creator images and/or rendered previews of the actual model, not photos of this exact made-to-order print.</p><p>Care: keep away from high heat, dishwashers, candles, and small children where parts may present a choking risk.</p><p>Attribution: WAŁ KORBOWY by user_4071971408 (@user_4071971408), MakerWorld model 1761180, license CC0, source https://makerworld.com/en/models/1761180-crankshaft</p>","19.49","","/general-3d-prints","MakerWorld, Commercial-safe, Made to order, PLA, 3D print","No",""
"","","","19.49","","","","",""
"","","","19.49","","","","",""
"","","","19.49","","","","",""
"screwdriver-hook-for-ikea-skadis-pegboard-2430034","Screwdriver Hook for IKEA SKADIS Pegboard","<p><strong>Screwdriver Hook For IKEA SKADIS Pegboard</strong> is a made-to-order PLA print based on the MakerWorld model <em>Screwdriver hook for IKEA SKADIS pegboard</em> by 老谭老谭老谭该学习了.</p><p>Useful as a practical desk, home, gift, or hobby accessory, it is printed after purchase in your selected color: Black, Yellow, White, Red. Each print is checked before shipping, with small layer lines normal for FDM 3D printing.</p><p>Made to order in the Bay Area. Processing time is typically 3-5 business days, and supply is unlimited because items are printed on demand.</p><p>Gallery images are MakerWorld creator images and/or rendered previews of the actual model, not photos of this exact made-to-order print.</p><p>Care: keep away from high heat, dishwashers, candles, and small children where parts may present a choking risk.</p><p>Attribution: Screwdriver hook for IKEA SKADIS pegboard by 老谭老谭老谭该学习了 (@OTOTOTITTL), MakerWorld model 2430034, license BY, source https://makerworld.com/en/models/2430034-screwdriver-hook-for-ikea-skadis-pegboard</p>","19.49","","/desk-office","MakerWorld, Commercial-safe, Made to order, PLA, 3D print","No",""
"","","","19.49","","","","",""
"","","","19.49","","","","",""
"","","","19.49","","","","",""
"biochemical-helmet-personalized-luminous-ornament-2170874","Biochemical Helmet Personalized Luminous Ornament","<p><strong>Biochemical Helmet Personalized Luminous Ornament</strong> is a made-to-order PLA print based on the MakerWorld model <em>生化头盔 个性发光摆件 </em> by ninedie.</p><p>Useful as a practical desk, home, gift, or hobby accessory, it is printed after purchase in your selected color: Black, Yellow, White, Red. Each print is checked before shipping, with small layer lines normal for FDM 3D printing.</p><p>Made to order in the Bay Area. Processing time is typically 3-5 business days, and supply is unlimited because items are printed on demand.</p><p>Gallery images are MakerWorld creator images and/or rendered previews of the actual model, not photos of this exact made-to-order print.</p><p>Care: keep away from high heat, dishwashers, candles, and small children where parts may present a choking risk.</p><p>Attribution: 生化头盔 个性发光摆件  by ninedie (@ninedie), MakerWorld model 2170874, license BY, source https://makerworld.com/en/models/2170874-biochemical-helmet-personalized-luminous-ornament</p>","17.49","","/holiday-seasonal","MakerWorld, Commercial-safe, Made to order, PLA, 3D print","No",""
"","","","17.49","","","","",""
"","","","17.49","","","","",""
"","","","17.49","","","","",""
"tool-storage-pen-holder-2036202","Tool Storage Pen Holder","<p><strong>Tool Storage Pen Holder</strong> is a made-to-order PLA print based on the MakerWorld model <em>工具收纳笔筒</em> by insport_lidong.</p><p>Useful as a practical desk, home, gift, or hobby accessory, it is printed after purchase in your selected color: Black, Yellow, White, Red. Each print is checked before shipping, with small layer lines normal for FDM 3D printing.</p><p>Made to order in the Bay Area. Processing time is typically 3-5 business days, and supply is unlimited because items are printed on demand.</p><p>Gallery images are MakerWorld creator images and/or rendered previews of the actual model, not photos of this exact made-to-order print.</p><p>Care: keep away from high heat, dishwashers, candles, and small children where parts may present a choking risk.</p><p>Attribution: 工具收纳笔筒 by insport_lidong (@insport_lidong), MakerWorld model 2036202, license BY, source https://makerworld.com/en/models/2036202-tool-storage-pen-holder</p>","20.49","","/home-organization","MakerWorld, Commercial-safe, Made to order, PLA, 3D print","No",""
"","","","20.49","","","","",""
"","","","20.49","","","","",""
"","","","20.49","","","","",""
"chibi-octopus-2416846","Chibi Octopus","<p><strong>Chibi Octopus</strong> is a made-to-order PLA print based on the MakerWorld model <em>Chibi Octopus</em> by Hender Shakkon.</p><p>Useful as a practical desk, home, gift, or hobby accessory, it is printed after purchase in your selected color: Black, Yellow, White, Red. Each print is checked before shipping, with small layer lines normal for FDM 3D printing.</p><p>Made to order in the Bay Area. Processing time is typically 3-5 business days, and supply is unlimited because items are printed on demand.</p><p>Gallery images are MakerWorld creator images and/or rendered previews of the actual model, not photos of this exact made-to-order print.</p><p>Care: keep away from high heat, dishwashers, candles, and small children where parts may present a choking risk.</p><p>Attribution: Chibi Octopus by Hender Shakkon (@user_3031782233), MakerWorld model 2416846, license BY-SA, source https://makerworld.com/en/models/2416846-chibi-octopus</p>","21.49","","/toys-figures","MakerWorld, Commercial-safe, Made to order, PLA, 3D print","No",""
"","","","21.49","","","","",""
"","","","21.49","","","","",""
"","","","21.49","","","","",""
"jesus-cross-tealight-candle-1931387","Jesus Cross Tealight Holder Frame","<p><strong>Jesus Cross Tealight Holder Frame</strong> is a made-to-order PLA print based on the MakerWorld model <em>Jesus cross tealight candle</em> by MartinAP1S.</p><p><strong>Listing note:</strong> This listing is for the made-to-order 3D printed plastic part only. LED modules, candles, electronics, screens, light kits, and other non-printed accessories shown for context are not included unless explicitly stated.</p><p>Useful as a practical desk, home, gift, or hobby accessory, it is printed after purchase in your selected color: Black, Yellow, White, Red. Each print is checked before shipping, with small layer lines normal for FDM 3D printing.</p><p>Made to order in the Bay Area. Processing time is typically 3-5 business days, and supply is unlimited because items are printed on demand.</p><p>Gallery images are MakerWorld creator images and/or rendered previews of the actual model, not photos of this exact made-to-order print.</p><p>Care: keep away from high heat, dishwashers, candles, and small children where parts may present a choking risk.</p><p>Attribution: Jesus cross tealight candle by MartinAP1S (@AMartyn), MakerWorld model 1931387, license BY, source https://makerworld.com/en/models/1931387-jesus-cross-tealight-candle</p>","20.49","","/general-3d-prints","MakerWorld, Commercial-safe, Made to order, PLA, 3D print","No",""
"","","","20.49","","","","",""
"","","","20.49","","","","",""
"","","","20.49","","","","",""
"love-decor-gift-1343925","Love Decor Gift","<p><strong>Love Decor Gift</strong> is a made-to-order PLA print based on the MakerWorld model <em>Love Decor Gift</em> by Let's create 3d.</p><p>Useful as a practical desk, home, gift, or hobby accessory, it is printed after purchase in your selected color: Black, Yellow, White, Red. Each print is checked before shipping, with small layer lines normal for FDM 3D printing.</p><p>Made to order in the Bay Area. Processing time is typically 3-5 business days, and supply is unlimited because items are printed on demand.</p><p>Gallery images are MakerWorld creator images and/or rendered previews of the actual model, not photos of this exact made-to-order print.</p><p>Care: keep away from high heat, dishwashers, candles, and small children where parts may present a choking risk.</p><p>Attribution: Love Decor Gift by Let's create 3d (@letscreate3d), MakerWorld model 1343925, license BY, source https://makerworld.com/en/models/1343925-love-decor-gift</p>","14.49","","/decor-art","MakerWorld, Commercial-safe, Made to order, PLA, 3D print","No",""
"","","","14.49","","","","",""
"","","","14.49","","","","",""
"","","","14.49","","","","",""
"headphone-stand-raised-desktop-mount-249227","Headphone Stand - Raised Desktop Mount","<p><strong>Headphone Stand - Raised Desktop Mount</strong> is a made-to-order PLA print based on the MakerWorld model <em>Headphone stand - raised desktop mount</em> by TineWolf.</p><p>Useful as a practical desk, home, gift, or hobby accessory, it is printed after purchase in your selected color: Black, Yellow, White, Red. Each print is checked before shipping, with small layer lines normal for FDM 3D printing.</p><p>Made to order in the Bay Area. Processing time is typically 3-5 business days, and supply is unlimited because items are printed on demand.</p><p>Gallery images are MakerWorld creator images and/or rendered previews of the actual model, not photos of this exact made-to-order print.</p><p>Care: keep away from high heat, dishwashers, candles, and small children where parts may present a choking risk.</p><p>Attribution: Headphone stand - raised desktop mount by TineWolf (@TineWolf), MakerWorld model 249227, license BY, source https://makerworld.com/en/models/249227-headphone-stand-raised-desktop-mount</p>","20.49","","/desk-office","MakerWorld, Commercial-safe, Made to order, PLA, 3D print","No",""
"","","","20.49","","","","",""
"","","","20.49","","","","",""
"","","","20.49","","","","",""
"biber-stuff-holder-musa-2383651","Biber - Stuff Holder - Musa","<p><strong>Biber - Stuff Holder - Musa</strong> is a made-to-order PLA print based on the MakerWorld model <em>Biber - stuff holder - Musa</em> by musa.</p><p>Useful as a practical desk, home, gift, or hobby accessory, it is printed after purchase in your selected color: Black, Yellow, White, Red. Each print is checked before shipping, with small layer lines normal for FDM 3D printing.</p><p>Made to order in the Bay Area. Processing time is typically 3-5 business days, and supply is unlimited because items are printed on demand.</p><p>Gallery images are MakerWorld creator images and/or rendered previews of the actual model, not photos of this exact made-to-order print.</p><p>Care: keep away from high heat, dishwashers, candles, and small children where parts may present a choking risk.</p><p>Attribution: Biber - stuff holder - Musa by musa (@not_musa), MakerWorld model 2383651, license BY-ND, source https://makerworld.com/en/models/2383651-biber-stuff-holder-musa</p>","17.99","","/home-organization","MakerWorld, Commercial-safe, Made to order, PLA, 3D print","No",""
"","","","17.99","","","","",""
"","","","17.99","","","","",""
"","","","17.99","","","","",""
"skadis-universal-3-drawer-parts-cabinet-2075131","Skadis Universal 3 Drawer Parts Cabinet","<p><strong>Skadis Universal 3 Drawer Parts Cabinet</strong> is a made-to-order PLA print based on the MakerWorld model <em>Skadis Universal 3 Drawer Parts Cabinet</em> by Cr46ethi.</p><p>Useful as a practical desk, home, gift, or hobby accessory, it is printed after purchase in your selected color: Black, Yellow, White, Red. Each print is checked before shipping, with small layer lines normal for FDM 3D printing.</p><p>Made to order in the Bay Area. Processing time is typically 3-5 business days, and supply is unlimited because items are printed on demand.</p><p>Gallery images are MakerWorld creator images and/or rendered previews of the actual model, not photos of this exact made-to-order print.</p><p>Care: keep away from high heat, dishwashers, candles, and small children where parts may present a choking risk.</p><p>Attribution: Skadis Universal 3 Drawer Parts Cabinet by Cr46ethi (@Cr46ethi), MakerWorld model 2075131, license CC0, source https://makerworld.com/en/models/2075131-skadis-universal-3-drawer-parts-cabinet</p>","22.49","","/home-organization","MakerWorld, Commercial-safe, Made to order, PLA, 3D print","No",""
"","","","22.49","","","","",""
"","","","22.49","","","","",""
"","","","22.49","","","","",""
"stackable-3d-printed-gearbox-1942349","STACKABLE 3D-PRINTED GEARBOX","<p><strong>STACKABLE 3D-PRINTED GEARBOX</strong> is a made-to-order PLA print based on the MakerWorld model <em>STACKABLE 3D-PRINTED GEARBOX</em> by Digitzia_novaxe.</p><p>Useful as a practical desk, home, gift, or hobby accessory, it is printed after purchase in your selected color: Black, Yellow, White, Red. Each print is checked before shipping, with small layer lines normal for FDM 3D printing.</p><p>Made to order in the Bay Area. Processing time is typically 3-5 business days, and supply is unlimited because items are printed on demand.</p><p>Gallery images are MakerWorld creator images and/or rendered previews of the actual model, not photos of this exact made-to-order print.</p><p>Care: keep away from high heat, dishwashers, candles, and small children where parts may present a choking risk.</p><p>Attribution: STACKABLE 3D-PRINTED GEARBOX by Digitzia_novaxe (@Digitzia_novaxe), MakerWorld model 1942349, license CC0, source https://makerworld.com/en/models/1942349-stackable-3d-printed-gearbox</p>","17.49","","/home-organization","MakerWorld, Commercial-safe, Made to order, PLA, 3D print","No",""
"","","","17.49","","","","",""
"","","","17.49","","","","",""
"","","","17.49","","","","",""
"led-cube-cpu-monitor-1750184","LED Cube CPU Monitor Frame","<p><strong>LED Cube CPU Monitor Frame</strong> is a made-to-order PLA print based on the MakerWorld model <em>LED Cube CPU monitor</em> by DiCon.</p><p><strong>Listing note:</strong> This listing is for the made-to-order 3D printed plastic part only. LED modules, candles, electronics, screens, light kits, and other non-printed accessories shown for context are not included unless explicitly stated.</p><p>Useful as a practical desk, home, gift, or hobby accessory, it is printed after purchase in your selected color: Black, Yellow, White, Red. Each print is checked before shipping, with small layer lines normal for FDM 3D printing.</p><p>Made to order in the Bay Area. Processing time is typically 3-5 business days, and supply is unlimited because items are printed on demand.</p><p>Gallery images are MakerWorld creator images and/or rendered previews of the actual model, not photos of this exact made-to-order print.</p><p>Care: keep away from high heat, dishwashers, candles, and small children where parts may present a choking risk.</p><p>Attribution: LED Cube CPU monitor by DiCon (@diconx), MakerWorld model 1750184, license BY, source https://makerworld.com/en/models/1750184-led-cube-cpu-monitor</p>","17.99","","/desk-office","MakerWorld, Commercial-safe, Made to order, PLA, 3D print","No",""
"","","","17.99","","","","",""
"","","","17.99","","","","",""
"","","","17.99","","","","",""
"spider-christmas-bauble-ornament-2105685","Spider Christmas Bauble Ornament","<p><strong>Spider Christmas Bauble Ornament</strong> is a made-to-order PLA print based on the MakerWorld model <em>Spider Christmas Bauble Ornament</em> by GrimGreeble.</p><p>Useful as a practical desk, home, gift, or hobby accessory, it is printed after purchase in your selected color: Black, Yellow, White, Red. Each print is checked before shipping, with small layer lines normal for FDM 3D printing.</p><p>Made to order in the Bay Area. Processing time is typically 3-5 business days, and supply is unlimited because items are printed on demand.</p><p>Gallery images are MakerWorld creator images and/or rendered previews of the actual model, not photos of this exact made-to-order print.</p><p>Care: keep away from high heat, dishwashers, candles, and small children where parts may present a choking risk.</p><p>Attribution: Spider Christmas Bauble Ornament by GrimGreeble (@GrimGreeble), MakerWorld model 2105685, license BY-SA, source https://makerworld.com/en/models/2105685-spider-christmas-bauble-ornament</p>","14.49","","/holiday-seasonal","MakerWorld, Commercial-safe, Made to order, PLA, 3D print","No",""
"","","","14.49","","","","",""
"","","","14.49","","","","",""
"","","","14.49","","","","",""
"minimalistic-swan-2149910","Minimalistic Swan","<p><strong>Minimalistic Swan</strong> is a made-to-order PLA print based on the MakerWorld model <em>Minimalistic Swan</em> by Migo50111.</p><p>Useful as a practical desk, home, gift, or hobby accessory, it is printed after purchase in your selected color: Black, Yellow, White, Red. Each print is checked before shipping, with small layer lines normal for FDM 3D printing.</p><p>Made to order in the Bay Area. Processing time is typically 3-5 business days, and supply is unlimited because items are printed on demand.</p><p>Gallery images are MakerWorld creator images and/or rendered previews of the actual model, not photos of this exact made-to-order print.</p><p>Care: keep away from high heat, dishwashers, candles, and small children where parts may present a choking risk.</p><p>Attribution: Minimalistic Swan by Migo50111 (@user_2224549627), MakerWorld model 2149910, license BY, source https://makerworld.com/en/models/2149910-minimalistic-swan</p>","11.99","","/home-organization","MakerWorld, Commercial-safe, Made to order, PLA, 3D print","No",""
"","","","11.99","","","","",""
"","","","11.99","","","","",""
"","","","11.99","","","","",""
"sanding-block-2044701","Sanding Block","<p><strong>Sanding Block</strong> is a made-to-order PLA print based on the MakerWorld model <em>Sanding Block</em> by Onepiece21.</p><p>Useful as a practical desk, home, gift, or hobby accessory, it is printed after purchase in your selected color: Black, Yellow, White, Red. Each print is checked before shipping, with small layer lines normal for FDM 3D printing.</p><p>Made to order in the Bay Area. Processing time is typically 3-5 business days, and supply is unlimited because items are printed on demand.</p><p>Gallery images are MakerWorld creator images and/or rendered previews of the actual model, not photos of this exact made-to-order print.</p><p>Care: keep away from high heat, dishwashers, candles, and small children where parts may present a choking risk.</p><p>Attribution: Sanding Block by Onepiece21 (@Onepiece21), MakerWorld model 2044701, license CC0, source https://makerworld.com/en/models/2044701-sanding-block</p>","22.49","","/general-3d-prints","MakerWorld, Commercial-safe, Made to order, PLA, 3D print","No",""
"","","","22.49","","","","",""
"","","","22.49","","","","",""
"","","","22.49","","","","",""
"table-leg-extender-1947945","Table Leg Extender","<p><strong>Table Leg Extender</strong> is a made-to-order PLA print based on the MakerWorld model <em>Table leg extender</em> by SP_Dave.</p><p>Useful as a practical desk, home, gift, or hobby accessory, it is printed after purchase in your selected color: Black, Yellow, White, Red. Each print is checked before shipping, with small layer lines normal for FDM 3D printing.</p><p>Made to order in the Bay Area. Processing time is typically 3-5 business days, and supply is unlimited because items are printed on demand.</p><p>Gallery images are MakerWorld creator images and/or rendered previews of the actual model, not photos of this exact made-to-order print.</p><p>Care: keep away from high heat, dishwashers, candles, and small children where parts may present a choking risk.</p><p>Attribution: Table leg extender by SP_Dave (@user_4084281618), MakerWorld model 1947945, license CC0, source https://makerworld.com/en/models/1947945-table-leg-extender</p>","23.99","","/home-organization","MakerWorld, Commercial-safe, Made to order, PLA, 3D print","No",""
"","","","23.99","","","","",""
"","","","23.99","","","","",""
"","","","23.99","","","","",""
"chibi-ghost-chilling-1928180","Chibi Ghost Chilling","<p><strong>Chibi Ghost Chilling</strong> is a made-to-order PLA print based on the MakerWorld model <em>Chibi Ghost chilling</em> by maggiololore97.</p><p>Useful as a practical desk, home, gift, or hobby accessory, it is printed after purchase in your selected color: Black, Yellow, White, Red. Each print is checked before shipping, with small layer lines normal for FDM 3D printing.</p><p>Made to order in the Bay Area. Processing time is typically 3-5 business days, and supply is unlimited because items are printed on demand.</p><p>Gallery images are MakerWorld creator images and/or rendered previews of the actual model, not photos of this exact made-to-order print.</p><p>Care: keep away from high heat, dishwashers, candles, and small children where parts may present a choking risk.</p><p>Attribution: Chibi Ghost chilling by maggiololore97 (@maggiolore97), MakerWorld model 1928180, license BY-SA, source https://makerworld.com/en/models/1928180-chibi-ghost-chilling</p>","15.49","","/toys-figures","MakerWorld, Commercial-safe, Made to order, PLA, 3D print","No","https://images.squarespace-cdn.com/content/v1/6914262184e7d41fe3ac8966/e589bcbb-aac4-4687-b10c-049156961f92/chibi-ghost-chilling-1928180-01.png https://images.squarespace-cdn.com/content/v1/6914262184e7d41fe3ac8966/2671397c-9578-47ac-b693-a38f1d2d26ad/chibi-ghost-chilling-1928180-02.png https://images.squarespace-cdn.com/content/v1/6914262184e7d41fe3ac8966/6d325a19-96f9-4bf7-9f80-ad57ec808754/chibi-ghost-chilling-1928180-03.png https://images.squarespace-cdn.com/content/v1/6914262184e7d41fe3ac8966/8ba70c09-eb40-4d61-9a1f-c8f9d1c4864d/chibi-ghost-chilling-1928180-04.png https://images.squarespace-cdn.com/content/v1/6914262184e7d41fe3ac8966/2adcbe1a-e14d-4088-a05a-fc1f1acac88a/chibi-ghost-chilling-1928180-05.png"
"","","","15.49","","","","",""
"","","","15.49","","","","",""
"","","","15.49","","","","",""
"dragon-chained-to-a-rock-2323889","Dragon Chained to a Rock","<p><strong>Dragon Chained To A Rock</strong> is a made-to-order PLA print based on the MakerWorld model <em>dragon chained to a rock</em> by TMG252.</p><p>Useful as a practical desk, home, gift, or hobby accessory, it is printed after purchase in your selected color: Black, Yellow, White, Red. Each print is checked before shipping, with small layer lines normal for FDM 3D printing.</p><p>Made to order in the Bay Area. Processing time is typically 3-5 business days, and supply is unlimited because items are printed on demand.</p><p>Gallery images are MakerWorld creator images and/or rendered previews of the actual model, not photos of this exact made-to-order print.</p><p>Care: keep away from high heat, dishwashers, candles, and small children where parts may present a choking risk.</p><p>Attribution: dragon chained to a rock by TMG252 (@TMG_252), MakerWorld model 2323889, license CC0, source https://makerworld.com/en/models/2323889-dragon-chained-to-a-rock</p>","19.49","","/toys-figures","MakerWorld, Commercial-safe, Made to order, PLA, 3D print","No","https://images.squarespace-cdn.com/content/v1/6914262184e7d41fe3ac8966/f8e2405a-8c1b-4765-8f10-34bed81b035b/dragon-chained-to-a-rock-2323889-01.png https://images.squarespace-cdn.com/content/v1/6914262184e7d41fe3ac8966/31412e78-c7f3-44e1-93a8-93bfac854b2e/dragon-chained-to-a-rock-2323889-02.png https://images.squarespace-cdn.com/content/v1/6914262184e7d41fe3ac8966/d26aee87-fa15-44af-a106-849de74a5bcf/dragon-chained-to-a-rock-2323889-03.png https://images.squarespace-cdn.com/content/v1/6914262184e7d41fe3ac8966/f64b83e5-c34c-4f30-89f7-fd78f09730a0/dragon-chained-to-a-rock-2323889-04.png https://images.squarespace-cdn.com/content/v1/6914262184e7d41fe3ac8966/be9ba1e0-bc8f-444e-a440-05c634b4a02d/dragon-chained-to-a-rock-2323889-05.png"
"","","","19.49","","","","",""
"","","","19.49","","","","",""
"","","","19.49","","","","",""
"dragon-chained-to-a-rock-2-2323908","Dragon Chained to a Rock 2","<p><strong>Dragon Chained To A Rock 2</strong> is a made-to-order PLA print based on the MakerWorld model <em>dragon chained to a rock 2</em> by TMG252.</p><p>Useful as a practical desk, home, gift, or hobby accessory, it is printed after purchase in your selected color: Black, Yellow, White, Red. Each print is checked before shipping, with small layer lines normal for FDM 3D printing.</p><p>Made to order in the Bay Area. Processing time is typically 3-5 business days, and supply is unlimited because items are printed on demand.</p><p>Gallery images are MakerWorld creator images and/or rendered previews of the actual model, not photos of this exact made-to-order print.</p><p>Care: keep away from high heat, dishwashers, candles, and small children where parts may present a choking risk.</p><p>Attribution: dragon chained to a rock 2 by TMG252 (@TMG_252), MakerWorld model 2323908, license CC0, source https://makerworld.com/en/models/2323908-dragon-chained-to-a-rock-2</p>","18.49","","/toys-figures","MakerWorld, Commercial-safe, Made to order, PLA, 3D print","No","https://images.squarespace-cdn.com/content/v1/6914262184e7d41fe3ac8966/6ca36683-649b-4876-b7a0-c037092c3a74/dragon-chained-to-a-rock-2-2323908-01.png https://images.squarespace-cdn.com/content/v1/6914262184e7d41fe3ac8966/ff0bc724-aee1-47dd-8370-126460f887ad/dragon-chained-to-a-rock-2-2323908-02.png https://images.squarespace-cdn.com/content/v1/6914262184e7d41fe3ac8966/4693e9ed-c306-4e4d-8ef1-feeed29e3b72/dragon-chained-to-a-rock-2-2323908-03.png https://images.squarespace-cdn.com/content/v1/6914262184e7d41fe3ac8966/b73d5d4b-d665-439f-8cdb-74504a168ff1/dragon-chained-to-a-rock-2-2323908-04.png https://images.squarespace-cdn.com/content/v1/6914262184e7d41fe3ac8966/a9b6ccc8-4919-4c45-99b6-dfe9c831d235/dragon-chained-to-a-rock-2-2323908-05.png"
"","","","18.49","","","","",""
"","","","18.49","","","","",""
"","","","18.49","","","","",""
